image_path,bag_id,true_label,instance_probability
train/malignant/malignant (106)-rotated1-rotated1.png,bag-01a4298f9ca8,1,0.83684903383255
train/malignant/malignant (106)-rotated1-rotated2.png,bag-01a4298f9ca8,1,0.8868964314460754
train/malignant/malignant (106)-rotated1-rotated32.png,bag-01a4298f9ca8,1,0.9342842102050781
train/malignant/malignant (106)-rotated1-sharpened.png,bag-01a4298f9ca8,1,0.8168591856956482
train/malignant/malignant (106)-rotated1.png,bag-01a4298f9ca8,1,0.8302422165870667
train/malignant/malignant (106)-rotated2-rotated1.png,bag-01a4298f9ca8,1,0.8906038999557495
train/malignant/malignant (106)-rotated2-rotated2.png,bag-01a4298f9ca8,1,0.8454614877700806
train/malignant/malignant (106)-rotated2-rotated32.png,bag-01a4298f9ca8,1,0.8928734660148621
train/malignant/malignant (106)-rotated2-sharpened.png,bag-01a4298f9ca8,1,0.8203001022338867
train/malignant/malignant (106)-rotated2.png,bag-01a4298f9ca8,1,0.8450796604156494
train/malignant/malignant (106)-rotated32-rotated1.png,bag-01a4298f9ca8,1,0.8894829750061035
train/malignant/malignant (106)-rotated32-rotated2.png,bag-01a4298f9ca8,1,0.9308364987373352
train/malignant/malignant (106)-rotated32-rotated32.png,bag-01a4298f9ca8,1,0.8945419192314148
train/malignant/malignant (106)-rotated32-sharpened.png,bag-01a4298f9ca8,1,0.8398914933204651
train/malignant/malignant (106)-rotated32.png,bag-01a4298f9ca8,1,0.8822605013847351
train/malignant/malignant (106)-sharpened-rotated1.png,bag-01a4298f9ca8,1,0.8502973914146423
train/malignant/malignant (106)-sharpened-rotated2.png,bag-01a4298f9ca8,1,0.8143064379692078
train/malignant/malignant (106)-sharpened-rotated32.png,bag-01a4298f9ca8,1,0.9190641045570374
train/malignant/malignant (106)-sharpened-sharpened.png,bag-01a4298f9ca8,1,0.4967755675315857
train/malignant/malignant (106)-sharpened.png,bag-01a4298f9ca8,1,0.7816794514656067
train/malignant/malignant (106).png,bag-01a4298f9ca8,1,0.8285137414932251
val/benign/benign (6)-rotated1-rotated1.png,bag-01e91c2df96c,0,0.8797560930252075
val/benign/benign (6)-rotated1-rotated2.png,bag-01e91c2df96c,0,0.954412043094635
val/benign/benign (6)-rotated1-sharpened.png,bag-01e91c2df96c,0,0.9087786674499512
val/benign/benign (6)-rotated1.jpg,bag-01e91c2df96c,0,0.8969045877456665
val/benign/benign (6)-rotated1.png,bag-01e91c2df96c,0,0.8918868899345398
val/benign/benign (6)-rotated2-rotated1.png,bag-01e91c2df96c,0,0.9211387634277344
val/benign/benign (6)-rotated2-rotated2.png,bag-01e91c2df96c,0,0.9064937829971313
val/benign/benign (6)-rotated2-sharpened.png,bag-01e91c2df96c,0,0.956989586353302
val/benign/benign (6)-rotated2.jpg,bag-01e91c2df96c,0,0.9369449019432068
val/benign/benign (6)-rotated2.png,bag-01e91c2df96c,0,0.9108991622924805
val/benign/benign (6)-sharpened-rotated1.png,bag-01e91c2df96c,0,0.9124863147735596
val/benign/benign (6)-sharpened-rotated2.png,bag-01e91c2df96c,0,0.9250233173370361
val/benign/benign (6)-sharpened-sharpened.png,bag-01e91c2df96c,0,0.8832300305366516
val/benign/benign (6)-sharpened.jpg,bag-01e91c2df96c,0,0.9002254009246826
val/benign/benign (6)-sharpened.png,bag-01e91c2df96c,0,0.8984262943267822
val/benign/benign (6).png,bag-01e91c2df96c,0,0.8909973502159119
train/malignant/malignant (192)-rotated1-rotated1.png,bag-04474137c4ad,1,0.8094499111175537
train/malignant/malignant (192)-rotated1-rotated2.png,bag-04474137c4ad,1,0.9368759393692017
train/malignant/malignant (192)-rotated1-rotated32.png,bag-04474137c4ad,1,0.7944698929786682
train/malignant/malignant (192)-rotated1-sharpened.png,bag-04474137c4ad,1,0.8137167096138
train/malignant/malignant (192)-rotated1.png,bag-04474137c4ad,1,0.7718578577041626
train/malignant/malignant (192)-rotated2-rotated1.png,bag-04474137c4ad,1,0.8252177238464355
train/malignant/malignant (192)-rotated2-rotated2.png,bag-04474137c4ad,1,0.8391953110694885
train/malignant/malignant (192)-rotated2-rotated32.png,bag-04474137c4ad,1,0.8887035846710205
train/malignant/malignant (192)-rotated2-sharpened.png,bag-04474137c4ad,1,0.8757888674736023
train/malignant/malignant (192)-rotated2.png,bag-04474137c4ad,1,0.9074762463569641
train/malignant/malignant (192)-rotated32-rotated1.png,bag-04474137c4ad,1,0.7862182855606079
train/malignant/malignant (192)-rotated32-rotated2.png,bag-04474137c4ad,1,0.8432286381721497
train/malignant/malignant (192)-rotated32-rotated32.png,bag-04474137c4ad,1,0.9278889894485474
train/malignant/malignant (192)-rotated32-sharpened.png,bag-04474137c4ad,1,0.8749195337295532
train/malignant/malignant (192)-rotated32.png,bag-04474137c4ad,1,0.8737131357192993
train/malignant/malignant (192)-sharpened-rotated1.png,bag-04474137c4ad,1,0.8503099679946899
train/malignant/malignant (192)-sharpened-rotated2.png,bag-04474137c4ad,1,0.9171783924102783
train/malignant/malignant (192)-sharpened-rotated32.png,bag-04474137c4ad,1,0.8540965914726257
train/malignant/malignant (192)-sharpened-sharpened.png,bag-04474137c4ad,1,0.7536287307739258
train/malignant/malignant (192)-sharpened.png,bag-04474137c4ad,1,0.7274652719497681
train/malignant/malignant (192).png,bag-04474137c4ad,1,0.6351142525672913
train/benign/benign (179)-rotated1-rotated1.png,bag-05d8f8e1658b,0,0.6620504856109619
train/benign/benign (179)-rotated1-rotated2.png,bag-05d8f8e1658b,0,0.6371280550956726
train/benign/benign (179)-rotated1-sharpened.png,bag-05d8f8e1658b,0,0.8048384785652161
train/benign/benign (179)-rotated1.jpg,bag-05d8f8e1658b,0,0.6014264225959778
train/benign/benign (179)-rotated1.png,bag-05d8f8e1658b,0,0.6291484236717224
train/benign/benign (179)-rotated2-rotated1.png,bag-05d8f8e1658b,0,0.7820265293121338
train/benign/benign (179)-rotated2-rotated2.png,bag-05d8f8e1658b,0,0.7590740919113159
train/benign/benign (179)-rotated2-sharpened.png,bag-05d8f8e1658b,0,0.7653665542602539
train/benign/benign (179)-rotated2.jpg,bag-05d8f8e1658b,0,0.6499183177947998
train/benign/benign (179)-rotated2.png,bag-05d8f8e1658b,0,0.7180886268615723
train/benign/benign (179)-sharpened-rotated1.png,bag-05d8f8e1658b,0,0.6768879294395447
train/benign/benign (179)-sharpened-rotated2.png,bag-05d8f8e1658b,0,0.7110998034477234
train/benign/benign (179)-sharpened-sharpened.png,bag-05d8f8e1658b,0,0.8838280439376831
train/benign/benign (179)-sharpened.jpg,bag-05d8f8e1658b,0,0.8952435255050659
train/benign/benign (179)-sharpened.png,bag-05d8f8e1658b,0,0.8927637338638306
train/benign/benign (179).png,bag-05d8f8e1658b,0,0.7931876182556152
train/benign/benign (232)-rotated1-rotated1.png,bag-060f7dd20be5,0,0.8060910105705261
train/benign/benign (232)-rotated1-rotated2.png,bag-060f7dd20be5,0,0.8504418730735779
train/benign/benign (232)-rotated1-sharpened.png,bag-060f7dd20be5,0,0.866917073726654
train/benign/benign (232)-rotated1.jpg,bag-060f7dd20be5,0,0.80418860912323
train/benign/benign (232)-rotated1.png,bag-060f7dd20be5,0,0.8506733179092407
train/benign/benign (232)-rotated2-rotated1.png,bag-060f7dd20be5,0,0.9259562492370605
train/benign/benign (232)-rotated2-rotated2.png,bag-060f7dd20be5,0,0.922677755355835
train/benign/benign (232)-rotated2-sharpened.png,bag-060f7dd20be5,0,0.9592433571815491
train/benign/benign (232)-rotated2.jpg,bag-060f7dd20be5,0,0.8820037245750427
train/benign/benign (232)-rotated2.png,bag-060f7dd20be5,0,0.8188340067863464
train/benign/benign (232)-sharpened-rotated1.png,bag-060f7dd20be5,0,0.8472499251365662
train/benign/benign (232)-sharpened-rotated2.png,bag-060f7dd20be5,0,0.8707011938095093
train/benign/benign (232)-sharpened-sharpened.png,bag-060f7dd20be5,0,0.8541256189346313
train/benign/benign (232)-sharpened.jpg,bag-060f7dd20be5,0,0.8369585871696472
train/benign/benign (232)-sharpened.png,bag-060f7dd20be5,0,0.8326141834259033
train/benign/benign (232).png,bag-060f7dd20be5,0,0.8011569380760193
train/benign/benign (145)-rotated1-rotated1.png,bag-0742c6d530b5,0,0.7281429767608643
train/benign/benign (145)-rotated1-rotated2.png,bag-0742c6d530b5,0,0.7851578593254089
train/benign/benign (145)-rotated1-sharpened.png,bag-0742c6d530b5,0,0.47327038645744324
train/benign/benign (145)-rotated1.jpg,bag-0742c6d530b5,0,0.5927901864051819
train/benign/benign (145)-rotated1.png,bag-0742c6d530b5,0,0.5867697596549988
train/benign/benign (145)-rotated2-rotated1.png,bag-0742c6d530b5,0,0.7572864890098572
train/benign/benign (145)-rotated2-rotated2.png,bag-0742c6d530b5,0,0.8326085209846497
train/benign/benign (145)-rotated2-sharpened.png,bag-0742c6d530b5,0,0.7275086045265198
train/benign/benign (145)-rotated2.jpg,bag-0742c6d530b5,0,0.6504191756248474
train/benign/benign (145)-rotated2.png,bag-0742c6d530b5,0,0.7601742744445801
train/benign/benign (145)-sharpened-rotated1.png,bag-0742c6d530b5,0,0.7261338233947754
train/benign/benign (145)-sharpened-rotated2.png,bag-0742c6d530b5,0,0.7300317287445068
train/benign/benign (145)-sharpened-sharpened.png,bag-0742c6d530b5,0,0.6721763014793396
train/benign/benign (145)-sharpened.jpg,bag-0742c6d530b5,0,0.6660765409469604
train/benign/benign (145)-sharpened.png,bag-0742c6d530b5,0,0.6611347794532776
train/benign/benign (145).png,bag-0742c6d530b5,0,0.5600106716156006
train/benign/benign (137)-rotated1-rotated1.png,bag-075cb3c0daf5,0,0.5851992964744568
train/benign/benign (137)-rotated1-rotated2.png,bag-075cb3c0daf5,0,0.7475980520248413
train/benign/benign (137)-rotated1-sharpened.png,bag-075cb3c0daf5,0,0.48426908254623413
train/benign/benign (137)-rotated1.jpg,bag-075cb3c0daf5,0,0.6006397604942322
train/benign/benign (137)-rotated1.png,bag-075cb3c0daf5,0,0.6337180137634277
train/benign/benign (137)-rotated2-rotated1.png,bag-075cb3c0daf5,0,0.7061171531677246
train/benign/benign (137)-rotated2-rotated2.png,bag-075cb3c0daf5,0,0.6263365745544434
train/benign/benign (137)-rotated2-sharpened.png,bag-075cb3c0daf5,0,0.4765812158584595
train/benign/benign (137)-rotated2.jpg,bag-075cb3c0daf5,0,0.7461547255516052
train/benign/benign (137)-rotated2.png,bag-075cb3c0daf5,0,0.8044276237487793
train/benign/benign (137)-sharpened-rotated1.png,bag-075cb3c0daf5,0,0.6061437129974365
train/benign/benign (137)-sharpened-rotated2.png,bag-075cb3c0daf5,0,0.49633485078811646
train/benign/benign (137)-sharpened-sharpened.png,bag-075cb3c0daf5,0,0.5118704438209534
train/benign/benign (137)-sharpened.jpg,bag-075cb3c0daf5,0,0.4461861252784729
train/benign/benign (137)-sharpened.png,bag-075cb3c0daf5,0,0.44042766094207764
train/benign/benign (137).png,bag-075cb3c0daf5,0,0.49007266759872437
val/benign/benign (17)-rotated1-rotated1.png,bag-0761a62689a2,0,0.37371230125427246
val/benign/benign (17)-rotated1-rotated2.png,bag-0761a62689a2,0,0.3797135055065155
val/benign/benign (17)-rotated1-sharpened.png,bag-0761a62689a2,0,0.40280336141586304
val/benign/benign (17)-rotated1.jpg,bag-0761a62689a2,0,0.41360363364219666
val/benign/benign (17)-rotated1.png,bag-0761a62689a2,0,0.458019495010376
val/benign/benign (17)-rotated2-rotated1.png,bag-0761a62689a2,0,0.47166895866394043
val/benign/benign (17)-rotated2-rotated2.png,bag-0761a62689a2,0,0.5742223262786865
val/benign/benign (17)-rotated2-sharpened.png,bag-0761a62689a2,0,0.4892462193965912
val/benign/benign (17)-rotated2.jpg,bag-0761a62689a2,0,0.34477630257606506
val/benign/benign (17)-rotated2.png,bag-0761a62689a2,0,0.3835815489292145
val/benign/benign (17)-sharpened-rotated1.png,bag-0761a62689a2,0,0.42193713784217834
val/benign/benign (17)-sharpened-rotated2.png,bag-0761a62689a2,0,0.3875007927417755
val/benign/benign (17)-sharpened-sharpened.png,bag-0761a62689a2,0,0.51136314868927
val/benign/benign (17)-sharpened.jpg,bag-0761a62689a2,0,0.5081061720848083
val/benign/benign (17)-sharpened.png,bag-0761a62689a2,0,0.4991207718849182
val/benign/benign (17).png,bag-0761a62689a2,0,0.41520002484321594
train/malignant/malignant (137)-rotated1-rotated1.png,bag-07ef57ef2181,1,0.9805013537406921
train/malignant/malignant (137)-rotated1-rotated2.png,bag-07ef57ef2181,1,0.981849730014801
train/malignant/malignant (137)-rotated1-rotated32.png,bag-07ef57ef2181,1,0.9805013537406921
train/malignant/malignant (137)-rotated1-sharpened.png,bag-07ef57ef2181,1,0.9769845008850098
train/malignant/malignant (137)-rotated1.png,bag-07ef57ef2181,1,0.9833258390426636
train/malignant/malignant (137)-rotated2-rotated1.png,bag-07ef57ef2181,1,0.9827590584754944
train/malignant/malignant (137)-rotated2-rotated2.png,bag-07ef57ef2181,1,0.9815025925636292
train/malignant/malignant (137)-rotated2-rotated32.png,bag-07ef57ef2181,1,0.9876834750175476
train/malignant/malignant (137)-rotated2-sharpened.png,bag-07ef57ef2181,1,0.9839420914649963
train/malignant/malignant (137)-rotated2.png,bag-07ef57ef2181,1,0.9838219285011292
train/malignant/malignant (137)-rotated32-rotated1.png,bag-07ef57ef2181,1,0.9833199381828308
train/malignant/malignant (137)-rotated32-rotated2.png,bag-07ef57ef2181,1,0.9825589656829834
train/malignant/malignant (137)-rotated32-rotated32.png,bag-07ef57ef2181,1,0.9840462803840637
train/malignant/malignant (137)-rotated32-sharpened.png,bag-07ef57ef2181,1,0.9838656783103943
train/malignant/malignant (137)-rotated32.png,bag-07ef57ef2181,1,0.9883379340171814
train/malignant/malignant (137)-sharpened-rotated1.png,bag-07ef57ef2181,1,0.9824819564819336
train/malignant/malignant (137)-sharpened-rotated2.png,bag-07ef57ef2181,1,0.9840173125267029
train/malignant/malignant (137)-sharpened-rotated32.png,bag-07ef57ef2181,1,0.9816805124282837
train/malignant/malignant (137)-sharpened-sharpened.png,bag-07ef57ef2181,1,0.9769468903541565
train/malignant/malignant (137)-sharpened.png,bag-07ef57ef2181,1,0.9815712571144104
train/malignant/malignant (137).png,bag-07ef57ef2181,1,0.9792855381965637
train/malignant/malignant (85)-rotated1-rotated1.png,bag-080bda0029eb,1,0.9610411524772644
train/malignant/malignant (85)-rotated1-rotated2.png,bag-080bda0029eb,1,0.9557543396949768
train/malignant/malignant (85)-rotated1-rotated32.png,bag-080bda0029eb,1,0.9587739706039429
train/malignant/malignant (85)-rotated1-sharpened.png,bag-080bda0029eb,1,0.8960668444633484
train/malignant/malignant (85)-rotated1.png,bag-080bda0029eb,1,0.9598492383956909
train/malignant/malignant (85)-rotated2-rotated1.png,bag-080bda0029eb,1,0.9549229145050049
train/malignant/malignant (85)-rotated2-rotated2.png,bag-080bda0029eb,1,0.9833731055259705
train/malignant/malignant (85)-rotated2-rotated32.png,bag-080bda0029eb,1,0.9839935302734375
train/malignant/malignant (85)-rotated2-sharpened.png,bag-080bda0029eb,1,0.907853364944458
train/malignant/malignant (85)-rotated2.png,bag-080bda0029eb,1,0.9626744985580444
train/malignant/malignant (85)-rotated32-rotated1.png,bag-080bda0029eb,1,0.971646249294281
train/malignant/malignant (85)-rotated32-rotated2.png,bag-080bda0029eb,1,0.951127290725708
train/malignant/malignant (85)-rotated32-rotated32.png,bag-080bda0029eb,1,0.9848981499671936
train/malignant/malignant (85)-rotated32-sharpened.png,bag-080bda0029eb,1,0.9421735405921936
train/malignant/malignant (85)-rotated32.png,bag-080bda0029eb,1,0.9893156290054321
train/malignant/malignant (85)-sharpened-rotated1.png,bag-080bda0029eb,1,0.9528276324272156
train/malignant/malignant (85)-sharpened-rotated2.png,bag-080bda0029eb,1,0.9815859198570251
train/malignant/malignant (85)-sharpened-rotated32.png,bag-080bda0029eb,1,0.9577206373214722
train/malignant/malignant (85)-sharpened-sharpened.png,bag-080bda0029eb,1,0.9152783155441284
train/malignant/malignant (85)-sharpened.png,bag-080bda0029eb,1,0.9421735405921936
train/malignant/malignant (85).png,bag-080bda0029eb,1,0.933709442615509
train/benign/benign (176)-rotated1-rotated1.png,bag-0a03598ae538,0,0.5516679883003235
train/benign/benign (176)-rotated1-rotated2.png,bag-0a03598ae538,0,0.5839271545410156
train/benign/benign (176)-rotated1-sharpened.png,bag-0a03598ae538,0,0.6630111336708069
train/benign/benign (176)-rotated1.jpg,bag-0a03598ae538,0,0.5368555784225464
train/benign/benign (176)-rotated1.png,bag-0a03598ae538,0,0.5438371300697327
train/benign/benign (176)-rotated2-rotated1.png,bag-0a03598ae538,0,0.6050350069999695
train/benign/benign (176)-rotated2-rotated2.png,bag-0a03598ae538,0,0.5606915354728699
train/benign/benign (176)-rotated2-sharpened.png,bag-0a03598ae538,0,0.6228708028793335
train/benign/benign (176)-rotated2.jpg,bag-0a03598ae538,0,0.5719336271286011
train/benign/benign (176)-rotated2.png,bag-0a03598ae538,0,0.5182058215141296
train/benign/benign (176)-sharpened-rotated1.png,bag-0a03598ae538,0,0.6008053421974182
train/benign/benign (176)-sharpened-rotated2.png,bag-0a03598ae538,0,0.7384012937545776
train/benign/benign (176)-sharpened-sharpened.png,bag-0a03598ae538,0,0.6133033633232117
train/benign/benign (176)-sharpened.jpg,bag-0a03598ae538,0,0.7717814445495605
train/benign/benign (176)-sharpened.png,bag-0a03598ae538,0,0.7681349515914917
train/benign/benign (176).png,bag-0a03598ae538,0,0.5431278347969055
train/benign/benign (218)-rotated1-rotated1.png,bag-0aac831fa8d1,0,0.18502730131149292
train/benign/benign (218)-rotated1-rotated2.png,bag-0aac831fa8d1,0,0.11011011898517609
train/benign/benign (218)-rotated1-sharpened.png,bag-0aac831fa8d1,0,0.08515224605798721
train/benign/benign (218)-rotated1.jpg,bag-0aac831fa8d1,0,0.21247486770153046
train/benign/benign (218)-rotated1.png,bag-0aac831fa8d1,0,0.23039205372333527
train/benign/benign (218)-rotated2-rotated1.png,bag-0aac831fa8d1,0,0.259575217962265
train/benign/benign (218)-rotated2-rotated2.png,bag-0aac831fa8d1,0,0.25815585255622864
train/benign/benign (218)-rotated2-sharpened.png,bag-0aac831fa8d1,0,0.36175814270973206
train/benign/benign (218)-rotated2.jpg,bag-0aac831fa8d1,0,0.18771666288375854
train/benign/benign (218)-rotated2.png,bag-0aac831fa8d1,0,0.22588373720645905
train/benign/benign (218)-sharpened-rotated1.png,bag-0aac831fa8d1,0,0.15035295486450195
train/benign/benign (218)-sharpened-rotated2.png,bag-0aac831fa8d1,0,0.09929866343736649
train/benign/benign (218)-sharpened-sharpened.png,bag-0aac831fa8d1,0,0.14142194390296936
train/benign/benign (218)-sharpened.jpg,bag-0aac831fa8d1,0,0.09864606708288193
train/benign/benign (218)-sharpened.png,bag-0aac831fa8d1,0,0.09929866343736649
train/benign/benign (218).png,bag-0aac831fa8d1,0,0.13585582375526428
train/benign/benign (77)-rotated1-rotated1.png,bag-0b06c7240618,0,0.8506968021392822
train/benign/benign (77)-rotated1-rotated2.png,bag-0b06c7240618,0,0.9596173167228699
train/benign/benign (77)-rotated1-sharpened.png,bag-0b06c7240618,0,0.800902247428894
train/benign/benign (77)-rotated1.jpg,bag-0b06c7240618,0,0.9021919965744019
train/benign/benign (77)-rotated1.png,bag-0b06c7240618,0,0.8640679121017456
train/benign/benign (77)-rotated2-rotated1.png,bag-0b06c7240618,0,0.9721759557723999
train/benign/benign (77)-rotated2-rotated2.png,bag-0b06c7240618,0,0.9542329907417297
train/benign/benign (77)-rotated2-sharpened.png,bag-0b06c7240618,0,0.9735976457595825
train/benign/benign (77)-rotated2.jpg,bag-0b06c7240618,0,0.9279191493988037
train/benign/benign (77)-rotated2.png,bag-0b06c7240618,0,0.8876930475234985
train/benign/benign (77)-sharpened-rotated1.png,bag-0b06c7240618,0,0.8451390266418457
train/benign/benign (77)-sharpened-rotated2.png,bag-0b06c7240618,0,0.9538957476615906
train/benign/benign (77)-sharpened-sharpened.png,bag-0b06c7240618,0,0.8657665848731995
train/benign/benign (77)-sharpened.jpg,bag-0b06c7240618,0,0.8179791569709778
train/benign/benign (77)-sharpened.png,bag-0b06c7240618,0,0.8144352436065674
train/benign/benign (77).png,bag-0b06c7240618,0,0.8430793881416321
train/benign/benign (61)-rotated1-rotated1.png,bag-0c1bed55cafc,0,0.8628183603286743
train/benign/benign (61)-rotated1-rotated2.png,bag-0c1bed55cafc,0,0.9300302863121033
train/benign/benign (61)-rotated1-sharpened.png,bag-0c1bed55cafc,0,0.8842519521713257
train/benign/benign (61)-rotated1.jpg,bag-0c1bed55cafc,0,0.8739311099052429
train/benign/benign (61)-rotated1.png,bag-0c1bed55cafc,0,0.8556996583938599
train/benign/benign (61)-rotated2-rotated1.png,bag-0c1bed55cafc,0,0.8896634578704834
train/benign/benign (61)-rotated2-rotated2.png,bag-0c1bed55cafc,0,0.958669126033783
train/benign/benign (61)-rotated2-sharpened.png,bag-0c1bed55cafc,0,0.8915933966636658
train/benign/benign (61)-rotated2.jpg,bag-0c1bed55cafc,0,0.8868757486343384
train/benign/benign (61)-rotated2.png,bag-0c1bed55cafc,0,0.8423964977264404
train/benign/benign (61)-sharpened-rotated1.png,bag-0c1bed55cafc,0,0.8793840408325195
train/benign/benign (61)-sharpened-rotated2.png,bag-0c1bed55cafc,0,0.8520547151565552
train/benign/benign (61)-sharpened-sharpened.png,bag-0c1bed55cafc,0,0.7152696251869202
train/benign/benign (61)-sharpened.jpg,bag-0c1bed55cafc,0,0.8858991861343384
train/benign/benign (61)-sharpened.png,bag-0c1bed55cafc,0,0.8830970525741577
train/benign/benign (61).png,bag-0c1bed55cafc,0,0.8418958187103271
train/benign/benign (136)-rotated1-rotated1.png,bag-0d50aa7080cf,0,0.12678317725658417
train/benign/benign (136)-rotated1-rotated2.png,bag-0d50aa7080cf,0,0.17874278128147125
train/benign/benign (136)-rotated1-sharpened.png,bag-0d50aa7080cf,0,0.09245365858078003
train/benign/benign (136)-rotated1.jpg,bag-0d50aa7080cf,0,0.15250244736671448
train/benign/benign (136)-rotated1.png,bag-0d50aa7080cf,0,0.1149488165974617
train/benign/benign (136)-rotated2-rotated1.png,bag-0d50aa7080cf,0,0.15521232783794403
train/benign/benign (136)-rotated2-rotated2.png,bag-0d50aa7080cf,0,0.15521232783794403
train/benign/benign (136)-rotated2-sharpened.png,bag-0d50aa7080cf,0,0.1641455590724945
train/benign/benign (136)-rotated2.jpg,bag-0d50aa7080cf,0,0.13010284304618835
train/benign/benign (136)-rotated2.png,bag-0d50aa7080cf,0,0.12530477344989777
train/benign/benign (136)-sharpened-rotated1.png,bag-0d50aa7080cf,0,0.07267279922962189
train/benign/benign (136)-sharpened-rotated2.png,bag-0d50aa7080cf,0,0.06756044924259186
train/benign/benign (136)-sharpened-sharpened.png,bag-0d50aa7080cf,0,0.2780288755893707
train/benign/benign (136)-sharpened.jpg,bag-0d50aa7080cf,0,0.1915442794561386
train/benign/benign (136)-sharpened.png,bag-0d50aa7080cf,0,0.18615736067295074
train/benign/benign (136).png,bag-0d50aa7080cf,0,0.15089139342308044
train/benign/benign (269)-rotated1-rotated1.png,bag-0e668c579d1e,0,0.782944917678833
train/benign/benign (269)-rotated1-rotated2.png,bag-0e668c579d1e,0,0.8211926221847534
train/benign/benign (269)-rotated1-sharpened.png,bag-0e668c579d1e,0,0.8005348443984985
train/benign/benign (269)-rotated1.jpg,bag-0e668c579d1e,0,0.8367857336997986
train/benign/benign (269)-rotated1.png,bag-0e668c579d1e,0,0.8153614401817322
train/benign/benign (269)-rotated2-rotated1.png,bag-0e668c579d1e,0,0.8350256681442261
train/benign/benign (269)-rotated2-rotated2.png,bag-0e668c579d1e,0,0.8885349631309509
train/benign/benign (269)-rotated2-sharpened.png,bag-0e668c579d1e,0,0.7711625695228577
train/benign/benign (269)-rotated2.jpg,bag-0e668c579d1e,0,0.8057200312614441
train/benign/benign (269)-rotated2.png,bag-0e668c579d1e,0,0.8172497749328613
train/benign/benign (269)-sharpened-rotated1.png,bag-0e668c579d1e,0,0.8005348443984985
train/benign/benign (269)-sharpened-rotated2.png,bag-0e668c579d1e,0,0.7222465872764587
train/benign/benign (269)-sharpened-sharpened.png,bag-0e668c579d1e,0,0.8283092975616455
train/benign/benign (269)-sharpened.jpg,bag-0e668c579d1e,0,0.8070964813232422
train/benign/benign (269)-sharpened.png,bag-0e668c579d1e,0,0.8005348443984985
train/benign/benign (269).png,bag-0e668c579d1e,0,0.7915447950363159
val/malignant/malignant (7)-rotated1-rotated1.png,bag-0e9e3f410b4b,1,0.9498789310455322
val/malignant/malignant (7)-rotated1-rotated2.png,bag-0e9e3f410b4b,1,0.9563127160072327
val/malignant/malignant (7)-rotated1-rotated32.png,bag-0e9e3f410b4b,1,0.9483057260513306
val/malignant/malignant (7)-rotated1-sharpened.png,bag-0e9e3f410b4b,1,0.9584102034568787
val/malignant/malignant (7)-rotated1.png,bag-0e9e3f410b4b,1,0.9565567970275879
val/malignant/malignant (7)-rotated2-rotated1.png,bag-0e9e3f410b4b,1,0.9639816880226135
val/malignant/malignant (7)-rotated2-rotated2.png,bag-0e9e3f410b4b,1,0.963812530040741
val/malignant/malignant (7)-rotated2-rotated32.png,bag-0e9e3f410b4b,1,0.9698334336280823
val/malignant/malignant (7)-rotated2-sharpened.png,bag-0e9e3f410b4b,1,0.9555421471595764
val/malignant/malignant (7)-rotated2.png,bag-0e9e3f410b4b,1,0.9692352414131165
val/malignant/malignant (7)-rotated32-rotated1.png,bag-0e9e3f410b4b,1,0.9593634605407715
val/malignant/malignant (7)-rotated32-rotated2.png,bag-0e9e3f410b4b,1,0.9511412382125854
val/malignant/malignant (7)-rotated32-rotated32.png,bag-0e9e3f410b4b,1,0.9389193654060364
val/malignant/malignant (7)-rotated32-sharpened.png,bag-0e9e3f410b4b,1,0.9659417271614075
val/malignant/malignant (7)-rotated32.png,bag-0e9e3f410b4b,1,0.9556419849395752
val/malignant/malignant (7)-sharpened-rotated1.png,bag-0e9e3f410b4b,1,0.9527587294578552
val/malignant/malignant (7)-sharpened-rotated2.png,bag-0e9e3f410b4b,1,0.9653100371360779
val/malignant/malignant (7)-sharpened-rotated32.png,bag-0e9e3f410b4b,1,0.9693966507911682
val/malignant/malignant (7)-sharpened-sharpened.png,bag-0e9e3f410b4b,1,0.9395133852958679
val/malignant/malignant (7)-sharpened.png,bag-0e9e3f410b4b,1,0.9660929441452026
val/malignant/malignant (7).png,bag-0e9e3f410b4b,1,0.9547421336174011
val/malignant/malignant (8)-rotated1-rotated1.png,bag-0f1b87dc563a,1,0.9627468585968018
val/malignant/malignant (8)-rotated1-rotated2.png,bag-0f1b87dc563a,1,0.9560743570327759
val/malignant/malignant (8)-rotated1-rotated32.png,bag-0f1b87dc563a,1,0.9510395526885986
val/malignant/malignant (8)-rotated1-sharpened.png,bag-0f1b87dc563a,1,0.9619754552841187
val/malignant/malignant (8)-rotated1.png,bag-0f1b87dc563a,1,0.9611443281173706
val/malignant/malignant (8)-rotated2-rotated1.png,bag-0f1b87dc563a,1,0.9590156674385071
val/malignant/malignant (8)-rotated2-rotated2.png,bag-0f1b87dc563a,1,0.9424499869346619
val/malignant/malignant (8)-rotated2-rotated32.png,bag-0f1b87dc563a,1,0.964451253414154
val/malignant/malignant (8)-rotated2-sharpened.png,bag-0f1b87dc563a,1,0.96916663646698
val/malignant/malignant (8)-rotated2.png,bag-0f1b87dc563a,1,0.9719064235687256
val/malignant/malignant (8)-rotated32-rotated1.png,bag-0f1b87dc563a,1,0.9524620771408081
val/malignant/malignant (8)-rotated32-rotated2.png,bag-0f1b87dc563a,1,0.9481415152549744
val/malignant/malignant (8)-rotated32-rotated32.png,bag-0f1b87dc563a,1,0.9501987099647522
val/malignant/malignant (8)-rotated32-sharpened.png,bag-0f1b87dc563a,1,0.9670416712760925
val/malignant/malignant (8)-rotated32.png,bag-0f1b87dc563a,1,0.958463191986084
val/malignant/malignant (8)-sharpened-rotated1.png,bag-0f1b87dc563a,1,0.9708243608474731
val/malignant/malignant (8)-sharpened-rotated2.png,bag-0f1b87dc563a,1,0.9689271450042725
val/malignant/malignant (8)-sharpened-rotated32.png,bag-0f1b87dc563a,1,0.972588300704956
val/malignant/malignant (8)-sharpened-sharpened.png,bag-0f1b87dc563a,1,0.9470184445381165
val/malignant/malignant (8)-sharpened.png,bag-0f1b87dc563a,1,0.9554556012153625
val/malignant/malignant (8).png,bag-0f1b87dc563a,1,0.9546332955360413
train/benign/benign (173)-rotated1-rotated1.png,bag-0f4748d74b76,0,0.20767934620380402
train/benign/benign (173)-rotated1-rotated2.png,bag-0f4748d74b76,0,0.2664536237716675
train/benign/benign (173)-rotated1-sharpened.png,bag-0f4748d74b76,0,0.06937770545482635
train/benign/benign (173)-rotated1.jpg,bag-0f4748d74b76,0,0.09961503744125366
train/benign/benign (173)-rotated1.png,bag-0f4748d74b76,0,0.08692359924316406
train/benign/benign (173)-rotated2-rotated1.png,bag-0f4748d74b76,0,0.21840129792690277
train/benign/benign (173)-rotated2-rotated2.png,bag-0f4748d74b76,0,0.1888246089220047
train/benign/benign (173)-rotated2-sharpened.png,bag-0f4748d74b76,0,0.09437697380781174
train/benign/benign (173)-rotated2.jpg,bag-0f4748d74b76,0,0.09255875647068024
train/benign/benign (173)-rotated2.png,bag-0f4748d74b76,0,0.23509307205677032
train/benign/benign (173)-sharpened-rotated1.png,bag-0f4748d74b76,0,0.03599821776151657
train/benign/benign (173)-sharpened-rotated2.png,bag-0f4748d74b76,0,0.05007106810808182
train/benign/benign (173)-sharpened-sharpened.png,bag-0f4748d74b76,0,0.13216307759284973
train/benign/benign (173)-sharpened.jpg,bag-0f4748d74b76,0,0.06207413971424103
train/benign/benign (173)-sharpened.png,bag-0f4748d74b76,0,0.06111584231257439
train/benign/benign (173).png,bag-0f4748d74b76,0,0.08861719071865082
train/malignant/malignant (78)-rotated1-rotated1.png,bag-10bdcf1b5ba7,1,0.8753271102905273
train/malignant/malignant (78)-rotated1-rotated2.png,bag-10bdcf1b5ba7,1,0.8554730415344238
train/malignant/malignant (78)-rotated1-rotated32.png,bag-10bdcf1b5ba7,1,0.8840954303741455
train/malignant/malignant (78)-rotated1-sharpened.png,bag-10bdcf1b5ba7,1,0.9355373382568359
train/malignant/malignant (78)-rotated1.png,bag-10bdcf1b5ba7,1,0.8978075981140137
train/malignant/malignant (78)-rotated2-rotated1.png,bag-10bdcf1b5ba7,1,0.8971045017242432
train/malignant/malignant (78)-rotated2-rotated2.png,bag-10bdcf1b5ba7,1,0.9145436882972717
train/malignant/malignant (78)-rotated2-rotated32.png,bag-10bdcf1b5ba7,1,0.8431125283241272
train/malignant/malignant (78)-rotated2-sharpened.png,bag-10bdcf1b5ba7,1,0.9144762754440308
train/malignant/malignant (78)-rotated2.png,bag-10bdcf1b5ba7,1,0.921782910823822
train/malignant/malignant (78)-rotated32-rotated1.png,bag-10bdcf1b5ba7,1,0.9025804400444031
train/malignant/malignant (78)-rotated32-rotated2.png,bag-10bdcf1b5ba7,1,0.9163645505905151
train/malignant/malignant (78)-rotated32-rotated32.png,bag-10bdcf1b5ba7,1,0.9068465232849121
train/malignant/malignant (78)-rotated32-sharpened.png,bag-10bdcf1b5ba7,1,0.9123400449752808
train/malignant/malignant (78)-rotated32.png,bag-10bdcf1b5ba7,1,0.9347102642059326
train/malignant/malignant (78)-sharpened-rotated1.png,bag-10bdcf1b5ba7,1,0.9247342348098755
train/malignant/malignant (78)-sharpened-rotated2.png,bag-10bdcf1b5ba7,1,0.8372228741645813
train/malignant/malignant (78)-sharpened-rotated32.png,bag-10bdcf1b5ba7,1,0.92305588722229
train/malignant/malignant (78)-sharpened-sharpened.png,bag-10bdcf1b5ba7,1,0.8921310305595398
train/malignant/malignant (78)-sharpened.png,bag-10bdcf1b5ba7,1,0.9512076377868652
train/malignant/malignant (78).png,bag-10bdcf1b5ba7,1,0.9321638941764832
train/benign/benign (84)-rotated1-rotated1.png,bag-10c1dd61cfc4,0,0.0652891993522644
train/benign/benign (84)-rotated1-rotated2.png,bag-10c1dd61cfc4,0,0.12195276468992233
train/benign/benign (84)-rotated1-sharpened.png,bag-10c1dd61cfc4,0,0.020051807165145874
train/benign/benign (84)-rotated1.jpg,bag-10c1dd61cfc4,0,0.041670143604278564
train/benign/benign (84)-rotated1.png,bag-10c1dd61cfc4,0,0.09537575393915176
train/benign/benign (84)-rotated2-rotated1.png,bag-10c1dd61cfc4,0,0.06609480828046799
train/benign/benign (84)-rotated2-rotated2.png,bag-10c1dd61cfc4,0,0.05624934658408165
train/benign/benign (84)-rotated2-sharpened.png,bag-10c1dd61cfc4,0,0.037134066224098206
train/benign/benign (84)-rotated2.jpg,bag-10c1dd61cfc4,0,0.08513188362121582
train/benign/benign (84)-rotated2.png,bag-10c1dd61cfc4,0,0.05595116689801216
train/benign/benign (84)-sharpened-rotated1.png,bag-10c1dd61cfc4,0,0.03310747072100639
train/benign/benign (84)-sharpened-rotated2.png,bag-10c1dd61cfc4,0,0.027541041374206543
train/benign/benign (84)-sharpened-sharpened.png,bag-10c1dd61cfc4,0,0.10713507980108261
train/benign/benign (84)-sharpened.jpg,bag-10c1dd61cfc4,0,0.028969353064894676
train/benign/benign (84)-sharpened.png,bag-10c1dd61cfc4,0,0.027541041374206543
train/benign/benign (84).png,bag-10c1dd61cfc4,0,0.04136982560157776
train/benign/benign (283)-rotated1-rotated1.png,bag-12b5679a6584,0,0.95109623670578
train/benign/benign (283)-rotated1-rotated2.png,bag-12b5679a6584,0,0.9157857894897461
train/benign/benign (283)-rotated1-sharpened.png,bag-12b5679a6584,0,0.8886979222297668
train/benign/benign (283)-rotated1.jpg,bag-12b5679a6584,0,0.88746178150177
train/benign/benign (283)-rotated1.png,bag-12b5679a6584,0,0.7719001770019531
train/benign/benign (283)-rotated2-rotated1.png,bag-12b5679a6584,0,0.9282797574996948
train/benign/benign (283)-rotated2-rotated2.png,bag-12b5679a6584,0,0.9659886956214905
train/benign/benign (283)-rotated2-sharpened.png,bag-12b5679a6584,0,0.9064136147499084
train/benign/benign (283)-rotated2.jpg,bag-12b5679a6584,0,0.9419590830802917
train/benign/benign (283)-rotated2.png,bag-12b5679a6584,0,0.8190426826477051
train/benign/benign (283)-sharpened-rotated1.png,bag-12b5679a6584,0,0.8474327325820923
train/benign/benign (283)-sharpened-rotated2.png,bag-12b5679a6584,0,0.8940930366516113
train/benign/benign (283)-sharpened-sharpened.png,bag-12b5679a6584,0,0.7050498127937317
train/benign/benign (283)-sharpened.jpg,bag-12b5679a6584,0,0.7641099095344543
train/benign/benign (283)-sharpened.png,bag-12b5679a6584,0,0.7618021965026855
train/benign/benign (283).png,bag-12b5679a6584,0,0.7718716263771057
train/benign/benign (211)-rotated1-rotated1.png,bag-134451698699,0,0.586754322052002
train/benign/benign (211)-rotated1-rotated2.png,bag-134451698699,0,0.5760193467140198
train/benign/benign (211)-rotated1-sharpened.png,bag-134451698699,0,0.5912721753120422
train/benign/benign (211)-rotated1.jpg,bag-134451698699,0,0.621017336845398
train/benign/benign (211)-rotated1.png,bag-134451698699,0,0.6370006203651428
train/benign/benign (211)-rotated2-rotated1.png,bag-134451698699,0,0.6276586651802063
train/benign/benign (211)-rotated2-rotated2.png,bag-134451698699,0,0.7210909128189087
train/benign/benign (211)-rotated2-sharpened.png,bag-134451698699,0,0.6611490845680237
train/benign/benign (211)-rotated2.jpg,bag-134451698699,0,0.6257834434509277
train/benign/benign (211)-rotated2.png,bag-134451698699,0,0.7987913489341736
train/benign/benign (211)-sharpened-rotated1.png,bag-134451698699,0,0.6435152888298035
train/benign/benign (211)-sharpened-rotated2.png,bag-134451698699,0,0.7186835408210754
train/benign/benign (211)-sharpened-sharpened.png,bag-134451698699,0,0.6614934802055359
train/benign/benign (211)-sharpened.jpg,bag-134451698699,0,0.6988329887390137
train/benign/benign (211)-sharpened.png,bag-134451698699,0,0.6935596466064453
train/benign/benign (211).png,bag-134451698699,0,0.6336609125137329
train/benign/benign (46)-rotated1-rotated1.png,bag-1588a774139f,0,0.310829758644104
train/benign/benign (46)-rotated1-rotated2.png,bag-1588a774139f,0,0.3094812333583832
train/benign/benign (46)-rotated1-sharpened.png,bag-1588a774139f,0,0.33894994854927063
train/benign/benign (46)-rotated1.jpg,bag-1588a774139f,0,0.3730904161930084
train/benign/benign (46)-rotated1.png,bag-1588a774139f,0,0.342972993850708
train/benign/benign (46)-rotated2-rotated1.png,bag-1588a774139f,0,0.3461763858795166
train/benign/benign (46)-rotated2-rotated2.png,bag-1588a774139f,0,0.44831520318984985
train/benign/benign (46)-rotated2-sharpened.png,bag-1588a774139f,0,0.2427830547094345
train/benign/benign (46)-rotated2.jpg,bag-1588a774139f,0,0.39294949173927307
train/benign/benign (46)-rotated2.png,bag-1588a774139f,0,0.3633961081504822
train/benign/benign (46)-sharpened-rotated1.png,bag-1588a774139f,0,0.40081751346588135
train/benign/benign (46)-sharpened-rotated2.png,bag-1588a774139f,0,0.5102280974388123
train/benign/benign (46)-sharpened-sharpened.png,bag-1588a774139f,0,0.34883785247802734
train/benign/benign (46)-sharpened.jpg,bag-1588a774139f,0,0.38987886905670166
train/benign/benign (46)-sharpened.png,bag-1588a774139f,0,0.3830541968345642
train/benign/benign (46).png,bag-1588a774139f,0,0.3436583876609802
train/benign/benign (48)-rotated1-rotated1.png,bag-159732f6d102,0,0.6061410307884216
train/benign/benign (48)-rotated1-rotated2.png,bag-159732f6d102,0,0.7416723966598511
train/benign/benign (48)-rotated1-sharpened.png,bag-159732f6d102,0,0.46990954875946045
train/benign/benign (48)-rotated1.jpg,bag-159732f6d102,0,0.7004051804542542
train/benign/benign (48)-rotated1.png,bag-159732f6d102,0,0.6806362867355347
train/benign/benign (48)-rotated2-rotated1.png,bag-159732f6d102,0,0.7798234820365906
train/benign/benign (48)-rotated2-rotated2.png,bag-159732f6d102,0,0.7365093231201172
train/benign/benign (48)-rotated2-sharpened.png,bag-159732f6d102,0,0.4645457863807678
train/benign/benign (48)-rotated2.jpg,bag-159732f6d102,0,0.7635456919670105
train/benign/benign (48)-rotated2.png,bag-159732f6d102,0,0.7880174517631531
train/benign/benign (48)-sharpened-rotated1.png,bag-159732f6d102,0,0.35922834277153015
train/benign/benign (48)-sharpened-rotated2.png,bag-159732f6d102,0,0.7891990542411804
train/benign/benign (48)-sharpened-sharpened.png,bag-159732f6d102,0,0.6033010482788086
train/benign/benign (48)-sharpened.jpg,bag-159732f6d102,0,0.46798214316368103
train/benign/benign (48)-sharpened.png,bag-159732f6d102,0,0.4645457863807678
train/benign/benign (48).png,bag-159732f6d102,0,0.4874599277973175
train/benign/benign (49)-rotated1-rotated1.png,bag-15ff4737a9a2,0,0.1626904457807541
train/benign/benign (49)-rotated1-rotated2.png,bag-15ff4737a9a2,0,0.12564460933208466
train/benign/benign (49)-rotated1-sharpened.png,bag-15ff4737a9a2,0,0.176064133644104
train/benign/benign (49)-rotated1.jpg,bag-15ff4737a9a2,0,0.10753036290407181
train/benign/benign (49)-rotated1.png,bag-15ff4737a9a2,0,0.11450313776731491
train/benign/benign (49)-rotated2-rotated1.png,bag-15ff4737a9a2,0,0.09997658431529999
train/benign/benign (49)-rotated2-rotated2.png,bag-15ff4737a9a2,0,0.21220053732395172
train/benign/benign (49)-rotated2-sharpened.png,bag-15ff4737a9a2,0,0.11491730064153671
train/benign/benign (49)-rotated2.jpg,bag-15ff4737a9a2,0,0.1444762945175171
train/benign/benign (49)-rotated2.png,bag-15ff4737a9a2,0,0.15793126821517944
train/benign/benign (49)-sharpened-rotated1.png,bag-15ff4737a9a2,0,0.1553807109594345
train/benign/benign (49)-sharpened-rotated2.png,bag-15ff4737a9a2,0,0.08729580044746399
train/benign/benign (49)-sharpened-sharpened.png,bag-15ff4737a9a2,0,0.5219525694847107
train/benign/benign (49)-sharpened.jpg,bag-15ff4737a9a2,0,0.20134365558624268
train/benign/benign (49)-sharpened.png,bag-15ff4737a9a2,0,0.19733721017837524
train/benign/benign (49).png,bag-15ff4737a9a2,0,0.14904871582984924
train/benign/benign (252)-rotated1-rotated1.png,bag-172fd36c5d33,0,0.5328856110572815
train/benign/benign (252)-rotated1-rotated2.png,bag-172fd36c5d33,0,0.6246076226234436
train/benign/benign (252)-rotated1-sharpened.png,bag-172fd36c5d33,0,0.42412233352661133
train/benign/benign (252)-rotated1.jpg,bag-172fd36c5d33,0,0.6235660314559937
train/benign/benign (252)-rotated1.png,bag-172fd36c5d33,0,0.5403174161911011
train/benign/benign (252)-rotated2-rotated1.png,bag-172fd36c5d33,0,0.6396214365959167
train/benign/benign (252)-rotated2-rotated2.png,bag-172fd36c5d33,0,0.642997145652771
train/benign/benign (252)-rotated2-sharpened.png,bag-172fd36c5d33,0,0.46480968594551086
train/benign/benign (252)-rotated2.jpg,bag-172fd36c5d33,0,0.6588624119758606
train/benign/benign (252)-rotated2.png,bag-172fd36c5d33,0,0.5908449292182922
train/benign/benign (252)-sharpened-rotated1.png,bag-172fd36c5d33,0,0.55634605884552
train/benign/benign (252)-sharpened-rotated2.png,bag-172fd36c5d33,0,0.47467857599258423
train/benign/benign (252)-sharpened-sharpened.png,bag-172fd36c5d33,0,0.5857031941413879
train/benign/benign (252)-sharpened.jpg,bag-172fd36c5d33,0,0.5192173719406128
train/benign/benign (252)-sharpened.png,bag-172fd36c5d33,0,0.5136092305183411
train/benign/benign (252).png,bag-172fd36c5d33,0,0.5131136178970337
train/benign/benign (195)-rotated1-rotated1.png,bag-1744c730c3bb,0,0.22449740767478943
train/benign/benign (195)-rotated1-rotated2.png,bag-1744c730c3bb,0,0.3063473701477051
train/benign/benign (195)-rotated1-sharpened.png,bag-1744c730c3bb,0,0.15778043866157532
train/benign/benign (195)-rotated1.jpg,bag-1744c730c3bb,0,0.27505430579185486
train/benign/benign (195)-rotated1.png,bag-1744c730c3bb,0,0.36349543929100037
train/benign/benign (195)-rotated2-rotated1.png,bag-1744c730c3bb,0,0.3666340708732605
train/benign/benign (195)-rotated2-rotated2.png,bag-1744c730c3bb,0,0.3022567927837372
train/benign/benign (195)-rotated2-sharpened.png,bag-1744c730c3bb,0,0.3180093765258789
train/benign/benign (195)-rotated2.jpg,bag-1744c730c3bb,0,0.35070574283599854
train/benign/benign (195)-rotated2.png,bag-1744c730c3bb,0,0.2496388703584671
train/benign/benign (195)-sharpened-rotated1.png,bag-1744c730c3bb,0,0.23944322764873505
train/benign/benign (195)-sharpened-rotated2.png,bag-1744c730c3bb,0,0.5239351391792297
train/benign/benign (195)-sharpened-sharpened.png,bag-1744c730c3bb,0,0.5203155875205994
train/benign/benign (195)-sharpened.jpg,bag-1744c730c3bb,0,0.32273685932159424
train/benign/benign (195)-sharpened.png,bag-1744c730c3bb,0,0.3180093765258789
train/benign/benign (195).png,bag-1744c730c3bb,0,0.24531766772270203
train/benign/benign (144)-rotated1-rotated1.png,bag-19e4ccdb6ede,0,0.2781747877597809
train/benign/benign (144)-rotated1-rotated2.png,bag-19e4ccdb6ede,0,0.26629185676574707
train/benign/benign (144)-rotated1-sharpened.png,bag-19e4ccdb6ede,0,0.20941142737865448
train/benign/benign (144)-rotated1.jpg,bag-19e4ccdb6ede,0,0.3024745583534241
train/benign/benign (144)-rotated1.png,bag-19e4ccdb6ede,0,0.296180784702301
train/benign/benign (144)-rotated2-rotated1.png,bag-19e4ccdb6ede,0,0.3154772222042084
train/benign/benign (144)-rotated2-rotated2.png,bag-19e4ccdb6ede,0,0.2789855897426605
train/benign/benign (144)-rotated2-sharpened.png,bag-19e4ccdb6ede,0,0.16645994782447815
train/benign/benign (144)-rotated2.jpg,bag-19e4ccdb6ede,0,0.27767226099967957
train/benign/benign (144)-rotated2.png,bag-19e4ccdb6ede,0,0.27912911772727966
train/benign/benign (144)-sharpened-rotated1.png,bag-19e4ccdb6ede,0,0.16960576176643372
train/benign/benign (144)-sharpened-rotated2.png,bag-19e4ccdb6ede,0,0.15893308818340302
train/benign/benign (144)-sharpened-sharpened.png,bag-19e4ccdb6ede,0,0.1465120017528534
train/benign/benign (144)-sharpened.jpg,bag-19e4ccdb6ede,0,0.17137303948402405
train/benign/benign (144)-sharpened.png,bag-19e4ccdb6ede,0,0.16960576176643372
train/benign/benign (144).png,bag-19e4ccdb6ede,0,0.2158312350511551
train/benign/benign (210)-rotated1-rotated1.png,bag-1b6272be682b,0,0.7397428154945374
train/benign/benign (210)-rotated1-rotated2.png,bag-1b6272be682b,0,0.7313679456710815
train/benign/benign (210)-rotated1-sharpened.png,bag-1b6272be682b,0,0.6983862519264221
train/benign/benign (210)-rotated1.jpg,bag-1b6272be682b,0,0.7625206708908081
train/benign/benign (210)-rotated1.png,bag-1b6272be682b,0,0.7553153038024902
train/benign/benign (210)-rotated2-rotated1.png,bag-1b6272be682b,0,0.7790053486824036
train/benign/benign (210)-rotated2-rotated2.png,bag-1b6272be682b,0,0.7790053486824036
train/benign/benign (210)-rotated2-sharpened.png,bag-1b6272be682b,0,0.7588333487510681
train/benign/benign (210)-rotated2.jpg,bag-1b6272be682b,0,0.7752878069877625
train/benign/benign (210)-rotated2.png,bag-1b6272be682b,0,0.7641469240188599
train/benign/benign (210)-sharpened-rotated1.png,bag-1b6272be682b,0,0.7622910141944885
train/benign/benign (210)-sharpened-rotated2.png,bag-1b6272be682b,0,0.8483762145042419
train/benign/benign (210)-sharpened-sharpened.png,bag-1b6272be682b,0,0.7148518562316895
train/benign/benign (210)-sharpened.jpg,bag-1b6272be682b,0,0.8043804168701172
train/benign/benign (210)-sharpened.png,bag-1b6272be682b,0,0.7979475259780884
train/benign/benign (210).png,bag-1b6272be682b,0,0.7564520835876465
train/benign/benign (76)-rotated1-rotated1.png,bag-1caede74ab90,0,0.24872896075248718
train/benign/benign (76)-rotated1-rotated2.png,bag-1caede74ab90,0,0.21790137887001038
train/benign/benign (76)-rotated1-sharpened.png,bag-1caede74ab90,0,0.08319173008203506
train/benign/benign (76)-rotated1.jpg,bag-1caede74ab90,0,0.19035066664218903
train/benign/benign (76)-rotated1.png,bag-1caede74ab90,0,0.36627912521362305
train/benign/benign (76)-rotated2-rotated1.png,bag-1caede74ab90,0,0.5546024441719055
train/benign/benign (76)-rotated2-rotated2.png,bag-1caede74ab90,0,0.6667978763580322
train/benign/benign (76)-rotated2-sharpened.png,bag-1caede74ab90,0,0.1894821971654892
train/benign/benign (76)-rotated2.jpg,bag-1caede74ab90,0,0.33856889605522156
train/benign/benign (76)-rotated2.png,bag-1caede74ab90,0,0.1738722324371338
train/benign/benign (76)-sharpened-rotated1.png,bag-1caede74ab90,0,0.08560163527727127
train/benign/benign (76)-sharpened-rotated2.png,bag-1caede74ab90,0,0.07218229025602341
train/benign/benign (76)-sharpened-sharpened.png,bag-1caede74ab90,0,0.15338067710399628
train/benign/benign (76)-sharpened.jpg,bag-1caede74ab90,0,0.1345454305410385
train/benign/benign (76)-sharpened.png,bag-1caede74ab90,0,0.1309429258108139
train/benign/benign (76).png,bag-1caede74ab90,0,0.1857571005821228
train/benign/benign (225)-rotated1-rotated1.png,bag-1d4fa6d98aca,0,0.494769424200058
train/benign/benign (225)-rotated1-rotated2.png,bag-1d4fa6d98aca,0,0.5729883909225464
train/benign/benign (225)-rotated1-sharpened.png,bag-1d4fa6d98aca,0,0.39127159118652344
train/benign/benign (225)-rotated1.jpg,bag-1d4fa6d98aca,0,0.45624637603759766
train/benign/benign (225)-rotated1.png,bag-1d4fa6d98aca,0,0.6455614566802979
train/benign/benign (225)-rotated2-rotated1.png,bag-1d4fa6d98aca,0,0.556266188621521
train/benign/benign (225)-rotated2-rotated2.png,bag-1d4fa6d98aca,0,0.42146065831184387
train/benign/benign (225)-rotated2-sharpened.png,bag-1d4fa6d98aca,0,0.3372994661331177
train/benign/benign (225)-rotated2.jpg,bag-1d4fa6d98aca,0,0.5206190943717957
train/benign/benign (225)-rotated2.png,bag-1d4fa6d98aca,0,0.6418468952178955
train/benign/benign (225)-sharpened-rotated1.png,bag-1d4fa6d98aca,0,0.35070982575416565
train/benign/benign (225)-sharpened-rotated2.png,bag-1d4fa6d98aca,0,0.5451234579086304
train/benign/benign (225)-sharpened-sharpened.png,bag-1d4fa6d98aca,0,0.44883954524993896
train/benign/benign (225)-sharpened.jpg,bag-1d4fa6d98aca,0,0.5247021913528442
train/benign/benign (225)-sharpened.png,bag-1d4fa6d98aca,0,0.5228632092475891
train/benign/benign (225).png,bag-1d4fa6d98aca,0,0.45317238569259644
train/benign/benign (72)-rotated1-rotated1.png,bag-214a77a15a8e,0,0.3726021945476532
train/benign/benign (72)-rotated1-rotated2.png,bag-214a77a15a8e,0,0.41057536005973816
train/benign/benign (72)-rotated1-sharpened.png,bag-214a77a15a8e,0,0.45015907287597656
train/benign/benign (72)-rotated1.jpg,bag-214a77a15a8e,0,0.3870100975036621
train/benign/benign (72)-rotated1.png,bag-214a77a15a8e,0,0.43930986523628235
train/benign/benign (72)-rotated2-rotated1.png,bag-214a77a15a8e,0,0.4420040249824524
train/benign/benign (72)-rotated2-rotated2.png,bag-214a77a15a8e,0,0.2674265205860138
train/benign/benign (72)-rotated2-sharpened.png,bag-214a77a15a8e,0,0.5195403695106506
train/benign/benign (72)-rotated2.jpg,bag-214a77a15a8e,0,0.396933376789093
train/benign/benign (72)-rotated2.png,bag-214a77a15a8e,0,0.4637336730957031
train/benign/benign (72)-sharpened-rotated1.png,bag-214a77a15a8e,0,0.35869839787483215
train/benign/benign (72)-sharpened-rotated2.png,bag-214a77a15a8e,0,0.35086703300476074
train/benign/benign (72)-sharpened-sharpened.png,bag-214a77a15a8e,0,0.4506917893886566
train/benign/benign (72)-sharpened.jpg,bag-214a77a15a8e,0,0.45675742626190186
train/benign/benign (72)-sharpened.png,bag-214a77a15a8e,0,0.45015907287597656
train/benign/benign (72).png,bag-214a77a15a8e,0,0.36515963077545166
train/benign/benign (83)-rotated1-rotated1.png,bag-23919d89a989,0,0.37849050760269165
train/benign/benign (83)-rotated1-rotated2.png,bag-23919d89a989,0,0.36803898215293884
train/benign/benign (83)-rotated1-sharpened.png,bag-23919d89a989,0,0.5348959565162659
train/benign/benign (83)-rotated1.jpg,bag-23919d89a989,0,0.5158815979957581
train/benign/benign (83)-rotated1.png,bag-23919d89a989,0,0.32281291484832764
train/benign/benign (83)-rotated2-rotated1.png,bag-23919d89a989,0,0.258417010307312
train/benign/benign (83)-rotated2-rotated2.png,bag-23919d89a989,0,0.321102112531662
train/benign/benign (83)-rotated2-sharpened.png,bag-23919d89a989,0,0.5139120221138
train/benign/benign (83)-rotated2.jpg,bag-23919d89a989,0,0.5226351022720337
train/benign/benign (83)-rotated2.png,bag-23919d89a989,0,0.42025095224380493
train/benign/benign (83)-sharpened-rotated1.png,bag-23919d89a989,0,0.5343329906463623
train/benign/benign (83)-sharpened-rotated2.png,bag-23919d89a989,0,0.4550986588001251
train/benign/benign (83)-sharpened-sharpened.png,bag-23919d89a989,0,0.6909518837928772
train/benign/benign (83)-sharpened.jpg,bag-23919d89a989,0,0.6878563761711121
train/benign/benign (83)-sharpened.png,bag-23919d89a989,0,0.6803175806999207
train/benign/benign (83).png,bag-23919d89a989,0,0.5027161836624146
train/malignant/malignant (171)-rotated1-rotated1.png,bag-23d24ddef985,1,0.8927875757217407
train/malignant/malignant (171)-rotated1-rotated2.png,bag-23d24ddef985,1,0.8798852562904358
train/malignant/malignant (171)-rotated1-rotated32.png,bag-23d24ddef985,1,0.8959102034568787
train/malignant/malignant (171)-rotated1-sharpened.png,bag-23d24ddef985,1,0.9394776225090027
train/malignant/malignant (171)-rotated1.png,bag-23d24ddef985,1,0.9187597036361694
train/malignant/malignant (171)-rotated2-rotated1.png,bag-23d24ddef985,1,0.9084646105766296
train/malignant/malignant (171)-rotated2-rotated2.png,bag-23d24ddef985,1,0.9193387031555176
train/malignant/malignant (171)-rotated2-rotated32.png,bag-23d24ddef985,1,0.9228094220161438
train/malignant/malignant (171)-rotated2-sharpened.png,bag-23d24ddef985,1,0.9512020349502563
train/malignant/malignant (171)-rotated2.png,bag-23d24ddef985,1,0.9327793717384338
train/malignant/malignant (171)-rotated32-rotated1.png,bag-23d24ddef985,1,0.8935831189155579
train/malignant/malignant (171)-rotated32-rotated2.png,bag-23d24ddef985,1,0.9130609631538391
train/malignant/malignant (171)-rotated32-rotated32.png,bag-23d24ddef985,1,0.9272898435592651
train/malignant/malignant (171)-rotated32-sharpened.png,bag-23d24ddef985,1,0.9335616827011108
train/malignant/malignant (171)-rotated32.png,bag-23d24ddef985,1,0.9312898516654968
train/malignant/malignant (171)-sharpened-rotated1.png,bag-23d24ddef985,1,0.9048849940299988
train/malignant/malignant (171)-sharpened-rotated2.png,bag-23d24ddef985,1,0.9207596182823181
train/malignant/malignant (171)-sharpened-rotated32.png,bag-23d24ddef985,1,0.9270743131637573
train/malignant/malignant (171)-sharpened-sharpened.png,bag-23d24ddef985,1,0.919350802898407
train/malignant/malignant (171)-sharpened.png,bag-23d24ddef985,1,0.9696943759918213
train/malignant/malignant (171).png,bag-23d24ddef985,1,0.9568452835083008
train/benign/benign (122)-rotated1-rotated1.png,bag-252e6976bad5,0,0.9290846586227417
train/benign/benign (122)-rotated1-rotated2.png,bag-252e6976bad5,0,0.9334490895271301
train/benign/benign (122)-rotated1-sharpened.png,bag-252e6976bad5,0,0.9421353340148926
train/benign/benign (122)-rotated1.jpg,bag-252e6976bad5,0,0.9280774593353271
train/benign/benign (122)-rotated1.png,bag-252e6976bad5,0,0.9439634084701538
train/benign/benign (122)-rotated2-rotated1.png,bag-252e6976bad5,0,0.9279614090919495
train/benign/benign (122)-rotated2-rotated2.png,bag-252e6976bad5,0,0.9060935974121094
train/benign/benign (122)-rotated2-sharpened.png,bag-252e6976bad5,0,0.9360780119895935
train/benign/benign (122)-rotated2.jpg,bag-252e6976bad5,0,0.925258994102478
train/benign/benign (122)-rotated2.png,bag-252e6976bad5,0,0.9544523358345032
train/benign/benign (122)-sharpened-rotated1.png,bag-252e6976bad5,0,0.9146661162376404
train/benign/benign (122)-sharpened-rotated2.png,bag-252e6976bad5,0,0.9276776909828186
train/benign/benign (122)-sharpened-sharpened.png,bag-252e6976bad5,0,0.9130664467811584
train/benign/benign (122)-sharpened.jpg,bag-252e6976bad5,0,0.9530998468399048
train/benign/benign (122)-sharpened.png,bag-252e6976bad5,0,0.9523539543151855
train/benign/benign (122).png,bag-252e6976bad5,0,0.9271158576011658
train/malignant/malignant (86)-rotated1-rotated1.png,bag-28960827c2d6,1,0.9614362120628357
train/malignant/malignant (86)-rotated1-rotated2.png,bag-28960827c2d6,1,0.9651385545730591
train/malignant/malignant (86)-rotated1-rotated32.png,bag-28960827c2d6,1,0.9869078397750854
train/malignant/malignant (86)-rotated1-sharpened.png,bag-28960827c2d6,1,0.9475257992744446
train/malignant/malignant (86)-rotated1.png,bag-28960827c2d6,1,0.9322463274002075
train/malignant/malignant (86)-rotated2-rotated1.png,bag-28960827c2d6,1,0.9659680128097534
train/malignant/malignant (86)-rotated2-rotated2.png,bag-28960827c2d6,1,0.9644063711166382
train/malignant/malignant (86)-rotated2-rotated32.png,bag-28960827c2d6,1,0.961504340171814
train/malignant/malignant (86)-rotated2-sharpened.png,bag-28960827c2d6,1,0.9676191806793213
train/malignant/malignant (86)-rotated2.png,bag-28960827c2d6,1,0.9455821514129639
train/malignant/malignant (86)-rotated32-rotated1.png,bag-28960827c2d6,1,0.9554077386856079
train/malignant/malignant (86)-rotated32-rotated2.png,bag-28960827c2d6,1,0.9609430432319641
train/malignant/malignant (86)-rotated32-rotated32.png,bag-28960827c2d6,1,0.9602675437927246
train/malignant/malignant (86)-rotated32-sharpened.png,bag-28960827c2d6,1,0.9587483406066895
train/malignant/malignant (86)-rotated32.png,bag-28960827c2d6,1,0.9775295257568359
train/malignant/malignant (86)-sharpened-rotated1.png,bag-28960827c2d6,1,0.950401782989502
train/malignant/malignant (86)-sharpened-rotated2.png,bag-28960827c2d6,1,0.942621648311615
train/malignant/malignant (86)-sharpened-rotated32.png,bag-28960827c2d6,1,0.9365708231925964
train/malignant/malignant (86)-sharpened-sharpened.png,bag-28960827c2d6,1,0.9192320108413696
train/malignant/malignant (86)-sharpened.png,bag-28960827c2d6,1,0.9475257992744446
train/malignant/malignant (86).png,bag-28960827c2d6,1,0.9305494427680969
train/benign/benign (108)-rotated1-rotated1.png,bag-36b85eee7ad5,0,0.8707014918327332
train/benign/benign (108)-rotated1-rotated2.png,bag-36b85eee7ad5,0,0.8786291480064392
train/benign/benign (108)-rotated1-sharpened.png,bag-36b85eee7ad5,0,0.8681650161743164
train/benign/benign (108)-rotated1.jpg,bag-36b85eee7ad5,0,0.8857533931732178
train/benign/benign (108)-rotated1.png,bag-36b85eee7ad5,0,0.8932573199272156
train/benign/benign (108)-rotated2-rotated1.png,bag-36b85eee7ad5,0,0.8851392269134521
train/benign/benign (108)-rotated2-rotated2.png,bag-36b85eee7ad5,0,0.8791897892951965
train/benign/benign (108)-rotated2-sharpened.png,bag-36b85eee7ad5,0,0.9066937565803528
train/benign/benign (108)-rotated2.jpg,bag-36b85eee7ad5,0,0.9162641167640686
train/benign/benign (108)-rotated2.png,bag-36b85eee7ad5,0,0.8889222145080566
train/benign/benign (108)-sharpened-rotated1.png,bag-36b85eee7ad5,0,0.8718499541282654
train/benign/benign (108)-sharpened-rotated2.png,bag-36b85eee7ad5,0,0.871541440486908
train/benign/benign (108)-sharpened-sharpened.png,bag-36b85eee7ad5,0,0.7749708294868469
train/benign/benign (108)-sharpened.jpg,bag-36b85eee7ad5,0,0.9092882871627808
train/benign/benign (108)-sharpened.png,bag-36b85eee7ad5,0,0.9066937565803528
train/benign/benign (108).png,bag-36b85eee7ad5,0,0.8852266669273376
train/malignant/malignant (42)-rotated1-rotated1.png,bag-36dff7983250,1,0.9688552021980286
train/malignant/malignant (42)-rotated1-rotated2.png,bag-36dff7983250,1,0.9640695452690125
train/malignant/malignant (42)-rotated1-rotated32.png,bag-36dff7983250,1,0.9583315849304199
train/malignant/malignant (42)-rotated1-sharpened.png,bag-36dff7983250,1,0.9518221020698547
train/malignant/malignant (42)-rotated1.png,bag-36dff7983250,1,0.9570268392562866
train/malignant/malignant (42)-rotated2-rotated1.png,bag-36dff7983250,1,0.9520988464355469
train/malignant/malignant (42)-rotated2-rotated2.png,bag-36dff7983250,1,0.9599132537841797
train/malignant/malignant (42)-rotated2-rotated32.png,bag-36dff7983250,1,0.9534191489219666
train/malignant/malignant (42)-rotated2-sharpened.png,bag-36dff7983250,1,0.9580812454223633
train/malignant/malignant (42)-rotated2.png,bag-36dff7983250,1,0.9534174203872681
train/malignant/malignant (42)-rotated32-rotated1.png,bag-36dff7983250,1,0.9476594924926758
train/malignant/malignant (42)-rotated32-rotated2.png,bag-36dff7983250,1,0.9602147340774536
train/malignant/malignant (42)-rotated32-rotated32.png,bag-36dff7983250,1,0.9510068297386169
train/malignant/malignant (42)-rotated32-sharpened.png,bag-36dff7983250,1,0.9657281041145325
train/malignant/malignant (42)-rotated32.png,bag-36dff7983250,1,0.95819091796875
train/malignant/malignant (42)-sharpened-rotated1.png,bag-36dff7983250,1,0.9639493227005005
train/malignant/malignant (42)-sharpened-rotated2.png,bag-36dff7983250,1,0.9561436772346497
train/malignant/malignant (42)-sharpened-rotated32.png,bag-36dff7983250,1,0.9475395083427429
train/malignant/malignant (42)-sharpened-sharpened.png,bag-36dff7983250,1,0.9333828091621399
train/malignant/malignant (42)-sharpened.png,bag-36dff7983250,1,0.9690372943878174
train/malignant/malignant (42).png,bag-36dff7983250,1,0.9595737457275391
train/malignant/malignant (146)-rotated1-rotated1.png,bag-3a88856355fb,1,0.7057318687438965
train/malignant/malignant (146)-rotated1-rotated2.png,bag-3a88856355fb,1,0.8358495831489563
train/malignant/malignant (146)-rotated1-rotated32.png,bag-3a88856355fb,1,0.8590667247772217
train/malignant/malignant (146)-rotated1-sharpened.png,bag-3a88856355fb,1,0.6243941187858582
train/malignant/malignant (146)-rotated1.png,bag-3a88856355fb,1,0.8044303059577942
train/malignant/malignant (146)-rotated2-rotated1.png,bag-3a88856355fb,1,0.7440298795700073
train/malignant/malignant (146)-rotated2-rotated2.png,bag-3a88856355fb,1,0.7067883610725403
train/malignant/malignant (146)-rotated2-rotated32.png,bag-3a88856355fb,1,0.8150315880775452
train/malignant/malignant (146)-rotated2-sharpened.png,bag-3a88856355fb,1,0.8154778480529785
train/malignant/malignant (146)-rotated2.png,bag-3a88856355fb,1,0.834770679473877
train/malignant/malignant (146)-rotated32-rotated1.png,bag-3a88856355fb,1,0.8257604241371155
train/malignant/malignant (146)-rotated32-rotated2.png,bag-3a88856355fb,1,0.8461884260177612
train/malignant/malignant (146)-rotated32-rotated32.png,bag-3a88856355fb,1,0.7678982615470886
train/malignant/malignant (146)-rotated32-sharpened.png,bag-3a88856355fb,1,0.6223508715629578
train/malignant/malignant (146)-rotated32.png,bag-3a88856355fb,1,0.9202255606651306
train/malignant/malignant (146)-sharpened-rotated1.png,bag-3a88856355fb,1,0.8746517896652222
train/malignant/malignant (146)-sharpened-rotated2.png,bag-3a88856355fb,1,0.7862652540206909
train/malignant/malignant (146)-sharpened-rotated32.png,bag-3a88856355fb,1,0.9106161594390869
train/malignant/malignant (146)-sharpened-sharpened.png,bag-3a88856355fb,1,0.8103013038635254
train/malignant/malignant (146)-sharpened.png,bag-3a88856355fb,1,0.8008162379264832
train/malignant/malignant (146).png,bag-3a88856355fb,1,0.7054615616798401
train/benign/benign (114)-rotated1-rotated1.png,bag-3dc230412a4e,0,0.8853927850723267
train/benign/benign (114)-rotated1-rotated2.png,bag-3dc230412a4e,0,0.9007713794708252
train/benign/benign (114)-rotated1-sharpened.png,bag-3dc230412a4e,0,0.9078155755996704
train/benign/benign (114)-rotated1.jpg,bag-3dc230412a4e,0,0.9095690846443176
train/benign/benign (114)-rotated1.png,bag-3dc230412a4e,0,0.9019137024879456
train/benign/benign (114)-rotated2-rotated1.png,bag-3dc230412a4e,0,0.9139108061790466
train/benign/benign (114)-rotated2-rotated2.png,bag-3dc230412a4e,0,0.9287535548210144
train/benign/benign (114)-rotated2-sharpened.png,bag-3dc230412a4e,0,0.9633827209472656
train/benign/benign (114)-rotated2.jpg,bag-3dc230412a4e,0,0.9076682329177856
train/benign/benign (114)-rotated2.png,bag-3dc230412a4e,0,0.9115641713142395
train/benign/benign (114)-sharpened-rotated1.png,bag-3dc230412a4e,0,0.8791660666465759
train/benign/benign (114)-sharpened-rotated2.png,bag-3dc230412a4e,0,0.9108135104179382
train/benign/benign (114)-sharpened-sharpened.png,bag-3dc230412a4e,0,0.8665778636932373
train/benign/benign (114)-sharpened.jpg,bag-3dc230412a4e,0,0.9327298998832703
train/benign/benign (114)-sharpened.png,bag-3dc230412a4e,0,0.9305691123008728
train/benign/benign (114).png,bag-3dc230412a4e,0,0.8966562151908875
val/malignant/malignant (9)-rotated1-rotated1.png,bag-4027c5a2cbba,1,0.9571802616119385
val/malignant/malignant (9)-rotated1-rotated2.png,bag-4027c5a2cbba,1,0.9621604084968567
val/malignant/malignant (9)-rotated1-rotated32.png,bag-4027c5a2cbba,1,0.9708247184753418
val/malignant/malignant (9)-rotated1-sharpened.png,bag-4027c5a2cbba,1,0.9642270803451538
val/malignant/malignant (9)-rotated1.png,bag-4027c5a2cbba,1,0.9491367340087891
val/malignant/malignant (9)-rotated2-rotated1.png,bag-4027c5a2cbba,1,0.9565833210945129
val/malignant/malignant (9)-rotated2-rotated2.png,bag-4027c5a2cbba,1,0.972139835357666
val/malignant/malignant (9)-rotated2-rotated32.png,bag-4027c5a2cbba,1,0.9656796455383301
val/malignant/malignant (9)-rotated2-sharpened.png,bag-4027c5a2cbba,1,0.9572600722312927
val/malignant/malignant (9)-rotated2.png,bag-4027c5a2cbba,1,0.9638231992721558
val/malignant/malignant (9)-rotated32-rotated1.png,bag-4027c5a2cbba,1,0.9662541747093201
val/malignant/malignant (9)-rotated32-rotated2.png,bag-4027c5a2cbba,1,0.9662541747093201
val/malignant/malignant (9)-rotated32-rotated32.png,bag-4027c5a2cbba,1,0.9699994921684265
val/malignant/malignant (9)-rotated32-sharpened.png,bag-4027c5a2cbba,1,0.9668968915939331
val/malignant/malignant (9)-rotated32.png,bag-4027c5a2cbba,1,0.9678328633308411
val/malignant/malignant (9)-sharpened-rotated1.png,bag-4027c5a2cbba,1,0.9626540541648865
val/malignant/malignant (9)-sharpened-rotated2.png,bag-4027c5a2cbba,1,0.9654741287231445
val/malignant/malignant (9)-sharpened-rotated32.png,bag-4027c5a2cbba,1,0.9572600722312927
val/malignant/malignant (9)-sharpened-sharpened.png,bag-4027c5a2cbba,1,0.9401816129684448
val/malignant/malignant (9)-sharpened.png,bag-4027c5a2cbba,1,0.9572600722312927
val/malignant/malignant (9).png,bag-4027c5a2cbba,1,0.9492614269256592
train/benign/benign (254)-rotated1-rotated1.png,bag-422a2b5cdc20,0,0.6802981495857239
train/benign/benign (254)-rotated1-rotated2.png,bag-422a2b5cdc20,0,0.7395408153533936
train/benign/benign (254)-rotated1-sharpened.png,bag-422a2b5cdc20,0,0.6368222236633301
train/benign/benign (254)-rotated1.jpg,bag-422a2b5cdc20,0,0.6462321877479553
train/benign/benign (254)-rotated1.png,bag-422a2b5cdc20,0,0.6358658671379089
train/benign/benign (254)-rotated2-rotated1.png,bag-422a2b5cdc20,0,0.7213640213012695
train/benign/benign (254)-rotated2-rotated2.png,bag-422a2b5cdc20,0,0.8426934480667114
train/benign/benign (254)-rotated2-sharpened.png,bag-422a2b5cdc20,0,0.6752343773841858
train/benign/benign (254)-rotated2.jpg,bag-422a2b5cdc20,0,0.6388028264045715
train/benign/benign (254)-rotated2.png,bag-422a2b5cdc20,0,0.6380824446678162
train/benign/benign (254)-sharpened-rotated1.png,bag-422a2b5cdc20,0,0.5400019288063049
train/benign/benign (254)-sharpened-rotated2.png,bag-422a2b5cdc20,0,0.675565779209137
train/benign/benign (254)-sharpened-sharpened.png,bag-422a2b5cdc20,0,0.6913747191429138
train/benign/benign (254)-sharpened.jpg,bag-422a2b5cdc20,0,0.6793120503425598
train/benign/benign (254)-sharpened.png,bag-422a2b5cdc20,0,0.675565779209137
train/benign/benign (254).png,bag-422a2b5cdc20,0,0.6376307010650635
val/malignant/malignant (6)-rotated1-rotated1.png,bag-43ac86d206c4,1,0.9489225149154663
val/malignant/malignant (6)-rotated1-rotated2.png,bag-43ac86d206c4,1,0.9386256337165833
val/malignant/malignant (6)-rotated1-rotated32.png,bag-43ac86d206c4,1,0.9683371782302856
val/malignant/malignant (6)-rotated1-sharpened.png,bag-43ac86d206c4,1,0.9539441466331482
val/malignant/malignant (6)-rotated1.png,bag-43ac86d206c4,1,0.9421263337135315
val/malignant/malignant (6)-rotated2-rotated1.png,bag-43ac86d206c4,1,0.955490231513977
val/malignant/malignant (6)-rotated2-rotated2.png,bag-43ac86d206c4,1,0.9583637714385986
val/malignant/malignant (6)-rotated2-rotated32.png,bag-43ac86d206c4,1,0.9386565089225769
val/malignant/malignant (6)-rotated2-sharpened.png,bag-43ac86d206c4,1,0.9550920724868774
val/malignant/malignant (6)-rotated2.png,bag-43ac86d206c4,1,0.969572901725769
val/malignant/malignant (6)-rotated32-rotated1.png,bag-43ac86d206c4,1,0.9227310419082642
val/malignant/malignant (6)-rotated32-rotated2.png,bag-43ac86d206c4,1,0.9442299604415894
val/malignant/malignant (6)-rotated32-rotated32.png,bag-43ac86d206c4,1,0.9570534825325012
val/malignant/malignant (6)-rotated32-sharpened.png,bag-43ac86d206c4,1,0.9613522887229919
val/malignant/malignant (6)-rotated32.png,bag-43ac86d206c4,1,0.9636103510856628
val/malignant/malignant (6)-sharpened-rotated1.png,bag-43ac86d206c4,1,0.9297904968261719
val/malignant/malignant (6)-sharpened-rotated2.png,bag-43ac86d206c4,1,0.9502239227294922
val/malignant/malignant (6)-sharpened-rotated32.png,bag-43ac86d206c4,1,0.9636270999908447
val/malignant/malignant (6)-sharpened-sharpened.png,bag-43ac86d206c4,1,0.9266955256462097
val/malignant/malignant (6)-sharpened.png,bag-43ac86d206c4,1,0.9456114172935486
val/malignant/malignant (6).png,bag-43ac86d206c4,1,0.941937267780304
train/benign/benign (189)-rotated1-rotated1.png,bag-47aa0926753d,0,0.5652329325675964
train/benign/benign (189)-rotated1-rotated2.png,bag-47aa0926753d,0,0.526777446269989
train/benign/benign (189)-rotated1-sharpened.png,bag-47aa0926753d,0,0.5656209588050842
train/benign/benign (189)-rotated1.jpg,bag-47aa0926753d,0,0.5677177906036377
train/benign/benign (189)-rotated1.png,bag-47aa0926753d,0,0.4451959431171417
train/benign/benign (189)-rotated2-rotated1.png,bag-47aa0926753d,0,0.5501415729522705
train/benign/benign (189)-rotated2-rotated2.png,bag-47aa0926753d,0,0.5254645943641663
train/benign/benign (189)-rotated2-sharpened.png,bag-47aa0926753d,0,0.5033625960350037
train/benign/benign (189)-rotated2.jpg,bag-47aa0926753d,0,0.5718367099761963
train/benign/benign (189)-rotated2.png,bag-47aa0926753d,0,0.5107266306877136
train/benign/benign (189)-sharpened-rotated1.png,bag-47aa0926753d,0,0.502784013748169
train/benign/benign (189)-sharpened-rotated2.png,bag-47aa0926753d,0,0.6159391403198242
train/benign/benign (189)-sharpened-sharpened.png,bag-47aa0926753d,0,0.5110073089599609
train/benign/benign (189)-sharpened.jpg,bag-47aa0926753d,0,0.5073371529579163
train/benign/benign (189)-sharpened.png,bag-47aa0926753d,0,0.502784013748169
train/benign/benign (189).png,bag-47aa0926753d,0,0.44437283277511597
train/benign/benign (50)-rotated1-rotated1.png,bag-4aa1dfcd92ae,0,0.12541979551315308
train/benign/benign (50)-rotated1-rotated2.png,bag-4aa1dfcd92ae,0,0.09638649225234985
train/benign/benign (50)-rotated1-sharpened.png,bag-4aa1dfcd92ae,0,0.12768816947937012
train/benign/benign (50)-rotated1.jpg,bag-4aa1dfcd92ae,0,0.1907825469970703
train/benign/benign (50)-rotated1.png,bag-4aa1dfcd92ae,0,0.12067507207393646
train/benign/benign (50)-rotated2-rotated1.png,bag-4aa1dfcd92ae,0,0.13556736707687378
train/benign/benign (50)-rotated2-rotated2.png,bag-4aa1dfcd92ae,0,0.10200374573469162
train/benign/benign (50)-rotated2-sharpened.png,bag-4aa1dfcd92ae,0,0.07999923080205917
train/benign/benign (50)-rotated2.jpg,bag-4aa1dfcd92ae,0,0.12670494616031647
train/benign/benign (50)-rotated2.png,bag-4aa1dfcd92ae,0,0.12963037192821503
train/benign/benign (50)-sharpened-rotated1.png,bag-4aa1dfcd92ae,0,0.07871903479099274
train/benign/benign (50)-sharpened-rotated2.png,bag-4aa1dfcd92ae,0,0.06887675821781158
train/benign/benign (50)-sharpened-sharpened.png,bag-4aa1dfcd92ae,0,0.17973460257053375
train/benign/benign (50)-sharpened.jpg,bag-4aa1dfcd92ae,0,0.12954221665859222
train/benign/benign (50)-sharpened.png,bag-4aa1dfcd92ae,0,0.12768816947937012
train/benign/benign (50).png,bag-4aa1dfcd92ae,0,0.12487580627202988
train/benign/benign (287)-rotated1-rotated1.png,bag-4ba0d7b05a4e,0,0.9349331259727478
train/benign/benign (287)-rotated1-rotated2.png,bag-4ba0d7b05a4e,0,0.9409459829330444
train/benign/benign (287)-rotated1-sharpened.png,bag-4ba0d7b05a4e,0,0.9312017560005188
train/benign/benign (287)-rotated1.jpg,bag-4ba0d7b05a4e,0,0.8252537846565247
train/benign/benign (287)-rotated1.png,bag-4ba0d7b05a4e,0,0.8775081634521484
train/benign/benign (287)-rotated2-rotated1.png,bag-4ba0d7b05a4e,0,0.8515278697013855
train/benign/benign (287)-rotated2-rotated2.png,bag-4ba0d7b05a4e,0,0.9182934761047363
train/benign/benign (287)-rotated2-sharpened.png,bag-4ba0d7b05a4e,0,0.883739173412323
train/benign/benign (287)-rotated2.jpg,bag-4ba0d7b05a4e,0,0.8393545150756836
train/benign/benign (287)-rotated2.png,bag-4ba0d7b05a4e,0,0.9160243272781372
train/benign/benign (287)-sharpened-rotated1.png,bag-4ba0d7b05a4e,0,0.9147836565971375
train/benign/benign (287)-sharpened-rotated2.png,bag-4ba0d7b05a4e,0,0.9259698390960693
train/benign/benign (287)-sharpened-sharpened.png,bag-4ba0d7b05a4e,0,0.8150960206985474
train/benign/benign (287)-sharpened.jpg,bag-4ba0d7b05a4e,0,0.7886655330657959
train/benign/benign (287)-sharpened.png,bag-4ba0d7b05a4e,0,0.7846152186393738
train/benign/benign (287).png,bag-4ba0d7b05a4e,0,0.8179783225059509
train/malignant/malignant (102)-rotated1-rotated1.png,bag-4e1488bd3bc8,1,0.9903901815414429
train/malignant/malignant (102)-rotated1-rotated2.png,bag-4e1488bd3bc8,1,0.9900779724121094
train/malignant/malignant (102)-rotated1-rotated32.png,bag-4e1488bd3bc8,1,0.9898763298988342
train/malignant/malignant (102)-rotated1-sharpened.png,bag-4e1488bd3bc8,1,0.9928030371665955
train/malignant/malignant (102)-rotated1.png,bag-4e1488bd3bc8,1,0.9906846284866333
train/malignant/malignant (102)-rotated2-rotated1.png,bag-4e1488bd3bc8,1,0.9902713894844055
train/malignant/malignant (102)-rotated2-rotated2.png,bag-4e1488bd3bc8,1,0.9902442693710327
train/malignant/malignant (102)-rotated2-rotated32.png,bag-4e1488bd3bc8,1,0.9810623526573181
train/malignant/malignant (102)-rotated2-sharpened.png,bag-4e1488bd3bc8,1,0.9932178854942322
train/malignant/malignant (102)-rotated2.png,bag-4e1488bd3bc8,1,0.9912543892860413
train/malignant/malignant (102)-rotated32-rotated1.png,bag-4e1488bd3bc8,1,0.990216851234436
train/malignant/malignant (102)-rotated32-rotated2.png,bag-4e1488bd3bc8,1,0.9791167378425598
train/malignant/malignant (102)-rotated32-rotated32.png,bag-4e1488bd3bc8,1,0.9791167378425598
train/malignant/malignant (102)-rotated32-sharpened.png,bag-4e1488bd3bc8,1,0.9933017492294312
train/malignant/malignant (102)-rotated32.png,bag-4e1488bd3bc8,1,0.9843595623970032
train/malignant/malignant (102)-sharpened-rotated1.png,bag-4e1488bd3bc8,1,0.993458092212677
train/malignant/malignant (102)-sharpened-rotated2.png,bag-4e1488bd3bc8,1,0.9918861389160156
train/malignant/malignant (102)-sharpened-rotated32.png,bag-4e1488bd3bc8,1,0.9927167296409607
train/malignant/malignant (102)-sharpened-sharpened.png,bag-4e1488bd3bc8,1,0.9931591153144836
train/malignant/malignant (102)-sharpened.png,bag-4e1488bd3bc8,1,0.9961734414100647
train/malignant/malignant (102).png,bag-4e1488bd3bc8,1,0.9928963780403137
train/malignant/malignant (207)-rotated1-rotated1.png,bag-626776a39609,1,0.8797428011894226
train/malignant/malignant (207)-rotated1-rotated2.png,bag-626776a39609,1,0.8804346323013306
train/malignant/malignant (207)-rotated1-rotated32.png,bag-626776a39609,1,0.9200195670127869
train/malignant/malignant (207)-rotated1-sharpened.png,bag-626776a39609,1,0.9480602741241455
train/malignant/malignant (207)-rotated1.png,bag-626776a39609,1,0.8958744406700134
train/malignant/malignant (207)-rotated2-rotated1.png,bag-626776a39609,1,0.9333652257919312
train/malignant/malignant (207)-rotated2-rotated2.png,bag-626776a39609,1,0.8757965564727783
train/malignant/malignant (207)-rotated2-rotated32.png,bag-626776a39609,1,0.8734187483787537
train/malignant/malignant (207)-rotated2-sharpened.png,bag-626776a39609,1,0.9298774003982544
train/malignant/malignant (207)-rotated2.png,bag-626776a39609,1,0.9465690851211548
train/malignant/malignant (207)-rotated32-rotated1.png,bag-626776a39609,1,0.9330093860626221
train/malignant/malignant (207)-rotated32-rotated2.png,bag-626776a39609,1,0.935628354549408
train/malignant/malignant (207)-rotated32-rotated32.png,bag-626776a39609,1,0.9421640038490295
train/malignant/malignant (207)-rotated32-sharpened.png,bag-626776a39609,1,0.9391108751296997
train/malignant/malignant (207)-rotated32.png,bag-626776a39609,1,0.9183939695358276
train/malignant/malignant (207)-sharpened-rotated1.png,bag-626776a39609,1,0.9054358601570129
train/malignant/malignant (207)-sharpened-rotated2.png,bag-626776a39609,1,0.9137883186340332
train/malignant/malignant (207)-sharpened-rotated32.png,bag-626776a39609,1,0.9161050319671631
train/malignant/malignant (207)-sharpened-sharpened.png,bag-626776a39609,1,0.9201796650886536
train/malignant/malignant (207)-sharpened.png,bag-626776a39609,1,0.9564481377601624
train/malignant/malignant (207).png,bag-626776a39609,1,0.9326609373092651
train/malignant/malignant (24)-rotated1-rotated1.png,bag-6f8af75ba499,1,0.9403656721115112
train/malignant/malignant (24)-rotated1-rotated2.png,bag-6f8af75ba499,1,0.9378390312194824
train/malignant/malignant (24)-rotated1-rotated32.png,bag-6f8af75ba499,1,0.9433003664016724
train/malignant/malignant (24)-rotated1-sharpened.png,bag-6f8af75ba499,1,0.96031653881073
train/malignant/malignant (24)-rotated1.png,bag-6f8af75ba499,1,0.9473059177398682
train/malignant/malignant (24)-rotated2-rotated1.png,bag-6f8af75ba499,1,0.9335781931877136
train/malignant/malignant (24)-rotated2-rotated2.png,bag-6f8af75ba499,1,0.9350600838661194
train/malignant/malignant (24)-rotated2-rotated32.png,bag-6f8af75ba499,1,0.9236885905265808
train/malignant/malignant (24)-rotated2-sharpened.png,bag-6f8af75ba499,1,0.9520571827888489
train/malignant/malignant (24)-rotated2.png,bag-6f8af75ba499,1,0.9479764103889465
train/malignant/malignant (24)-rotated32-rotated1.png,bag-6f8af75ba499,1,0.9076603651046753
train/malignant/malignant (24)-rotated32-rotated2.png,bag-6f8af75ba499,1,0.9317066669464111
train/malignant/malignant (24)-rotated32-rotated32.png,bag-6f8af75ba499,1,0.9344907999038696
train/malignant/malignant (24)-rotated32-sharpened.png,bag-6f8af75ba499,1,0.9648815989494324
train/malignant/malignant (24)-rotated32.png,bag-6f8af75ba499,1,0.951976478099823
train/malignant/malignant (24)-sharpened-rotated1.png,bag-6f8af75ba499,1,0.9504982233047485
train/malignant/malignant (24)-sharpened-rotated2.png,bag-6f8af75ba499,1,0.9558467864990234
train/malignant/malignant (24)-sharpened-rotated32.png,bag-6f8af75ba499,1,0.954477071762085
train/malignant/malignant (24)-sharpened-sharpened.png,bag-6f8af75ba499,1,0.9336022138595581
train/malignant/malignant (24)-sharpened.png,bag-6f8af75ba499,1,0.96031653881073
train/malignant/malignant (24).png,bag-6f8af75ba499,1,0.9320287108421326
train/malignant/malignant (131)-rotated1-rotated1.png,bag-752cca650365,1,0.94269198179245
train/malignant/malignant (131)-rotated1-rotated2.png,bag-752cca650365,1,0.9515087008476257
train/malignant/malignant (131)-rotated1-rotated32.png,bag-752cca650365,1,0.9666447639465332
train/malignant/malignant (131)-rotated1-sharpened.png,bag-752cca650365,1,0.9781665802001953
train/malignant/malignant (131)-rotated1.png,bag-752cca650365,1,0.9687018990516663
train/malignant/malignant (131)-rotated2-rotated1.png,bag-752cca650365,1,0.9551960229873657
train/malignant/malignant (131)-rotated2-rotated2.png,bag-752cca650365,1,0.9639661312103271
train/malignant/malignant (131)-rotated2-rotated32.png,bag-752cca650365,1,0.9640296101570129
train/malignant/malignant (131)-rotated2-sharpened.png,bag-752cca650365,1,0.9776021838188171
train/malignant/malignant (131)-rotated2.png,bag-752cca650365,1,0.9666649103164673
train/malignant/malignant (131)-rotated32-rotated1.png,bag-752cca650365,1,0.9562078714370728
train/malignant/malignant (131)-rotated32-rotated2.png,bag-752cca650365,1,0.9624064564704895
train/malignant/malignant (131)-rotated32-rotated32.png,bag-752cca650365,1,0.9553338885307312
train/malignant/malignant (131)-rotated32-sharpened.png,bag-752cca650365,1,0.9784209132194519
train/malignant/malignant (131)-rotated32.png,bag-752cca650365,1,0.9638957381248474
train/malignant/malignant (131)-sharpened-rotated1.png,bag-752cca650365,1,0.9761514067649841
train/malignant/malignant (131)-sharpened-rotated2.png,bag-752cca650365,1,0.9761514067649841
train/malignant/malignant (131)-sharpened-rotated32.png,bag-752cca650365,1,0.9843722581863403
train/malignant/malignant (131)-sharpened-sharpened.png,bag-752cca650365,1,0.972745418548584
train/malignant/malignant (131)-sharpened.png,bag-752cca650365,1,0.9858513474464417
train/malignant/malignant (131).png,bag-752cca650365,1,0.9793312549591064
train/benign/benign (94)-rotated1-rotated1.png,bag-798d956abcf7,0,0.8926015496253967
train/benign/benign (94)-rotated1-rotated2.png,bag-798d956abcf7,0,0.9165558815002441
train/benign/benign (94)-rotated1-sharpened.png,bag-798d956abcf7,0,0.8951753973960876
train/benign/benign (94)-rotated1.jpg,bag-798d956abcf7,0,0.8765333890914917
train/benign/benign (94)-rotated1.png,bag-798d956abcf7,0,0.8683117032051086
train/benign/benign (94)-rotated2-rotated1.png,bag-798d956abcf7,0,0.9683277606964111
train/benign/benign (94)-rotated2-rotated2.png,bag-798d956abcf7,0,0.9737967848777771
train/benign/benign (94)-rotated2-sharpened.png,bag-798d956abcf7,0,0.9643670916557312
train/benign/benign (94)-rotated2.jpg,bag-798d956abcf7,0,0.900577962398529
train/benign/benign (94)-rotated2.png,bag-798d956abcf7,0,0.8990728855133057
train/benign/benign (94)-sharpened-rotated1.png,bag-798d956abcf7,0,0.8286692500114441
train/benign/benign (94)-sharpened-rotated2.png,bag-798d956abcf7,0,0.8587809205055237
train/benign/benign (94)-sharpened-sharpened.png,bag-798d956abcf7,0,0.7375279068946838
train/benign/benign (94)-sharpened.jpg,bag-798d956abcf7,0,0.8951331973075867
train/benign/benign (94)-sharpened.png,bag-798d956abcf7,0,0.8926156163215637
train/benign/benign (94).png,bag-798d956abcf7,0,0.8742942810058594
train/malignant/malignant (68)-rotated1-rotated1.png,bag-83b626569c59,1,0.9682982563972473
train/malignant/malignant (68)-rotated1-rotated2.png,bag-83b626569c59,1,0.9652280807495117
train/malignant/malignant (68)-rotated1-rotated32.png,bag-83b626569c59,1,0.9786762595176697
train/malignant/malignant (68)-rotated1-sharpened.png,bag-83b626569c59,1,0.9546411037445068
train/malignant/malignant (68)-rotated1.png,bag-83b626569c59,1,0.9666504263877869
train/malignant/malignant (68)-rotated2-rotated1.png,bag-83b626569c59,1,0.9808351397514343
train/malignant/malignant (68)-rotated2-rotated2.png,bag-83b626569c59,1,0.975356936454773
train/malignant/malignant (68)-rotated2-rotated32.png,bag-83b626569c59,1,0.9733704924583435
train/malignant/malignant (68)-rotated2-sharpened.png,bag-83b626569c59,1,0.9711022973060608
train/malignant/malignant (68)-rotated2.png,bag-83b626569c59,1,0.9802992343902588
train/malignant/malignant (68)-rotated32-rotated1.png,bag-83b626569c59,1,0.9605231881141663
train/malignant/malignant (68)-rotated32-rotated2.png,bag-83b626569c59,1,0.9600990414619446
train/malignant/malignant (68)-rotated32-rotated32.png,bag-83b626569c59,1,0.9734912514686584
train/malignant/malignant (68)-rotated32-sharpened.png,bag-83b626569c59,1,0.934809684753418
train/malignant/malignant (68)-rotated32.png,bag-83b626569c59,1,0.9844472408294678
train/malignant/malignant (68)-sharpened-rotated1.png,bag-83b626569c59,1,0.9552822709083557
train/malignant/malignant (68)-sharpened-rotated2.png,bag-83b626569c59,1,0.9684327244758606
train/malignant/malignant (68)-sharpened-rotated32.png,bag-83b626569c59,1,0.9706875681877136
train/malignant/malignant (68)-sharpened-sharpened.png,bag-83b626569c59,1,0.8823894262313843
train/malignant/malignant (68)-sharpened.png,bag-83b626569c59,1,0.942539393901825
train/malignant/malignant (68).png,bag-83b626569c59,1,0.9511780142784119
train/benign/benign (96)-rotated1-rotated1.png,bag-91b438efad84,0,0.5834885239601135
train/benign/benign (96)-rotated1-rotated2.png,bag-91b438efad84,0,0.7765285968780518
train/benign/benign (96)-rotated1-sharpened.png,bag-91b438efad84,0,0.6972481608390808
train/benign/benign (96)-rotated1.jpg,bag-91b438efad84,0,0.7861019372940063
train/benign/benign (96)-rotated1.png,bag-91b438efad84,0,0.6987764239311218
train/benign/benign (96)-rotated2-rotated1.png,bag-91b438efad84,0,0.815919816493988
train/benign/benign (96)-rotated2-rotated2.png,bag-91b438efad84,0,0.6336838006973267
train/benign/benign (96)-rotated2-sharpened.png,bag-91b438efad84,0,0.8615833520889282
train/benign/benign (96)-rotated2.jpg,bag-91b438efad84,0,0.6525709629058838
train/benign/benign (96)-rotated2.png,bag-91b438efad84,0,0.6766607761383057
train/benign/benign (96)-sharpened-rotated1.png,bag-91b438efad84,0,0.7793102860450745
train/benign/benign (96)-sharpened-rotated2.png,bag-91b438efad84,0,0.6194964051246643
train/benign/benign (96)-sharpened-sharpened.png,bag-91b438efad84,0,0.8089749217033386
train/benign/benign (96)-sharpened.jpg,bag-91b438efad84,0,0.7567462921142578
train/benign/benign (96)-sharpened.png,bag-91b438efad84,0,0.7516348958015442
train/benign/benign (96).png,bag-91b438efad84,0,0.6754621863365173
train/malignant/malignant (44)-rotated1-rotated1.png,bag-9500ebb3118a,1,0.9124388694763184
train/malignant/malignant (44)-rotated1-rotated2.png,bag-9500ebb3118a,1,0.9417217969894409
train/malignant/malignant (44)-rotated1-rotated32.png,bag-9500ebb3118a,1,0.9369058609008789
train/malignant/malignant (44)-rotated1-sharpened.png,bag-9500ebb3118a,1,0.9601466059684753
train/malignant/malignant (44)-rotated1.png,bag-9500ebb3118a,1,0.9356989860534668
train/malignant/malignant (44)-rotated2-rotated1.png,bag-9500ebb3118a,1,0.9533827304840088
train/malignant/malignant (44)-rotated2-rotated2.png,bag-9500ebb3118a,1,0.9209468364715576
train/malignant/malignant (44)-rotated2-rotated32.png,bag-9500ebb3118a,1,0.9225692749023438
train/malignant/malignant (44)-rotated2-sharpened.png,bag-9500ebb3118a,1,0.9506728649139404
train/malignant/malignant (44)-rotated2.png,bag-9500ebb3118a,1,0.9289485812187195
train/malignant/malignant (44)-rotated32-rotated1.png,bag-9500ebb3118a,1,0.9204734563827515
train/malignant/malignant (44)-rotated32-rotated2.png,bag-9500ebb3118a,1,0.9373742341995239
train/malignant/malignant (44)-rotated32-rotated32.png,bag-9500ebb3118a,1,0.9425620436668396
train/malignant/malignant (44)-rotated32-sharpened.png,bag-9500ebb3118a,1,0.9588249325752258
train/malignant/malignant (44)-rotated32.png,bag-9500ebb3118a,1,0.9399831295013428
train/malignant/malignant (44)-sharpened-rotated1.png,bag-9500ebb3118a,1,0.9502811431884766
train/malignant/malignant (44)-sharpened-rotated2.png,bag-9500ebb3118a,1,0.9433984160423279
train/malignant/malignant (44)-sharpened-rotated32.png,bag-9500ebb3118a,1,0.9393059611320496
train/malignant/malignant (44)-sharpened-sharpened.png,bag-9500ebb3118a,1,0.9574303030967712
train/malignant/malignant (44)-sharpened.png,bag-9500ebb3118a,1,0.9740599393844604
train/malignant/malignant (44).png,bag-9500ebb3118a,1,0.9551478624343872
train/malignant/malignant (157)-rotated1-rotated1.png,bag-a1000eab5948,1,0.9222325682640076
train/malignant/malignant (157)-rotated1-rotated2.png,bag-a1000eab5948,1,0.9156662225723267
train/malignant/malignant (157)-rotated1-rotated32.png,bag-a1000eab5948,1,0.9297818541526794
train/malignant/malignant (157)-rotated1-sharpened.png,bag-a1000eab5948,1,0.9094811677932739
train/malignant/malignant (157)-rotated1.png,bag-a1000eab5948,1,0.9323814511299133
train/malignant/malignant (157)-rotated2-rotated1.png,bag-a1000eab5948,1,0.9232562780380249
train/malignant/malignant (157)-rotated2-rotated2.png,bag-a1000eab5948,1,0.9201402068138123
train/malignant/malignant (157)-rotated2-rotated32.png,bag-a1000eab5948,1,0.9463455080986023
train/malignant/malignant (157)-rotated2-sharpened.png,bag-a1000eab5948,1,0.9508259892463684
train/malignant/malignant (157)-rotated2.png,bag-a1000eab5948,1,0.946534276008606
train/malignant/malignant (157)-rotated32-rotated1.png,bag-a1000eab5948,1,0.921784520149231
train/malignant/malignant (157)-rotated32-rotated2.png,bag-a1000eab5948,1,0.9327400326728821
train/malignant/malignant (157)-rotated32-rotated32.png,bag-a1000eab5948,1,0.9224717020988464
train/malignant/malignant (157)-rotated32-sharpened.png,bag-a1000eab5948,1,0.9572384357452393
train/malignant/malignant (157)-rotated32.png,bag-a1000eab5948,1,0.9441401958465576
train/malignant/malignant (157)-sharpened-rotated1.png,bag-a1000eab5948,1,0.9634020924568176
train/malignant/malignant (157)-sharpened-rotated2.png,bag-a1000eab5948,1,0.9651075601577759
train/malignant/malignant (157)-sharpened-rotated32.png,bag-a1000eab5948,1,0.9662884473800659
train/malignant/malignant (157)-sharpened-sharpened.png,bag-a1000eab5948,1,0.821206271648407
train/malignant/malignant (157)-sharpened.png,bag-a1000eab5948,1,0.9161169528961182
train/malignant/malignant (157).png,bag-a1000eab5948,1,0.9171836972236633
train/malignant/malignant (199)-rotated1-rotated1.png,bag-af653bb5fdc5,1,0.9301048517227173
train/malignant/malignant (199)-rotated1-rotated2.png,bag-af653bb5fdc5,1,0.9294335246086121
train/malignant/malignant (199)-rotated1-rotated32.png,bag-af653bb5fdc5,1,0.9325341582298279
train/malignant/malignant (199)-rotated1-sharpened.png,bag-af653bb5fdc5,1,0.9592611193656921
train/malignant/malignant (199)-rotated1.png,bag-af653bb5fdc5,1,0.9383203983306885
train/malignant/malignant (199)-rotated2-rotated1.png,bag-af653bb5fdc5,1,0.9372981190681458
train/malignant/malignant (199)-rotated2-rotated2.png,bag-af653bb5fdc5,1,0.9247689843177795
train/malignant/malignant (199)-rotated2-rotated32.png,bag-af653bb5fdc5,1,0.9231491088867188
train/malignant/malignant (199)-rotated2-sharpened.png,bag-af653bb5fdc5,1,0.9581373929977417
train/malignant/malignant (199)-rotated2.png,bag-af653bb5fdc5,1,0.9355365037918091
train/malignant/malignant (199)-rotated32-rotated1.png,bag-af653bb5fdc5,1,0.9282034635543823
train/malignant/malignant (199)-rotated32-rotated2.png,bag-af653bb5fdc5,1,0.927253246307373
train/malignant/malignant (199)-rotated32-rotated32.png,bag-af653bb5fdc5,1,0.9369838833808899
train/malignant/malignant (199)-rotated32-sharpened.png,bag-af653bb5fdc5,1,0.9593988060951233
train/malignant/malignant (199)-rotated32.png,bag-af653bb5fdc5,1,0.9429179430007935
train/malignant/malignant (199)-sharpened-rotated1.png,bag-af653bb5fdc5,1,0.9582733511924744
train/malignant/malignant (199)-sharpened-rotated2.png,bag-af653bb5fdc5,1,0.9617601633071899
train/malignant/malignant (199)-sharpened-rotated32.png,bag-af653bb5fdc5,1,0.9511227607727051
train/malignant/malignant (199)-sharpened-sharpened.png,bag-af653bb5fdc5,1,0.9338030815124512
train/malignant/malignant (199)-sharpened.png,bag-af653bb5fdc5,1,0.9727216958999634
train/malignant/malignant (199).png,bag-af653bb5fdc5,1,0.9600124359130859
train/malignant/malignant (117)-rotated1-rotated1.png,bag-bb42428cb18c,1,0.9475723505020142
train/malignant/malignant (117)-rotated1-rotated2.png,bag-bb42428cb18c,1,0.9421300292015076
train/malignant/malignant (117)-rotated1-rotated32.png,bag-bb42428cb18c,1,0.9593583345413208
train/malignant/malignant (117)-rotated1-sharpened.png,bag-bb42428cb18c,1,0.9651994109153748
train/malignant/malignant (117)-rotated1.png,bag-bb42428cb18c,1,0.9542641639709473
train/malignant/malignant (117)-rotated2-rotated1.png,bag-bb42428cb18c,1,0.9485175013542175
train/malignant/malignant (117)-rotated2-rotated2.png,bag-bb42428cb18c,1,0.9561065435409546
train/malignant/malignant (117)-rotated2-rotated32.png,bag-bb42428cb18c,1,0.9484723210334778
train/malignant/malignant (117)-rotated2-sharpened.png,bag-bb42428cb18c,1,0.9711859822273254
train/malignant/malignant (117)-rotated2.png,bag-bb42428cb18c,1,0.9566777944564819
train/malignant/malignant (117)-rotated32-rotated1.png,bag-bb42428cb18c,1,0.9463730454444885
train/malignant/malignant (117)-rotated32-rotated2.png,bag-bb42428cb18c,1,0.947788655757904
train/malignant/malignant (117)-rotated32-rotated32.png,bag-bb42428cb18c,1,0.943191647529602
train/malignant/malignant (117)-rotated32-sharpened.png,bag-bb42428cb18c,1,0.9757793545722961
train/malignant/malignant (117)-rotated32.png,bag-bb42428cb18c,1,0.957358181476593
train/malignant/malignant (117)-sharpened-rotated1.png,bag-bb42428cb18c,1,0.9648813605308533
train/malignant/malignant (117)-sharpened-rotated2.png,bag-bb42428cb18c,1,0.9665959477424622
train/malignant/malignant (117)-sharpened-rotated32.png,bag-bb42428cb18c,1,0.9636533260345459
train/malignant/malignant (117)-sharpened-sharpened.png,bag-bb42428cb18c,1,0.9630728363990784
train/malignant/malignant (117)-sharpened.png,bag-bb42428cb18c,1,0.9748144745826721
train/malignant/malignant (117).png,bag-bb42428cb18c,1,0.9615405797958374
train/malignant/malignant (194)-rotated1-rotated1.png,bag-bfd9968e7de9,1,0.6807718276977539
train/malignant/malignant (194)-rotated1-rotated2.png,bag-bfd9968e7de9,1,0.724941074848175
train/malignant/malignant (194)-rotated1-rotated32.png,bag-bfd9968e7de9,1,0.6746410727500916
train/malignant/malignant (194)-rotated1-sharpened.png,bag-bfd9968e7de9,1,0.5024462938308716
train/malignant/malignant (194)-rotated1.png,bag-bfd9968e7de9,1,0.7569634318351746
train/malignant/malignant (194)-rotated2-rotated1.png,bag-bfd9968e7de9,1,0.7242024540901184
train/malignant/malignant (194)-rotated2-rotated2.png,bag-bfd9968e7de9,1,0.5826473236083984
train/malignant/malignant (194)-rotated2-rotated32.png,bag-bfd9968e7de9,1,0.7217206954956055
train/malignant/malignant (194)-rotated2-sharpened.png,bag-bfd9968e7de9,1,0.6686657071113586
train/malignant/malignant (194)-rotated2.png,bag-bfd9968e7de9,1,0.7603643536567688
train/malignant/malignant (194)-rotated32-rotated1.png,bag-bfd9968e7de9,1,0.5483506917953491
train/malignant/malignant (194)-rotated32-rotated2.png,bag-bfd9968e7de9,1,0.70441734790802
train/malignant/malignant (194)-rotated32-rotated32.png,bag-bfd9968e7de9,1,0.6808092594146729
train/malignant/malignant (194)-rotated32-sharpened.png,bag-bfd9968e7de9,1,0.4765831530094147
train/malignant/malignant (194)-rotated32.png,bag-bfd9968e7de9,1,0.7021348476409912
train/malignant/malignant (194)-sharpened-rotated1.png,bag-bfd9968e7de9,1,0.3302381634712219
train/malignant/malignant (194)-sharpened-rotated2.png,bag-bfd9968e7de9,1,0.6384663581848145
train/malignant/malignant (194)-sharpened-rotated32.png,bag-bfd9968e7de9,1,0.7495351433753967
train/malignant/malignant (194)-sharpened-sharpened.png,bag-bfd9968e7de9,1,0.5207738876342773
train/malignant/malignant (194)-sharpened.png,bag-bfd9968e7de9,1,0.6169349551200867
train/malignant/malignant (194).png,bag-bfd9968e7de9,1,0.6973170638084412
val/benign/benign (19)-rotated1-rotated1.png,bag-c19be2f39636,0,0.8101308345794678
val/benign/benign (19)-rotated1-rotated2.png,bag-c19be2f39636,0,0.8068643808364868
val/benign/benign (19)-rotated1-sharpened.png,bag-c19be2f39636,0,0.5009763836860657
val/benign/benign (19)-rotated1.jpg,bag-c19be2f39636,0,0.7360199093818665
val/benign/benign (19)-rotated1.png,bag-c19be2f39636,0,0.7946040034294128
val/benign/benign (19)-rotated2-rotated1.png,bag-c19be2f39636,0,0.83826744556427
val/benign/benign (19)-rotated2-rotated2.png,bag-c19be2f39636,0,0.8474992513656616
val/benign/benign (19)-rotated2-sharpened.png,bag-c19be2f39636,0,0.837394118309021
val/benign/benign (19)-rotated2.jpg,bag-c19be2f39636,0,0.8641159534454346
val/benign/benign (19)-rotated2.png,bag-c19be2f39636,0,0.6771785020828247
val/benign/benign (19)-sharpened-rotated1.png,bag-c19be2f39636,0,0.8352365493774414
val/benign/benign (19)-sharpened-rotated2.png,bag-c19be2f39636,0,0.6324170827865601
val/benign/benign (19)-sharpened-sharpened.png,bag-c19be2f39636,0,0.6423332691192627
val/benign/benign (19)-sharpened.jpg,bag-c19be2f39636,0,0.6387840509414673
val/benign/benign (19)-sharpened.png,bag-c19be2f39636,0,0.6324170827865601
val/benign/benign (19).png,bag-c19be2f39636,0,0.6854385137557983
train/benign/benign (119)-rotated1-rotated1.png,bag-c785338fd3aa,0,0.9155184626579285
train/benign/benign (119)-rotated1-rotated2.png,bag-c785338fd3aa,0,0.8969907164573669
train/benign/benign (119)-rotated1-sharpened.png,bag-c785338fd3aa,0,0.9257667660713196
train/benign/benign (119)-rotated1.jpg,bag-c785338fd3aa,0,0.9170960783958435
train/benign/benign (119)-rotated1.png,bag-c785338fd3aa,0,0.9161415696144104
train/benign/benign (119)-rotated2-rotated1.png,bag-c785338fd3aa,0,0.8963853716850281
train/benign/benign (119)-rotated2-rotated2.png,bag-c785338fd3aa,0,0.9176925420761108
train/benign/benign (119)-rotated2-sharpened.png,bag-c785338fd3aa,0,0.9301072955131531
train/benign/benign (119)-rotated2.jpg,bag-c785338fd3aa,0,0.9153346419334412
train/benign/benign (119)-rotated2.png,bag-c785338fd3aa,0,0.9216455817222595
train/benign/benign (119)-sharpened-rotated1.png,bag-c785338fd3aa,0,0.907779335975647
train/benign/benign (119)-sharpened-rotated2.png,bag-c785338fd3aa,0,0.9172623157501221
train/benign/benign (119)-sharpened-sharpened.png,bag-c785338fd3aa,0,0.9248571395874023
train/benign/benign (119)-sharpened.jpg,bag-c785338fd3aa,0,0.9550894498825073
train/benign/benign (119)-sharpened.png,bag-c785338fd3aa,0,0.9532099366188049
train/benign/benign (119).png,bag-c785338fd3aa,0,0.9200714826583862
val/malignant/malignant (3)-rotated1-rotated1.png,bag-c9c2f10f62d7,1,0.9790728688240051
val/malignant/malignant (3)-rotated1-rotated2.png,bag-c9c2f10f62d7,1,0.9699587821960449
val/malignant/malignant (3)-rotated1-rotated32.png,bag-c9c2f10f62d7,1,0.9706330895423889
val/malignant/malignant (3)-rotated1-sharpened.png,bag-c9c2f10f62d7,1,0.9809500575065613
val/malignant/malignant (3)-rotated1.png,bag-c9c2f10f62d7,1,0.9772271513938904
val/malignant/malignant (3)-rotated2-rotated1.png,bag-c9c2f10f62d7,1,0.9785614013671875
val/malignant/malignant (3)-rotated2-rotated2.png,bag-c9c2f10f62d7,1,0.9784785509109497
val/malignant/malignant (3)-rotated2-rotated32.png,bag-c9c2f10f62d7,1,0.9784785509109497
val/malignant/malignant (3)-rotated2-sharpened.png,bag-c9c2f10f62d7,1,0.9837276935577393
val/malignant/malignant (3)-rotated2.png,bag-c9c2f10f62d7,1,0.9838554263114929
val/malignant/malignant (3)-rotated32-rotated1.png,bag-c9c2f10f62d7,1,0.980476975440979
val/malignant/malignant (3)-rotated32-rotated2.png,bag-c9c2f10f62d7,1,0.9778457283973694
val/malignant/malignant (3)-rotated32-rotated32.png,bag-c9c2f10f62d7,1,0.9674693942070007
val/malignant/malignant (3)-rotated32-sharpened.png,bag-c9c2f10f62d7,1,0.9809500575065613
val/malignant/malignant (3)-rotated32.png,bag-c9c2f10f62d7,1,0.9839735627174377
val/malignant/malignant (3)-sharpened-rotated1.png,bag-c9c2f10f62d7,1,0.9778152108192444
val/malignant/malignant (3)-sharpened-rotated2.png,bag-c9c2f10f62d7,1,0.9843807220458984
val/malignant/malignant (3)-sharpened-rotated32.png,bag-c9c2f10f62d7,1,0.9867908954620361
val/malignant/malignant (3)-sharpened-sharpened.png,bag-c9c2f10f62d7,1,0.9763811826705933
val/malignant/malignant (3)-sharpened.png,bag-c9c2f10f62d7,1,0.976337194442749
val/malignant/malignant (3).png,bag-c9c2f10f62d7,1,0.974049985408783
train/malignant/malignant (77)-rotated1-rotated1.png,bag-cb018604fb57,1,0.8489112257957458
train/malignant/malignant (77)-rotated1-rotated2.png,bag-cb018604fb57,1,0.8224868178367615
train/malignant/malignant (77)-rotated1-rotated32.png,bag-cb018604fb57,1,0.8317258954048157
train/malignant/malignant (77)-rotated1-sharpened.png,bag-cb018604fb57,1,0.8878829479217529
train/malignant/malignant (77)-rotated1.png,bag-cb018604fb57,1,0.8620792031288147
train/malignant/malignant (77)-rotated2-rotated1.png,bag-cb018604fb57,1,0.8331407308578491
train/malignant/malignant (77)-rotated2-rotated2.png,bag-cb018604fb57,1,0.8977840542793274
train/malignant/malignant (77)-rotated2-rotated32.png,bag-cb018604fb57,1,0.8161354064941406
train/malignant/malignant (77)-rotated2-sharpened.png,bag-cb018604fb57,1,0.8845574855804443
train/malignant/malignant (77)-rotated2.png,bag-cb018604fb57,1,0.8584514260292053
train/malignant/malignant (77)-rotated32-rotated1.png,bag-cb018604fb57,1,0.8561286330223083
train/malignant/malignant (77)-rotated32-rotated2.png,bag-cb018604fb57,1,0.8969101905822754
train/malignant/malignant (77)-rotated32-rotated32.png,bag-cb018604fb57,1,0.8184000849723816
train/malignant/malignant (77)-rotated32-sharpened.png,bag-cb018604fb57,1,0.8559486269950867
train/malignant/malignant (77)-rotated32.png,bag-cb018604fb57,1,0.920922577381134
train/malignant/malignant (77)-sharpened-rotated1.png,bag-cb018604fb57,1,0.843292236328125
train/malignant/malignant (77)-sharpened-rotated2.png,bag-cb018604fb57,1,0.8309693932533264
train/malignant/malignant (77)-sharpened-rotated32.png,bag-cb018604fb57,1,0.9345734715461731
train/malignant/malignant (77)-sharpened-sharpened.png,bag-cb018604fb57,1,0.8699325323104858
train/malignant/malignant (77)-sharpened.png,bag-cb018604fb57,1,0.9345734715461731
train/malignant/malignant (77).png,bag-cb018604fb57,1,0.905985414981842
val/malignant/malignant (13)-rotated1-rotated1.png,bag-cbe77797492f,1,0.5821433067321777
val/malignant/malignant (13)-rotated1-rotated2.png,bag-cbe77797492f,1,0.6592680215835571
val/malignant/malignant (13)-rotated1-rotated32.png,bag-cbe77797492f,1,0.609476625919342
val/malignant/malignant (13)-rotated1-sharpened.png,bag-cbe77797492f,1,0.4806692898273468
val/malignant/malignant (13)-rotated1.png,bag-cbe77797492f,1,0.43659886717796326
val/malignant/malignant (13)-rotated2-rotated1.png,bag-cbe77797492f,1,0.7561273574829102
val/malignant/malignant (13)-rotated2-rotated2.png,bag-cbe77797492f,1,0.6000816822052002
val/malignant/malignant (13)-rotated2-rotated32.png,bag-cbe77797492f,1,0.9316003322601318
val/malignant/malignant (13)-rotated2-sharpened.png,bag-cbe77797492f,1,0.6517377495765686
val/malignant/malignant (13)-rotated2.png,bag-cbe77797492f,1,0.7368439435958862
val/malignant/malignant (13)-rotated32-rotated1.png,bag-cbe77797492f,1,0.6401026248931885
val/malignant/malignant (13)-rotated32-rotated2.png,bag-cbe77797492f,1,0.8513659834861755
val/malignant/malignant (13)-rotated32-rotated32.png,bag-cbe77797492f,1,0.6821075081825256
val/malignant/malignant (13)-rotated32-sharpened.png,bag-cbe77797492f,1,0.5792486071586609
val/malignant/malignant (13)-rotated32.png,bag-cbe77797492f,1,0.5164055824279785
val/malignant/malignant (13)-sharpened-rotated1.png,bag-cbe77797492f,1,0.5719355344772339
val/malignant/malignant (13)-sharpened-rotated2.png,bag-cbe77797492f,1,0.583676278591156
val/malignant/malignant (13)-sharpened-rotated32.png,bag-cbe77797492f,1,0.4048509895801544
val/malignant/malignant (13)-sharpened-sharpened.png,bag-cbe77797492f,1,0.3462373614311218
val/malignant/malignant (13)-sharpened.png,bag-cbe77797492f,1,0.4806692898273468
val/malignant/malignant (13).png,bag-cbe77797492f,1,0.4331762492656708
train/benign/benign (230)-rotated1-rotated1.png,bag-cefdf4829fd1,0,0.5907025933265686
train/benign/benign (230)-rotated1-rotated2.png,bag-cefdf4829fd1,0,0.5834304690361023
train/benign/benign (230)-rotated1-sharpened.png,bag-cefdf4829fd1,0,0.5173895955085754
train/benign/benign (230)-rotated1.jpg,bag-cefdf4829fd1,0,0.5952160954475403
train/benign/benign (230)-rotated1.png,bag-cefdf4829fd1,0,0.6039106845855713
train/benign/benign (230)-rotated2-rotated1.png,bag-cefdf4829fd1,0,0.6796169281005859
train/benign/benign (230)-rotated2-rotated2.png,bag-cefdf4829fd1,0,0.5810458064079285
train/benign/benign (230)-rotated2-sharpened.png,bag-cefdf4829fd1,0,0.4300774037837982
train/benign/benign (230)-rotated2.jpg,bag-cefdf4829fd1,0,0.5421503186225891
train/benign/benign (230)-rotated2.png,bag-cefdf4829fd1,0,0.6982725262641907
train/benign/benign (230)-sharpened-rotated1.png,bag-cefdf4829fd1,0,0.5844956636428833
train/benign/benign (230)-sharpened-rotated2.png,bag-cefdf4829fd1,0,0.616923451423645
train/benign/benign (230)-sharpened-sharpened.png,bag-cefdf4829fd1,0,0.6045932769775391
train/benign/benign (230)-sharpened.jpg,bag-cefdf4829fd1,0,0.41987448930740356
train/benign/benign (230)-sharpened.png,bag-cefdf4829fd1,0,0.41399145126342773
train/benign/benign (230).png,bag-cefdf4829fd1,0,0.4259328544139862
val/malignant/malignant (11)-rotated1-rotated1.png,bag-d5f65320273b,1,0.40492916107177734
val/malignant/malignant (11)-rotated1-rotated2.png,bag-d5f65320273b,1,0.4305216372013092
val/malignant/malignant (11)-rotated1-rotated32.png,bag-d5f65320273b,1,0.44541454315185547
val/malignant/malignant (11)-rotated1-sharpened.png,bag-d5f65320273b,1,0.2235107123851776
val/malignant/malignant (11)-rotated1.png,bag-d5f65320273b,1,0.525606632232666
val/malignant/malignant (11)-rotated2-rotated1.png,bag-d5f65320273b,1,0.6530728936195374
val/malignant/malignant (11)-rotated2-rotated2.png,bag-d5f65320273b,1,0.5437389612197876
val/malignant/malignant (11)-rotated2-rotated32.png,bag-d5f65320273b,1,0.8340184092521667
val/malignant/malignant (11)-rotated2-sharpened.png,bag-d5f65320273b,1,0.6360045671463013
val/malignant/malignant (11)-rotated2.png,bag-d5f65320273b,1,0.7643381357192993
val/malignant/malignant (11)-rotated32-rotated1.png,bag-d5f65320273b,1,0.4656866490840912
val/malignant/malignant (11)-rotated32-rotated2.png,bag-d5f65320273b,1,0.457699179649353
val/malignant/malignant (11)-rotated32-rotated32.png,bag-d5f65320273b,1,0.6398176550865173
val/malignant/malignant (11)-rotated32-sharpened.png,bag-d5f65320273b,1,0.34374842047691345
val/malignant/malignant (11)-rotated32.png,bag-d5f65320273b,1,0.6486226320266724
val/malignant/malignant (11)-sharpened-rotated1.png,bag-d5f65320273b,1,0.5097334980964661
val/malignant/malignant (11)-sharpened-rotated2.png,bag-d5f65320273b,1,0.6536974906921387
val/malignant/malignant (11)-sharpened-rotated32.png,bag-d5f65320273b,1,0.7190988659858704
val/malignant/malignant (11)-sharpened-sharpened.png,bag-d5f65320273b,1,0.3941197097301483
val/malignant/malignant (11)-sharpened.png,bag-d5f65320273b,1,0.2991264760494232
val/malignant/malignant (11).png,bag-d5f65320273b,1,0.28631535172462463
train/benign/benign (155)-rotated1-rotated1.png,bag-d9063fdcd998,0,0.7414280772209167
train/benign/benign (155)-rotated1-rotated2.png,bag-d9063fdcd998,0,0.6804448366165161
train/benign/benign (155)-rotated1-sharpened.png,bag-d9063fdcd998,0,0.7255229949951172
train/benign/benign (155)-rotated1.jpg,bag-d9063fdcd998,0,0.7140118479728699
train/benign/benign (155)-rotated1.png,bag-d9063fdcd998,0,0.6049662828445435
train/benign/benign (155)-rotated2-rotated1.png,bag-d9063fdcd998,0,0.540409505367279
train/benign/benign (155)-rotated2-rotated2.png,bag-d9063fdcd998,0,0.6325788497924805
train/benign/benign (155)-rotated2-sharpened.png,bag-d9063fdcd998,0,0.6259822249412537
train/benign/benign (155)-rotated2.jpg,bag-d9063fdcd998,0,0.566592276096344
train/benign/benign (155)-rotated2.png,bag-d9063fdcd998,0,0.7672913670539856
train/benign/benign (155)-sharpened-rotated1.png,bag-d9063fdcd998,0,0.5645827054977417
train/benign/benign (155)-sharpened-rotated2.png,bag-d9063fdcd998,0,0.7467093467712402
train/benign/benign (155)-sharpened-sharpened.png,bag-d9063fdcd998,0,0.7958293557167053
train/benign/benign (155)-sharpened.jpg,bag-d9063fdcd998,0,0.7515845894813538
train/benign/benign (155)-sharpened.png,bag-d9063fdcd998,0,0.7493906617164612
train/benign/benign (155).png,bag-d9063fdcd998,0,0.6606705784797668
train/benign/benign (116)-rotated1-rotated1.png,bag-db8f4fe1a903,0,0.9024742245674133
train/benign/benign (116)-rotated1-rotated2.png,bag-db8f4fe1a903,0,0.9007084965705872
train/benign/benign (116)-rotated1-sharpened.png,bag-db8f4fe1a903,0,0.9237158298492432
train/benign/benign (116)-rotated1.jpg,bag-db8f4fe1a903,0,0.9103800654411316
train/benign/benign (116)-rotated1.png,bag-db8f4fe1a903,0,0.9074484705924988
train/benign/benign (116)-rotated2-rotated1.png,bag-db8f4fe1a903,0,0.907073438167572
train/benign/benign (116)-rotated2-rotated2.png,bag-db8f4fe1a903,0,0.9189353585243225
train/benign/benign (116)-rotated2-sharpened.png,bag-db8f4fe1a903,0,0.9038226008415222
train/benign/benign (116)-rotated2.jpg,bag-db8f4fe1a903,0,0.9414088129997253
train/benign/benign (116)-rotated2.png,bag-db8f4fe1a903,0,0.9148839116096497
train/benign/benign (116)-sharpened-rotated1.png,bag-db8f4fe1a903,0,0.9126455187797546
train/benign/benign (116)-sharpened-rotated2.png,bag-db8f4fe1a903,0,0.9207228422164917
train/benign/benign (116)-sharpened-sharpened.png,bag-db8f4fe1a903,0,0.8995125889778137
train/benign/benign (116)-sharpened.jpg,bag-db8f4fe1a903,0,0.9366534352302551
train/benign/benign (116)-sharpened.png,bag-db8f4fe1a903,0,0.9344952702522278
train/benign/benign (116).png,bag-db8f4fe1a903,0,0.903009295463562
train/malignant/malignant (193)-rotated1-rotated1.png,bag-dffa2a3662bd,1,0.8686083555221558
train/malignant/malignant (193)-rotated1-rotated2.png,bag-dffa2a3662bd,1,0.8850314021110535
train/malignant/malignant (193)-rotated1-rotated32.png,bag-dffa2a3662bd,1,0.8407163619995117
train/malignant/malignant (193)-rotated1-sharpened.png,bag-dffa2a3662bd,1,0.7274514436721802
train/malignant/malignant (193)-rotated1.png,bag-dffa2a3662bd,1,0.8411936163902283
train/malignant/malignant (193)-rotated2-rotated1.png,bag-dffa2a3662bd,1,0.8021339774131775
train/malignant/malignant (193)-rotated2-rotated2.png,bag-dffa2a3662bd,1,0.8638377785682678
train/malignant/malignant (193)-rotated2-rotated32.png,bag-dffa2a3662bd,1,0.820893406867981
train/malignant/malignant (193)-rotated2-sharpened.png,bag-dffa2a3662bd,1,0.7274514436721802
train/malignant/malignant (193)-rotated2.png,bag-dffa2a3662bd,1,0.9046266078948975
train/malignant/malignant (193)-rotated32-rotated1.png,bag-dffa2a3662bd,1,0.8718829154968262
train/malignant/malignant (193)-rotated32-rotated2.png,bag-dffa2a3662bd,1,0.9032520055770874
train/malignant/malignant (193)-rotated32-rotated32.png,bag-dffa2a3662bd,1,0.8269764184951782
train/malignant/malignant (193)-rotated32-sharpened.png,bag-dffa2a3662bd,1,0.8959803581237793
train/malignant/malignant (193)-rotated32.png,bag-dffa2a3662bd,1,0.8263890743255615
train/malignant/malignant (193)-sharpened-rotated1.png,bag-dffa2a3662bd,1,0.8569987416267395
train/malignant/malignant (193)-sharpened-rotated2.png,bag-dffa2a3662bd,1,0.8352298736572266
train/malignant/malignant (193)-sharpened-rotated32.png,bag-dffa2a3662bd,1,0.712404727935791
train/malignant/malignant (193)-sharpened-sharpened.png,bag-dffa2a3662bd,1,0.6710459589958191
train/malignant/malignant (193)-sharpened.png,bag-dffa2a3662bd,1,0.8070483803749084
train/malignant/malignant (193).png,bag-dffa2a3662bd,1,0.8063467144966125
train/benign/benign (150)-rotated1-rotated1.png,bag-e04161a1fb7b,0,0.8405508995056152
train/benign/benign (150)-rotated1-rotated2.png,bag-e04161a1fb7b,0,0.8902230262756348
train/benign/benign (150)-rotated1-sharpened.png,bag-e04161a1fb7b,0,0.7758629322052002
train/benign/benign (150)-rotated1.jpg,bag-e04161a1fb7b,0,0.8210012316703796
train/benign/benign (150)-rotated1.png,bag-e04161a1fb7b,0,0.8569647073745728
train/benign/benign (150)-rotated2-rotated1.png,bag-e04161a1fb7b,0,0.8240175843238831
train/benign/benign (150)-rotated2-rotated2.png,bag-e04161a1fb7b,0,0.8342982530593872
train/benign/benign (150)-rotated2-sharpened.png,bag-e04161a1fb7b,0,0.7510620355606079
train/benign/benign (150)-rotated2.jpg,bag-e04161a1fb7b,0,0.8205031156539917
train/benign/benign (150)-rotated2.png,bag-e04161a1fb7b,0,0.8552582263946533
train/benign/benign (150)-sharpened-rotated1.png,bag-e04161a1fb7b,0,0.8402931690216064
train/benign/benign (150)-sharpened-rotated2.png,bag-e04161a1fb7b,0,0.7550885081291199
train/benign/benign (150)-sharpened-sharpened.png,bag-e04161a1fb7b,0,0.8084745407104492
train/benign/benign (150)-sharpened.jpg,bag-e04161a1fb7b,0,0.7839685082435608
train/benign/benign (150)-sharpened.png,bag-e04161a1fb7b,0,0.7779240608215332
train/benign/benign (150).png,bag-e04161a1fb7b,0,0.7854316830635071
train/malignant/malignant (109)-rotated1-rotated1.png,bag-e4e7b61aff8d,1,0.47021403908729553
train/malignant/malignant (109)-rotated1-rotated2.png,bag-e4e7b61aff8d,1,0.5417740345001221
train/malignant/malignant (109)-rotated1-rotated32.png,bag-e4e7b61aff8d,1,0.7630721926689148
train/malignant/malignant (109)-rotated1-sharpened.png,bag-e4e7b61aff8d,1,0.515313446521759
train/malignant/malignant (109)-rotated1.png,bag-e4e7b61aff8d,1,0.647256076335907
train/malignant/malignant (109)-rotated2-rotated1.png,bag-e4e7b61aff8d,1,0.5932880640029907
train/malignant/malignant (109)-rotated2-rotated2.png,bag-e4e7b61aff8d,1,0.5693016052246094
train/malignant/malignant (109)-rotated2-rotated32.png,bag-e4e7b61aff8d,1,0.7083165049552917
train/malignant/malignant (109)-rotated2-sharpened.png,bag-e4e7b61aff8d,1,0.5140469670295715
train/malignant/malignant (109)-rotated2.png,bag-e4e7b61aff8d,1,0.49251580238342285
train/malignant/malignant (109)-rotated32-rotated1.png,bag-e4e7b61aff8d,1,0.512633740901947
train/malignant/malignant (109)-rotated32-rotated2.png,bag-e4e7b61aff8d,1,0.7782185077667236
train/malignant/malignant (109)-rotated32-rotated32.png,bag-e4e7b61aff8d,1,0.5427337288856506
train/malignant/malignant (109)-rotated32-sharpened.png,bag-e4e7b61aff8d,1,0.5361614227294922
train/malignant/malignant (109)-rotated32.png,bag-e4e7b61aff8d,1,0.743241012096405
train/malignant/malignant (109)-sharpened-rotated1.png,bag-e4e7b61aff8d,1,0.5895289778709412
train/malignant/malignant (109)-sharpened-rotated2.png,bag-e4e7b61aff8d,1,0.7813741564750671
train/malignant/malignant (109)-sharpened-rotated32.png,bag-e4e7b61aff8d,1,0.6771291494369507
train/malignant/malignant (109)-sharpened-sharpened.png,bag-e4e7b61aff8d,1,0.46682503819465637
train/malignant/malignant (109)-sharpened.png,bag-e4e7b61aff8d,1,0.5895289778709412
train/malignant/malignant (109).png,bag-e4e7b61aff8d,1,0.5469669699668884
train/malignant/malignant (45)-rotated1-rotated1.png,bag-f25ec6366ec9,1,0.8937948346138
train/malignant/malignant (45)-rotated1-rotated2.png,bag-f25ec6366ec9,1,0.9280175566673279
train/malignant/malignant (45)-rotated1-rotated32.png,bag-f25ec6366ec9,1,0.9447442293167114
train/malignant/malignant (45)-rotated1-sharpened.png,bag-f25ec6366ec9,1,0.8705874681472778
train/malignant/malignant (45)-rotated1.png,bag-f25ec6366ec9,1,0.891705334186554
train/malignant/malignant (45)-rotated2-rotated1.png,bag-f25ec6366ec9,1,0.925685465335846
train/malignant/malignant (45)-rotated2-rotated2.png,bag-f25ec6366ec9,1,0.9482383728027344
train/malignant/malignant (45)-rotated2-rotated32.png,bag-f25ec6366ec9,1,0.9480269551277161
train/malignant/malignant (45)-rotated2-sharpened.png,bag-f25ec6366ec9,1,0.9404153227806091
train/malignant/malignant (45)-rotated2.png,bag-f25ec6366ec9,1,0.9644113183021545
train/malignant/malignant (45)-rotated32-rotated1.png,bag-f25ec6366ec9,1,0.895693838596344
train/malignant/malignant (45)-rotated32-rotated2.png,bag-f25ec6366ec9,1,0.9326890110969543
train/malignant/malignant (45)-rotated32-rotated32.png,bag-f25ec6366ec9,1,0.9433928728103638
train/malignant/malignant (45)-rotated32-sharpened.png,bag-f25ec6366ec9,1,0.9019069075584412
train/malignant/malignant (45)-rotated32.png,bag-f25ec6366ec9,1,0.907313346862793
train/malignant/malignant (45)-sharpened-rotated1.png,bag-f25ec6366ec9,1,0.9085977673530579
train/malignant/malignant (45)-sharpened-rotated2.png,bag-f25ec6366ec9,1,0.9139639735221863
train/malignant/malignant (45)-sharpened-rotated32.png,bag-f25ec6366ec9,1,0.9591854214668274
train/malignant/malignant (45)-sharpened-sharpened.png,bag-f25ec6366ec9,1,0.9045732617378235
train/malignant/malignant (45)-sharpened.png,bag-f25ec6366ec9,1,0.9484990239143372
train/malignant/malignant (45).png,bag-f25ec6366ec9,1,0.928673267364502
train/malignant/malignant (39)-rotated1-rotated1.png,bag-f3f8466c4532,1,0.954142689704895
train/malignant/malignant (39)-rotated1-rotated2.png,bag-f3f8466c4532,1,0.9649529457092285
train/malignant/malignant (39)-rotated1-rotated32.png,bag-f3f8466c4532,1,0.9467067122459412
train/malignant/malignant (39)-rotated1-sharpened.png,bag-f3f8466c4532,1,0.9542471170425415
train/malignant/malignant (39)-rotated1.png,bag-f3f8466c4532,1,0.9552444219589233
train/malignant/malignant (39)-rotated2-rotated1.png,bag-f3f8466c4532,1,0.9699468016624451
train/malignant/malignant (39)-rotated2-rotated2.png,bag-f3f8466c4532,1,0.9526476860046387
train/malignant/malignant (39)-rotated2-rotated32.png,bag-f3f8466c4532,1,0.9449899792671204
train/malignant/malignant (39)-rotated2-sharpened.png,bag-f3f8466c4532,1,0.9423633813858032
train/malignant/malignant (39)-rotated2.png,bag-f3f8466c4532,1,0.9536221623420715
train/malignant/malignant (39)-rotated32-rotated1.png,bag-f3f8466c4532,1,0.9438440799713135
train/malignant/malignant (39)-rotated32-rotated2.png,bag-f3f8466c4532,1,0.9502728581428528
train/malignant/malignant (39)-rotated32-rotated32.png,bag-f3f8466c4532,1,0.946248471736908
train/malignant/malignant (39)-rotated32-sharpened.png,bag-f3f8466c4532,1,0.9512894153594971
train/malignant/malignant (39)-rotated32.png,bag-f3f8466c4532,1,0.9597035050392151
train/malignant/malignant (39)-sharpened-rotated1.png,bag-f3f8466c4532,1,0.9520196914672852
train/malignant/malignant (39)-sharpened-rotated2.png,bag-f3f8466c4532,1,0.9559123516082764
train/malignant/malignant (39)-sharpened-rotated32.png,bag-f3f8466c4532,1,0.9490237832069397
train/malignant/malignant (39)-sharpened-sharpened.png,bag-f3f8466c4532,1,0.8915661573410034
train/malignant/malignant (39)-sharpened.png,bag-f3f8466c4532,1,0.9542471170425415
train/malignant/malignant (39).png,bag-f3f8466c4532,1,0.9536486268043518
train/benign/benign (276)-rotated1-rotated1.png,bag-ff1bc7c8b40b,0,0.8964281678199768
train/benign/benign (276)-rotated1-rotated2.png,bag-ff1bc7c8b40b,0,0.9009186625480652
train/benign/benign (276)-rotated1-sharpened.png,bag-ff1bc7c8b40b,0,0.9289162755012512
train/benign/benign (276)-rotated1.jpg,bag-ff1bc7c8b40b,0,0.8854103684425354
train/benign/benign (276)-rotated1.png,bag-ff1bc7c8b40b,0,0.9143449068069458
train/benign/benign (276)-rotated2-rotated1.png,bag-ff1bc7c8b40b,0,0.9090487957000732
train/benign/benign (276)-rotated2-rotated2.png,bag-ff1bc7c8b40b,0,0.9515463709831238
train/benign/benign (276)-rotated2-sharpened.png,bag-ff1bc7c8b40b,0,0.9506669044494629
train/benign/benign (276)-rotated2.jpg,bag-ff1bc7c8b40b,0,0.8484801054000854
train/benign/benign (276)-rotated2.png,bag-ff1bc7c8b40b,0,0.8618496060371399
train/benign/benign (276)-sharpened-rotated1.png,bag-ff1bc7c8b40b,0,0.930814266204834
train/benign/benign (276)-sharpened-rotated2.png,bag-ff1bc7c8b40b,0,0.8836528062820435
train/benign/benign (276)-sharpened-sharpened.png,bag-ff1bc7c8b40b,0,0.8510688543319702
train/benign/benign (276)-sharpened.jpg,bag-ff1bc7c8b40b,0,0.8275415897369385
train/benign/benign (276)-sharpened.png,bag-ff1bc7c8b40b,0,0.8235671520233154
train/benign/benign (276).png,bag-ff1bc7c8b40b,0,0.8007230758666992
