bag_id,source_group_id,bag_label,instance_count,instance_list,instance_md5_list,source_key,source_key_status,splits,multi_split,original_candidate_path
bag-0013591ebd00,grp-0013591ebd00,malignant,21,train/malignant/malignant (83)-rotated1-rotated1.png|train/malignant/malignant (83)-rotated1-rotated2.png|train/malignant/malignant (83)-rotated1-rotated32.png|train/malignant/malignant (83)-rotated1-sharpened.png|train/malignant/malignant (83)-rotated1.png|train/malignant/malignant (83)-rotated2-rotated1.png|train/malignant/malignant (83)-rotated2-rotated2.png|train/malignant/malignant (83)-rotated2-rotated32.png|train/malignant/malignant (83)-rotated2-sharpened.png|train/malignant/malignant (83)-rotated2.png|train/malignant/malignant (83)-rotated32-rotated1.png|train/malignant/malignant (83)-rotated32-rotated2.png|train/malignant/malignant (83)-rotated32-rotated32.png|train/malignant/malignant (83)-rotated32-sharpened.png|train/malignant/malignant (83)-rotated32.png|train/malignant/malignant (83)-sharpened-rotated1.png|train/malignant/malignant (83)-sharpened-rotated2.png|train/malignant/malignant (83)-sharpened-rotated32.png|train/malignant/malignant (83)-sharpened-sharpened.png|train/malignant/malignant (83)-sharpened.png|train/malignant/malignant (83).png,4565308b9999e05e6adaf889c75e3c73|d4a85577ee6450bc529c2289c5fc51be|03f46119cb6d0c0fccf04b0e2c2205f0|68279a2fc7bb3380f7fd9565266ff63f|6d7bcc0e0b98a8c98ebd0661f0a45e3b|339e7667b10978f57a8efb4d7488174b|0d9bf3cff3bc809089a4825a279c0fd6|f19e8bbd2c45c8da2409dd4e796cf1b8|d6d66a7f1dfd4fe9a48d5ae215dd3365|c7d5b95edc25ff0f5436317104789247|cbe97f62ec368afb2c3a318e085d1fcd|ac2b89c68ab16e0c837a2e9a221a7586|7a9764302395c6fb1181380e34fcb02b|46195ebd09d77958e1905c94451c385d|52bb080feeacdaacdb8ffdb0d34f3930|b90d72ea2bd283b63b566e51e705695a|8cb3595922902467d707162bed76a3c4|74b5640b7fc7e2ff8b0e520cc321741a|80ecb3b1dec313cb9f983cec4cd9cf08|b6d0b3f4693aad7bab8744be9eaac033|1b6835015ce1ff9aa23636464c830fe3,malignant (83),inferred_from_filename_not_verified_identifier,train,False,train/malignant/malignant (83).png
bag-00d0e5e9344a,grp-00d0e5e9344a,benign,16,train/benign/benign (200)-rotated1-rotated1.png|train/benign/benign (200)-rotated1-rotated2.png|train/benign/benign (200)-rotated1-sharpened.png|train/benign/benign (200)-rotated1.jpg|train/benign/benign (200)-rotated1.png|train/benign/benign (200)-rotated2-rotated1.png|train/benign/benign (200)-rotated2-rotated2.png|train/benign/benign (200)-rotated2-sharpened.png|train/benign/benign (200)-rotated2.jpg|train/benign/benign (200)-rotated2.png|train/benign/benign (200)-sharpened-rotated1.png|train/benign/benign (200)-sharpened-rotated2.png|train/benign/benign (200)-sharpened-sharpened.png|train/benign/benign (200)-sharpened.jpg|train/benign/benign (200)-sharpened.png|train/benign/benign (200).png,7f84547c763186ff45ffce450d919b76|bcf91009b12ccfd14b8b58c43273c91c|42d0b012f0b5edb46a61bb316fd5e3de|57935d288bebb15f97e68e80da611f1d|ecba65f019ae5788e7954256e4b7d075|0a43015ca79372fd98c1a9016b2ddbe8|999726e922febc33f2795f2aee09e24f|b0691eeb843ebe9e099ac6897c3c6be6|57935d288bebb15f97e68e80da611f1d|9980d744d1f46019c24069828edcff97|e8e698889a5b3574e842011347f58760|77026541210cd263e5d6b6f09dc6f465|61cb356b99158c9a96ba24632e6a8ba5|1727de8f90c46c64142c2942ed0efb66|1295653352af78e9c80186de8a997f12|0d0d5093f3e8b7a3c9cff9a8ad649512,benign (200),inferred_from_filename_not_verified_identifier,train,False,train/benign/benign (200).png
bag-01a4298f9ca8,grp-01a4298f9ca8,malignant,21,train/malignant/malignant (106)-rotated1-rotated1.png|train/malignant/malignant (106)-rotated1-rotated2.png|train/malignant/malignant (106)-rotated1-rotated32.png|train/malignant/malignant (106)-rotated1-sharpened.png|train/malignant/malignant (106)-rotated1.png|train/malignant/malignant (106)-rotated2-rotated1.png|train/malignant/malignant (106)-rotated2-rotated2.png|train/malignant/malignant (106)-rotated2-rotated32.png|train/malignant/malignant (106)-rotated2-sharpened.png|train/malignant/malignant (106)-rotated2.png|train/malignant/malignant (106)-rotated32-rotated1.png|train/malignant/malignant (106)-rotated32-rotated2.png|train/malignant/malignant (106)-rotated32-rotated32.png|train/malignant/malignant (106)-rotated32-sharpened.png|train/malignant/malignant (106)-rotated32.png|train/malignant/malignant (106)-sharpened-rotated1.png|train/malignant/malignant (106)-sharpened-rotated2.png|train/malignant/malignant (106)-sharpened-rotated32.png|train/malignant/malignant (106)-sharpened-sharpened.png|train/malignant/malignant (106)-sharpened.png|train/malignant/malignant (106).png,ef9979fd23ee07f2dfe795b5da9ca5dc|9c9570509f3ae1d8e70e8cad4c66a263|80aba917b8cae62683c47604d91d4832|432e77a1fb9fda8d76965320d6e1666e|46e540162a267edd3e9bb443859c7d49|3613cc34aedfd6bc853b13bfc5397dbf|718e82b6bfa03f3909b4cdd03eda97b4|dd57977aed04295acfe085ef01807929|7ed962dd0aa9efc0e556ccdcd853d950|9515edc2e4b9ad9eb93687d637f5c935|a90fcbeec1396a34ace08930f7dca10c|112520e8095f85891b2cc0aa0caf1e8e|6f65fa9aae69cfe5cb7077e169db678f|b00ab1a593c99fd8d5e45869ccb0c06a|af3ff8d6c015df218ee9051a7705e4f5|b2c11bd9f44992a8749716709ec8d6a6|c4be89aa1cffc01bfcdd60b4779f0a73|a670e16f01fececf09f1145692892f63|1d81dcc02d98eb7aad2416eeb10909a2|ae64b98a566fe9d6941a4edbe7efb645|fc1acc377ee49a20ac4790931f7784f3,malignant (106),inferred_from_filename_not_verified_identifier,train,False,train/malignant/malignant (106).png
bag-01e91c2df96c,grp-01e91c2df96c,benign,16,val/benign/benign (6)-rotated1-rotated1.png|val/benign/benign (6)-rotated1-rotated2.png|val/benign/benign (6)-rotated1-sharpened.png|val/benign/benign (6)-rotated1.jpg|val/benign/benign (6)-rotated1.png|val/benign/benign (6)-rotated2-rotated1.png|val/benign/benign (6)-rotated2-rotated2.png|val/benign/benign (6)-rotated2-sharpened.png|val/benign/benign (6)-rotated2.jpg|val/benign/benign (6)-rotated2.png|val/benign/benign (6)-sharpened-rotated1.png|val/benign/benign (6)-sharpened-rotated2.png|val/benign/benign (6)-sharpened-sharpened.png|val/benign/benign (6)-sharpened.jpg|val/benign/benign (6)-sharpened.png|val/benign/benign (6).png,988f1b8cd4863c17affacd8f1dc250dd|4a2ea6d38962ea971067c406b8fcc558|32c97fb60060571457705ae05a06575d|6988b6fea38616e5511962e721a81d14|b5153601c9d05cf3ccec3ddd96bf4f94|2ae8ec91104bc5129f5d13c8c1cc0b3f|61cc5f01887d5e157d6d4945518183e8|a306bd69a2518e174e704437e9e731dc|fb09d4abfd8a4a44d94077605870fc9f|a0f6844505d98990b9a439bfcb81d664|871eef6ee24dca7df440c5e9aaa946d6|7ac76420dae3aacb061db5f01f78f04e|5a53ca2c905d85fb0283fafc44e3b72b|5e5fefbdac52f7e5501a6b5e684149a3|2ddf125329a2ce04012e05cbb14e15dc|69b05ad00025c12305074e889d0a4af9,benign (6),inferred_from_filename_not_verified_identifier,val,False,val/benign/benign (6).png
bag-02d71684b85c,grp-02d71684b85c,malignant,21,train/malignant/malignant (168)-rotated1-rotated1.png|train/malignant/malignant (168)-rotated1-rotated2.png|train/malignant/malignant (168)-rotated1-rotated32.png|train/malignant/malignant (168)-rotated1-sharpened.png|train/malignant/malignant (168)-rotated1.png|train/malignant/malignant (168)-rotated2-rotated1.png|train/malignant/malignant (168)-rotated2-rotated2.png|train/malignant/malignant (168)-rotated2-rotated32.png|train/malignant/malignant (168)-rotated2-sharpened.png|train/malignant/malignant (168)-rotated2.png|train/malignant/malignant (168)-rotated32-rotated1.png|train/malignant/malignant (168)-rotated32-rotated2.png|train/malignant/malignant (168)-rotated32-rotated32.png|train/malignant/malignant (168)-rotated32-sharpened.png|train/malignant/malignant (168)-rotated32.png|train/malignant/malignant (168)-sharpened-rotated1.png|train/malignant/malignant (168)-sharpened-rotated2.png|train/malignant/malignant (168)-sharpened-rotated32.png|train/malignant/malignant (168)-sharpened-sharpened.png|train/malignant/malignant (168)-sharpened.png|train/malignant/malignant (168).png,d5ba16dbe22fb7f9d0e8886b31da385c|54f48fbfaed2bc18e73e48bc0b1828e5|39822d8326072b69f1793836eaf2e572|0b83cc73315b0dc3b19b3016f9fe6ce0|f0f7077e70561a5e07f98fcaabeda8af|8bbe886975e79af0ddede0e7b2d84722|e59335f7efe1798e83d299ef26c80b67|b0224a47ee9783abed38f4f143b301e8|ab55e20a6704a2fd9e2400f1feb55adf|9c78251af8236bebf061f0bb17dffc50|f708e7181f207625504596ffaa08b382|e1f3490b120d8a501fa60cb626af25bd|2214240cd562f067cba9a18b75ed92f5|34961e58cf2de8e53877530e41621936|088b12c7f42e64999f2233a3226aa23f|7d5f260c13ff0803d502f4f5662327de|dd5ce078b5d25729458fc39cd37e3934|5fe925f6ba15043cba5d685a8c6af838|2ff35711f50a22a7824338411070bd72|dd5ce078b5d25729458fc39cd37e3934|774f0db13e6cd3d755317d038f3ff93e,malignant (168),inferred_from_filename_not_verified_identifier,train,False,train/malignant/malignant (168).png
bag-04474137c4ad,grp-04474137c4ad,malignant,21,train/malignant/malignant (192)-rotated1-rotated1.png|train/malignant/malignant (192)-rotated1-rotated2.png|train/malignant/malignant (192)-rotated1-rotated32.png|train/malignant/malignant (192)-rotated1-sharpened.png|train/malignant/malignant (192)-rotated1.png|train/malignant/malignant (192)-rotated2-rotated1.png|train/malignant/malignant (192)-rotated2-rotated2.png|train/malignant/malignant (192)-rotated2-rotated32.png|train/malignant/malignant (192)-rotated2-sharpened.png|train/malignant/malignant (192)-rotated2.png|train/malignant/malignant (192)-rotated32-rotated1.png|train/malignant/malignant (192)-rotated32-rotated2.png|train/malignant/malignant (192)-rotated32-rotated32.png|train/malignant/malignant (192)-rotated32-sharpened.png|train/malignant/malignant (192)-rotated32.png|train/malignant/malignant (192)-sharpened-rotated1.png|train/malignant/malignant (192)-sharpened-rotated2.png|train/malignant/malignant (192)-sharpened-rotated32.png|train/malignant/malignant (192)-sharpened-sharpened.png|train/malignant/malignant (192)-sharpened.png|train/malignant/malignant (192).png,7b88701370e92469422bc50639a63997|96e007ef84b5374acc23951e2eb0c39b|8120b77cbec6a79920203bc962b438d6|0295898d2584c6ac08c7bc5e570c57de|835819ca6e10f36b1b982600a3be8f52|97483ad80674495609c0c57fb611a96d|cae5f1f5ee108d1f07057e07456b8261|f9c71e6a01d5d18cfc37f1b2ecc98c63|ddf8fcd6fef88c5340b1708a183fa6d4|06565685215f3e666b44774815cf61b6|b5935329c00b3f64cb5336706d0e807d|f9274a0dbd7c27c2d67b6fbb51e72316|eb5980b6d58b469225e5d40e73e2a835|3cac2bb33321bba9a20408da1f581e46|45f4394335586a9ea7e62ae477d54b3a|92137654e71a506ecd4788c4363b02ac|30200bf440658e99d09f4ff98fec02c1|04bf7d878f4b0abd2dff5809644669ed|7dd25b8609b741328de6f33f54dd9144|daada45a12cca2ad8772253863b80200|0cc7d10f9d9f3bd4e2531573657dea69,malignant (192),inferred_from_filename_not_verified_identifier,train,False,train/malignant/malignant (192).png
bag-049fdd00c10c,grp-049fdd00c10c,malignant,21,train/malignant/malignant (90)-rotated1-rotated1.png|train/malignant/malignant (90)-rotated1-rotated2.png|train/malignant/malignant (90)-rotated1-rotated32.png|train/malignant/malignant (90)-rotated1-sharpened.png|train/malignant/malignant (90)-rotated1.png|train/malignant/malignant (90)-rotated2-rotated1.png|train/malignant/malignant (90)-rotated2-rotated2.png|train/malignant/malignant (90)-rotated2-rotated32.png|train/malignant/malignant (90)-rotated2-sharpened.png|train/malignant/malignant (90)-rotated2.png|train/malignant/malignant (90)-rotated32-rotated1.png|train/malignant/malignant (90)-rotated32-rotated2.png|train/malignant/malignant (90)-rotated32-rotated32.png|train/malignant/malignant (90)-rotated32-sharpened.png|train/malignant/malignant (90)-rotated32.png|train/malignant/malignant (90)-sharpened-rotated1.png|train/malignant/malignant (90)-sharpened-rotated2.png|train/malignant/malignant (90)-sharpened-rotated32.png|train/malignant/malignant (90)-sharpened-sharpened.png|train/malignant/malignant (90)-sharpened.png|train/malignant/malignant (90).png,4ff78f311a3bdfd5621824076fab3684|07e3b199876c382e86efa26d41e61144|82907b68adf5d5b8c7d0599ac0e19cf9|6ae0b168eb4a0b7b681f16ed6c176145|0b52462c08381242dc2844cf028daf08|3e27db36d638faedb237ad7b69b6ca13|e5798c4fae1294402b6ac52022005822|cc4d5bd740c937b5f786a16e01ffd635|19478f8c3d43f7d5ee9a2d8742a42724|df0fa9669e2f155a01756e0a44d0bf03|a37caee0c7c6f04ccb6d379d87b8f7ca|ee321853bb419351dfb68196909894af|561a11fe623ecfb1c54be58f5e856634|b8d297324540339ed8c6476f9fa656c7|5657d5369b230609988e116da0edc139|0ca6a5655393d4712d5b193547965e3f|6196036598dcc9b4798a81eae62261d2|b89b6b58128133171171257b13a92adb|3f24a884489a81c05f63b61622f9e97a|6f262c4e86d0e2b03b47f6ca50d9ec5e|23b867184d4b96d51f4f8e792f8c0ca3,malignant (90),inferred_from_filename_not_verified_identifier,train,False,train/malignant/malignant (90).png
bag-04d1c13c4774,grp-04d1c13c4774,malignant,21,train/malignant/malignant (147)-rotated1-rotated1.png|train/malignant/malignant (147)-rotated1-rotated2.png|train/malignant/malignant (147)-rotated1-rotated32.png|train/malignant/malignant (147)-rotated1-sharpened.png|train/malignant/malignant (147)-rotated1.png|train/malignant/malignant (147)-rotated2-rotated1.png|train/malignant/malignant (147)-rotated2-rotated2.png|train/malignant/malignant (147)-rotated2-rotated32.png|train/malignant/malignant (147)-rotated2-sharpened.png|train/malignant/malignant (147)-rotated2.png|train/malignant/malignant (147)-rotated32-rotated1.png|train/malignant/malignant (147)-rotated32-rotated2.png|train/malignant/malignant (147)-rotated32-rotated32.png|train/malignant/malignant (147)-rotated32-sharpened.png|train/malignant/malignant (147)-rotated32.png|train/malignant/malignant (147)-sharpened-rotated1.png|train/malignant/malignant (147)-sharpened-rotated2.png|train/malignant/malignant (147)-sharpened-rotated32.png|train/malignant/malignant (147)-sharpened-sharpened.png|train/malignant/malignant (147)-sharpened.png|train/malignant/malignant (147).png,fb4dedac83065be67ef9c8d754f73ddf|f6ec12cb0fae731e42a5176dc499ff7c|78777c1ae0c69c06da22dcd9226bcc72|bbe9a44146af5f2453b24f573094e614|34f7f69aedf03ec166d47e1a37296f57|5bd64004574fa554ae1aa5b9dd87a80b|64db38c78d8028c53281543d8a48adb3|4eb15504948c5f221d0f403523173d1a|7ab0ae15937aff610938af04b8e47568|ed2cecf5235c2b6a943ae600d3e80533|423eb5cc916a59b656ef6bc4bc6742d7|423eb5cc916a59b656ef6bc4bc6742d7|b5507f526c300a568cd6a75e380de2b1|71c505fb28533674037d97b8caf020e6|649c84529162760e03996840be21d776|fa79a168fd65740ebddbaef6cc452370|2f12180fc003284bfd0cc7dd0bb68aaf|f4497df4abbb953c28144ae8180e3cf8|597d2962314c1f3bb80f0bd7ecb880c6|42eff144587d663a5c9b3519a2b2cce0|6b88e2fc24cc5f94420889d6790bcb9f,malignant (147),inferred_from_filename_not_verified_identifier,train,False,train/malignant/malignant (147).png
bag-05c39d11dbfe,grp-05c39d11dbfe,malignant,21,train/malignant/malignant (132)-rotated1-rotated1.png|train/malignant/malignant (132)-rotated1-rotated2.png|train/malignant/malignant (132)-rotated1-rotated32.png|train/malignant/malignant (132)-rotated1-sharpened.png|train/malignant/malignant (132)-rotated1.png|train/malignant/malignant (132)-rotated2-rotated1.png|train/malignant/malignant (132)-rotated2-rotated2.png|train/malignant/malignant (132)-rotated2-rotated32.png|train/malignant/malignant (132)-rotated2-sharpened.png|train/malignant/malignant (132)-rotated2.png|train/malignant/malignant (132)-rotated32-rotated1.png|train/malignant/malignant (132)-rotated32-rotated2.png|train/malignant/malignant (132)-rotated32-rotated32.png|train/malignant/malignant (132)-rotated32-sharpened.png|train/malignant/malignant (132)-rotated32.png|train/malignant/malignant (132)-sharpened-rotated1.png|train/malignant/malignant (132)-sharpened-rotated2.png|train/malignant/malignant (132)-sharpened-rotated32.png|train/malignant/malignant (132)-sharpened-sharpened.png|train/malignant/malignant (132)-sharpened.png|train/malignant/malignant (132).png,e3f80c92f1355df2ccdb4d78223f3d20|e0a6139abef1155caddd670b0921b3dc|3ddc91195e2ccedeed40cb64767244f2|2f00d1801403f3da5df45351892a9de1|94639751e48933107c6f8d2b8543117c|0f73bd8ae0bbb4c416e1cedae3b35a52|b0be7dba9dce50cab94e528dbe017af8|34ddf607246253c07ba36fa572758a08|400d9f0cf1d4793387d51726d7da7994|6d90c0e2e3bb543f95e0fbb6dbd379f3|322dca1626f4ff34abe54475417c3ed5|58280635dc86992d7a40648f274ff836|e37f7115137ae99540e7c455279edc91|870eae2319184b374f96c38e5633e2b1|2fa98106bfd621d2ad148b555ae46a3c|1704bced412071acd781606e0b4fe289|f6ab0a00de9dff4b119014ef2577b2fa|accd5cc3cddc87d75aa83cfc3b0ff305|bc8d5fa3f88091b420e51ea1423e7990|0094a973937cd8801319e874210d35f9|9298989d4b33c898b515f222727e5548,malignant (132),inferred_from_filename_not_verified_identifier,train,False,train/malignant/malignant (132).png
bag-05d8f8e1658b,grp-05d8f8e1658b,benign,16,train/benign/benign (179)-rotated1-rotated1.png|train/benign/benign (179)-rotated1-rotated2.png|train/benign/benign (179)-rotated1-sharpened.png|train/benign/benign (179)-rotated1.jpg|train/benign/benign (179)-rotated1.png|train/benign/benign (179)-rotated2-rotated1.png|train/benign/benign (179)-rotated2-rotated2.png|train/benign/benign (179)-rotated2-sharpened.png|train/benign/benign (179)-rotated2.jpg|train/benign/benign (179)-rotated2.png|train/benign/benign (179)-sharpened-rotated1.png|train/benign/benign (179)-sharpened-rotated2.png|train/benign/benign (179)-sharpened-sharpened.png|train/benign/benign (179)-sharpened.jpg|train/benign/benign (179)-sharpened.png|train/benign/benign (179).png,b4a5f6f55e4553d64a8f99033e710818|a1bc0afbb1744cdce626e66b22b33cdb|c61247176448bd2f85a5306777439ad0|9164cc448bab7aad669c0415a683dab9|3b14981c60e7b4676d27ae13fac4de06|af8091097cd6e9229f9df6822cd0055d|50e4ec4001879e71b4dae2b04c1cb018|c6b786630d9bf33424d001a2882b8f91|c56dd384808dae4466eeb13e00469b07|944a1dcb04acb9a16950aad2af64de61|fa712fdd487dd73a92ddcf0944666b3b|328248bc0ea7d0c90868356f47fa6247|849b07aee36a10395b08600ae789f44c|a2967d0603b856a777e78ddfb375b4ad|2793ba54ba0442bcf106bb680eeff835|a034ac0b79dd6597b2818f6fb065cb00,benign (179),inferred_from_filename_not_verified_identifier,train,False,train/benign/benign (179).png
bag-060f7dd20be5,grp-060f7dd20be5,benign,16,train/benign/benign (232)-rotated1-rotated1.png|train/benign/benign (232)-rotated1-rotated2.png|train/benign/benign (232)-rotated1-sharpened.png|train/benign/benign (232)-rotated1.jpg|train/benign/benign (232)-rotated1.png|train/benign/benign (232)-rotated2-rotated1.png|train/benign/benign (232)-rotated2-rotated2.png|train/benign/benign (232)-rotated2-sharpened.png|train/benign/benign (232)-rotated2.jpg|train/benign/benign (232)-rotated2.png|train/benign/benign (232)-sharpened-rotated1.png|train/benign/benign (232)-sharpened-rotated2.png|train/benign/benign (232)-sharpened-sharpened.png|train/benign/benign (232)-sharpened.jpg|train/benign/benign (232)-sharpened.png|train/benign/benign (232).png,098eaa0c930efb59fbaec091310d7991|e3bda86a500aa15d81a94f343f87d9c3|6cad98fc99b99dcee5af62475de5cfc0|898a8ddd3702095c7529fde8d023f381|5ab9b777e987698b40d9f0e9b41179d6|18f9a940d2894d4cc65887a440ace1f3|42abdd8985ae879f39c742eac72972d6|e7c6ca35ba36604ba66f6f22f98b4f38|d0e612b960df69256cf251bfae9efcf3|971463f466fe0125ad18bd87b95a3d48|17d21233379c80ff69ac32a05bbe69d2|5242c74ad32bebb3eda9cf3153d40ff0|b678c1505b86bc103884c7d355477aaf|dddfc1f44ea6c961348701fe3eab83e9|9a07e6dd93b54a5607b155f6816a3596|a5fc6ee71d978280f444ead38992f7ec,benign (232),inferred_from_filename_not_verified_identifier,train,False,train/benign/benign (232).png
bag-0628c9887393,grp-0628c9887393,malignant,21,train/malignant/malignant (113)-rotated1-rotated1.png|train/malignant/malignant (113)-rotated1-rotated2.png|train/malignant/malignant (113)-rotated1-rotated32.png|train/malignant/malignant (113)-rotated1-sharpened.png|train/malignant/malignant (113)-rotated1.png|train/malignant/malignant (113)-rotated2-rotated1.png|train/malignant/malignant (113)-rotated2-rotated2.png|train/malignant/malignant (113)-rotated2-rotated32.png|train/malignant/malignant (113)-rotated2-sharpened.png|train/malignant/malignant (113)-rotated2.png|train/malignant/malignant (113)-rotated32-rotated1.png|train/malignant/malignant (113)-rotated32-rotated2.png|train/malignant/malignant (113)-rotated32-rotated32.png|train/malignant/malignant (113)-rotated32-sharpened.png|train/malignant/malignant (113)-rotated32.png|train/malignant/malignant (113)-sharpened-rotated1.png|train/malignant/malignant (113)-sharpened-rotated2.png|train/malignant/malignant (113)-sharpened-rotated32.png|train/malignant/malignant (113)-sharpened-sharpened.png|train/malignant/malignant (113)-sharpened.png|train/malignant/malignant (113).png,3589f43cc0a19cb2e3d69d92888fac98|2c9e91d5bb498a38d75c911def56c3f8|daf3ba1cd2643c634e39e432007186cf|677f29e52210c83a4cf384979a3001de|d5290a31bdc66072e3bf3acf053c33e8|694ac77e1bc9116b58726dedad258131|612de1c3a9ed201d18f5b0ce9d74c6b6|4d94873a017263faa7ae034824d24ff9|6ac81842af6baf45bf0cdb74491cf8f0|92cdbdb6de08499e2df95b939959951a|af3c2f0615190bb5b34a1f1f74dfd7a1|9e9a0fb091d48a19914eac48d0912b3c|395f66f0016dccdd707c746add5d9117|9cdd5f0f7ef898e70c149a875ea36828|5b2482d1678aeaddeb72cd1611440024|80d4957e9cb491189c2fffaa424fe6c4|ac6ef4472649fdbe476d9d511f4ab1e3|4bbeb0d79fddc31175f1edb5bfc776bf|dfd248537c24eadecf06a2b90ccc1c17|43c190421df6767fbf6b4e5d44aa142b|601ef795c90dd7b60bfba4a482cca965,malignant (113),inferred_from_filename_not_verified_identifier,train,False,train/malignant/malignant (113).png
bag-06e9d634e8e4,grp-06e9d634e8e4,malignant,21,train/malignant/malignant (150)-rotated1-rotated1.png|train/malignant/malignant (150)-rotated1-rotated2.png|train/malignant/malignant (150)-rotated1-rotated32.png|train/malignant/malignant (150)-rotated1-sharpened.png|train/malignant/malignant (150)-rotated1.png|train/malignant/malignant (150)-rotated2-rotated1.png|train/malignant/malignant (150)-rotated2-rotated2.png|train/malignant/malignant (150)-rotated2-rotated32.png|train/malignant/malignant (150)-rotated2-sharpened.png|train/malignant/malignant (150)-rotated2.png|train/malignant/malignant (150)-rotated32-rotated1.png|train/malignant/malignant (150)-rotated32-rotated2.png|train/malignant/malignant (150)-rotated32-rotated32.png|train/malignant/malignant (150)-rotated32-sharpened.png|train/malignant/malignant (150)-rotated32.png|train/malignant/malignant (150)-sharpened-rotated1.png|train/malignant/malignant (150)-sharpened-rotated2.png|train/malignant/malignant (150)-sharpened-rotated32.png|train/malignant/malignant (150)-sharpened-sharpened.png|train/malignant/malignant (150)-sharpened.png|train/malignant/malignant (150).png,f5ee25e843e86834b1967883680f5339|977cdf49363911fff8085084e4ab6f5c|ccf2d6aab582be037502e47ac73fe403|9250dd8c1034a8a701b70b6deae83f43|3ce6175be222709a621ac0f58aaf21f1|caedd3825b8285af3a42230bd6001b7d|ff17afbe4b840b51f9ff6c1f8ade7182|9a7740f999f630bd90a12859d97b33d1|9087b98e96dd9a04c3cc8caf2d6f6429|9abfe67dc112d3f33b558c61e49f6f8b|10e6f5d811edbdd92efdb258e6c9818f|cd1fcc3ea19fb8ca38515662b44ae3da|5e728a725d70f67c56a3ed19dc2b68f6|32cb4ef7f5361308a757b7f543c8c538|1655bd3fe951a4b91d8bcce583958f5e|487ce0fbc071a0b76cdf2ad1201c411e|f0f1e801a7165a0110525e8fa2de8436|260c088c4973167f831de1a1efd358ab|0f6afad03fe4898b0d07ae2de2e36776|487ce0fbc071a0b76cdf2ad1201c411e|560b8e4b1b0fcfcfa12a164057abcfb1,malignant (150),inferred_from_filename_not_verified_identifier,train,False,train/malignant/malignant (150).png
bag-0742c6d530b5,grp-0742c6d530b5,benign,16,train/benign/benign (145)-rotated1-rotated1.png|train/benign/benign (145)-rotated1-rotated2.png|train/benign/benign (145)-rotated1-sharpened.png|train/benign/benign (145)-rotated1.jpg|train/benign/benign (145)-rotated1.png|train/benign/benign (145)-rotated2-rotated1.png|train/benign/benign (145)-rotated2-rotated2.png|train/benign/benign (145)-rotated2-sharpened.png|train/benign/benign (145)-rotated2.jpg|train/benign/benign (145)-rotated2.png|train/benign/benign (145)-sharpened-rotated1.png|train/benign/benign (145)-sharpened-rotated2.png|train/benign/benign (145)-sharpened-sharpened.png|train/benign/benign (145)-sharpened.jpg|train/benign/benign (145)-sharpened.png|train/benign/benign (145).png,e5b9b4c80c6095cf86a5d36e5dd4c65f|d13d206dff35fbde708b00f361de2040|edd53d57648a8eac95df0107966bef51|0119779ed8f3e140cf7258625ff7632b|8beb57b407a5381e1245e5ca1d0c730f|69244a002c768888f4b4bc1652fffff1|065f9698954306b537c5152b33916688|9a688ffe7e06ef17a8686795e9bb11ca|6d92be4f005d9ec46c06e32286c5a50d|96714fd915be5c27d10daf2eeb8ea0b7|2d4235b2febef466ffa9beb5de156300|f750c67e00a679b0640a26e957179764|678c216e3efe34f3a9954552ca967e1a|125c30eba19fd0977c866da9a544a391|dfa11fd550cef86ecb509e11cfd67d90|59ace69dd604a25b436ef3cb80c60857,benign (145),inferred_from_filename_not_verified_identifier,train,False,train/benign/benign (145).png
bag-075cb3c0daf5,grp-075cb3c0daf5,benign,16,train/benign/benign (137)-rotated1-rotated1.png|train/benign/benign (137)-rotated1-rotated2.png|train/benign/benign (137)-rotated1-sharpened.png|train/benign/benign (137)-rotated1.jpg|train/benign/benign (137)-rotated1.png|train/benign/benign (137)-rotated2-rotated1.png|train/benign/benign (137)-rotated2-rotated2.png|train/benign/benign (137)-rotated2-sharpened.png|train/benign/benign (137)-rotated2.jpg|train/benign/benign (137)-rotated2.png|train/benign/benign (137)-sharpened-rotated1.png|train/benign/benign (137)-sharpened-rotated2.png|train/benign/benign (137)-sharpened-sharpened.png|train/benign/benign (137)-sharpened.jpg|train/benign/benign (137)-sharpened.png|train/benign/benign (137).png,b1aface6d1ccb8f1574aae0980bbb2ab|64acd29f30bc009a39759386295f0dfc|e3d4bc12c8a838f2fa12c78b1c71acea|31150fc72d029abefc9c9804959bcc9b|70d73e89ab72b5bb160597b0626ce83a|3a1f8753acebe313786a18235ea52fc2|474c663f621b49b454422a89b031104c|ddc68910230df641cdc7ca09245499b6|9c01be6a053a66e05e13a02feded6b66|68f7ca52cd136c19602cab460d05b6b8|a86dbdf21d8eff2ce6da3a1b213de37b|255a610633a5b33fc5c06506a714b594|bee63e2f334c4ec3e91ebb8b4d2d19f3|2b44b55665772d10e71d02380be0eaa1|b6c53c3e593b0adaa7fe81a65723203e|4a829bc2681d10d19fa7f291d38caccd,benign (137),inferred_from_filename_not_verified_identifier,train,False,train/benign/benign (137).png
bag-0761a62689a2,grp-0761a62689a2,benign,16,val/benign/benign (17)-rotated1-rotated1.png|val/benign/benign (17)-rotated1-rotated2.png|val/benign/benign (17)-rotated1-sharpened.png|val/benign/benign (17)-rotated1.jpg|val/benign/benign (17)-rotated1.png|val/benign/benign (17)-rotated2-rotated1.png|val/benign/benign (17)-rotated2-rotated2.png|val/benign/benign (17)-rotated2-sharpened.png|val/benign/benign (17)-rotated2.jpg|val/benign/benign (17)-rotated2.png|val/benign/benign (17)-sharpened-rotated1.png|val/benign/benign (17)-sharpened-rotated2.png|val/benign/benign (17)-sharpened-sharpened.png|val/benign/benign (17)-sharpened.jpg|val/benign/benign (17)-sharpened.png|val/benign/benign (17).png,b1c7f2d90eaf46ce0776a496369d765f|e6d2b84eb00bb3e3461416c0aca44d11|2e9897f20d08e084f5cd12e6f1aefe2f|dc2a8e737b865295ae2552e0e3cb8da0|d25729d9befc8a867a07b5a1cf0c7c3d|67b082cf71ac1c614db30e61eb879949|163642fee89a57a9a9d95ef426929835|ad6af202459bcfc4d7a87d714b222baa|0ef8bfc21f3103545dc4188aee2964e0|4d0367f83ce292d5180761f910651e70|cd281c3a3c52201ee4949349efe77cd2|cfa32d1dc8d81237b71f271ad83632d5|7d9941a90184be882b65bf4b8f4e318e|c6181d13b0926234528ecd9402b93c63|1ae2b26f136a5a379c9ac82eb02b8bf5|0e96aba6e3699bec312159ee1d7230e9,benign (17),inferred_from_filename_not_verified_identifier,val,False,val/benign/benign (17).png
bag-07ef57ef2181,grp-07ef57ef2181,malignant,21,train/malignant/malignant (137)-rotated1-rotated1.png|train/malignant/malignant (137)-rotated1-rotated2.png|train/malignant/malignant (137)-rotated1-rotated32.png|train/malignant/malignant (137)-rotated1-sharpened.png|train/malignant/malignant (137)-rotated1.png|train/malignant/malignant (137)-rotated2-rotated1.png|train/malignant/malignant (137)-rotated2-rotated2.png|train/malignant/malignant (137)-rotated2-rotated32.png|train/malignant/malignant (137)-rotated2-sharpened.png|train/malignant/malignant (137)-rotated2.png|train/malignant/malignant (137)-rotated32-rotated1.png|train/malignant/malignant (137)-rotated32-rotated2.png|train/malignant/malignant (137)-rotated32-rotated32.png|train/malignant/malignant (137)-rotated32-sharpened.png|train/malignant/malignant (137)-rotated32.png|train/malignant/malignant (137)-sharpened-rotated1.png|train/malignant/malignant (137)-sharpened-rotated2.png|train/malignant/malignant (137)-sharpened-rotated32.png|train/malignant/malignant (137)-sharpened-sharpened.png|train/malignant/malignant (137)-sharpened.png|train/malignant/malignant (137).png,6a577c803ba398c05da7bdedf1bc5a41|5b2f3073435f02dda65924eb47bd38c9|6a577c803ba398c05da7bdedf1bc5a41|39146cae0d53dc42b4dd920a7b1a9566|fb7b608b10d9eb82db4a6c908c78acbb|d6d6d59ed0aded347e5649d0c84129ff|be9c67cac1a32d750a4bb3773a47ef1e|c47f2ae20c60231cc6bb7c5ef027d981|d50ffd252b5e61fb09483faf4dde1756|9805da23ff251b2d0967e020233507b6|9d2b65c55f074e370befec54ee0b1d33|c791689d1ec7249db0f1d1a97e81218c|7ddb30c23d09e561b00980c63e1a13f8|f121f8474ae2db48093d39da9ccca3a5|8744f79624f676396b323df91bbff586|9ebc4d26c0b753498cd26755a1dcd6aa|f7a387ed0f3da61c17bf7e439132ac1b|8ebecc6f324a83ca3449e0e9877ef3aa|6b31e27e941d75d1fbd81fd2c17a83ae|0ae2d664fa8bf4f5f70ec5d7404c9de2|8484dfc7524905f8d0bdcdc66857edef,malignant (137),inferred_from_filename_not_verified_identifier,train,False,train/malignant/malignant (137).png
bag-080bda0029eb,grp-080bda0029eb,malignant,21,train/malignant/malignant (85)-rotated1-rotated1.png|train/malignant/malignant (85)-rotated1-rotated2.png|train/malignant/malignant (85)-rotated1-rotated32.png|train/malignant/malignant (85)-rotated1-sharpened.png|train/malignant/malignant (85)-rotated1.png|train/malignant/malignant (85)-rotated2-rotated1.png|train/malignant/malignant (85)-rotated2-rotated2.png|train/malignant/malignant (85)-rotated2-rotated32.png|train/malignant/malignant (85)-rotated2-sharpened.png|train/malignant/malignant (85)-rotated2.png|train/malignant/malignant (85)-rotated32-rotated1.png|train/malignant/malignant (85)-rotated32-rotated2.png|train/malignant/malignant (85)-rotated32-rotated32.png|train/malignant/malignant (85)-rotated32-sharpened.png|train/malignant/malignant (85)-rotated32.png|train/malignant/malignant (85)-sharpened-rotated1.png|train/malignant/malignant (85)-sharpened-rotated2.png|train/malignant/malignant (85)-sharpened-rotated32.png|train/malignant/malignant (85)-sharpened-sharpened.png|train/malignant/malignant (85)-sharpened.png|train/malignant/malignant (85).png,3823fe0d3995ca3f830e4b0f60247c06|9c3273efe4f36a190348f9420b26f551|a35f00ff1bbbcb1c316f7ec45c9831f5|271c741dfefc3ae546a652bd210bd8b6|fedc98e40600aab8429dc52b8a0fc086|6e6498b7bfc66817866e7e8f1771f5a4|a708a9c34100ec0d1a3ee59b4128d8ea|06f20807c645315e9bfbc50ca9a08361|43f2265613d642580cb8ad3e54b3da95|50c7e653a60d7dda415d4e64d3b15e1a|bf61c7effd04c37c160bdd3df2866caa|6028c641b82224726508be9a1f8913e1|fcbb8c4121b19ad4d1c74a4454b78bff|e13ee2874af71688fc14e090956a04ab|a5769b7c28b2dc62ca34799817b70be1|715b5efa08a8323f697fc3c4ee21ded7|cba36a4613f5aac58a42eccf10f7b6cf|156cf35a940a82756111880f53d6d4fa|0b63fd88b2a1a21f287fceb9c7ef97ce|e13ee2874af71688fc14e090956a04ab|647607832ceace6447f8588091baeb97,malignant (85),inferred_from_filename_not_verified_identifier,train,False,train/malignant/malignant (85).png
bag-080d1f46df9d,grp-080d1f46df9d,malignant,21,train/malignant/malignant (71)-rotated1-rotated1.png|train/malignant/malignant (71)-rotated1-rotated2.png|train/malignant/malignant (71)-rotated1-rotated32.png|train/malignant/malignant (71)-rotated1-sharpened.png|train/malignant/malignant (71)-rotated1.png|train/malignant/malignant (71)-rotated2-rotated1.png|train/malignant/malignant (71)-rotated2-rotated2.png|train/malignant/malignant (71)-rotated2-rotated32.png|train/malignant/malignant (71)-rotated2-sharpened.png|train/malignant/malignant (71)-rotated2.png|train/malignant/malignant (71)-rotated32-rotated1.png|train/malignant/malignant (71)-rotated32-rotated2.png|train/malignant/malignant (71)-rotated32-rotated32.png|train/malignant/malignant (71)-rotated32-sharpened.png|train/malignant/malignant (71)-rotated32.png|train/malignant/malignant (71)-sharpened-rotated1.png|train/malignant/malignant (71)-sharpened-rotated2.png|train/malignant/malignant (71)-sharpened-rotated32.png|train/malignant/malignant (71)-sharpened-sharpened.png|train/malignant/malignant (71)-sharpened.png|train/malignant/malignant (71).png,afdcd93a9eb4e4f3497b87fc366fcdc9|0952e767f5d90400ce6aefadf1dfb2e6|afdcd93a9eb4e4f3497b87fc366fcdc9|e2f126e351445600fba95f94a8385da6|1790959cd5b089ea1ecc2d65947de506|49b1e72cbbbfb42eea03c10700739483|6008ee75de6acdf5a757f270fa4eaed7|480338e0000f90443d1f156d6f459a38|5c7e9c4c0679bbbc0b8f5b20db7ed5d9|f49f9f772614c4e5589d40b902a6e422|91423e64dcf4b56ee3516eb9c5e5b32e|1a05edba3389fa4e87dbe51c828f6663|4878333e970d3ddf7687a7d97496a40a|4c88b754b9ba1805ea121dd4015a01d0|fbf88da51afa3bd2a37684988809ec26|7b239d618fc7af3807eff87a28a47160|df3ed343a2833e6037cbe520d35a4472|34f137100fb46b529c731ad4ad1059cd|194946c2187bbdcad275cd04cf8de655|46b214b531fbf5d522846a3bbfda4869|5f46f89c96edc6b13a8850263a4009ee,malignant (71),inferred_from_filename_not_verified_identifier,train,False,train/malignant/malignant (71).png
bag-086899197018,grp-086899197018,benign,16,train/benign/benign (273)-rotated1-rotated1.png|train/benign/benign (273)-rotated1-rotated2.png|train/benign/benign (273)-rotated1-sharpened.png|train/benign/benign (273)-rotated1.jpg|train/benign/benign (273)-rotated1.png|train/benign/benign (273)-rotated2-rotated1.png|train/benign/benign (273)-rotated2-rotated2.png|train/benign/benign (273)-rotated2-sharpened.png|train/benign/benign (273)-rotated2.jpg|train/benign/benign (273)-rotated2.png|train/benign/benign (273)-sharpened-rotated1.png|train/benign/benign (273)-sharpened-rotated2.png|train/benign/benign (273)-sharpened-sharpened.png|train/benign/benign (273)-sharpened.jpg|train/benign/benign (273)-sharpened.png|train/benign/benign (273).png,5db85aa15743bdac9e69c98ab60c0d84|4d4737b124decc63cf0d17108dadab57|bc9830081cc2103e80b21d83fc0d63c5|3319b48eefa1f22f042a8f2c54649125|2fcf29fc86f5118ffe5b7291f39261fb|9835c4d0921eff51448bd3527f4b9c5d|4e6bb87fecdc5d81a0ef83652c49039c|43764a4f56b8784fc38b1cbed9465b5b|e9c6d7e98b7cce4e2b0a678238d61279|171e899f8b339a2a20d128e4aadc7265|aeb51e0b791cf2a56fa882325b51352f|64865beca1fb35c59255bbbe16027fe6|f6a5814cd79978db792449f5ff2e4eb9|30d1dd7b34c5b387d571e80b452c50b4|1f27884458a1ac877f6177a09041a3f3|b8cdcc139065a5a7d7f57fd736539eec,benign (273),inferred_from_filename_not_verified_identifier,train,False,train/benign/benign (273).png
bag-08ee6c3f837e,grp-08ee6c3f837e,malignant,21,train/malignant/malignant (175)-rotated1-rotated1.png|train/malignant/malignant (175)-rotated1-rotated2.png|train/malignant/malignant (175)-rotated1-rotated32.png|train/malignant/malignant (175)-rotated1-sharpened.png|train/malignant/malignant (175)-rotated1.png|train/malignant/malignant (175)-rotated2-rotated1.png|train/malignant/malignant (175)-rotated2-rotated2.png|train/malignant/malignant (175)-rotated2-rotated32.png|train/malignant/malignant (175)-rotated2-sharpened.png|train/malignant/malignant (175)-rotated2.png|train/malignant/malignant (175)-rotated32-rotated1.png|train/malignant/malignant (175)-rotated32-rotated2.png|train/malignant/malignant (175)-rotated32-rotated32.png|train/malignant/malignant (175)-rotated32-sharpened.png|train/malignant/malignant (175)-rotated32.png|train/malignant/malignant (175)-sharpened-rotated1.png|train/malignant/malignant (175)-sharpened-rotated2.png|train/malignant/malignant (175)-sharpened-rotated32.png|train/malignant/malignant (175)-sharpened-sharpened.png|train/malignant/malignant (175)-sharpened.png|train/malignant/malignant (175).png,865e9c1eb3069797160a0765efe4e962|8ae0330c3e5b942e61f04a7452b98959|a8fcef1ee7e82a175e82612c023efcbc|1fe954249d993b1036060239e2f91cb8|39dfcd2f3a174b7153768a61ce553904|2c0bb21f4907eb3e66a1e4d51b93e699|07ec4f3d0ebfa606525f6a6ee0d27a1a|494911ba5f17d016c5fe6350773d3212|83db1806cfc6a9a6ad4f69bd7dc26149|3daab2a4e5f5e221cfc7df228effc28c|542eb2be60ed5455eadb141110c892c1|12f9334c45022ad3d1dd663c3a841103|07df5b5ee3d2172504b8b27f1493ec3f|76462c64faaebaecdd1655a040411aaa|5fc181424b9fbfd2266ec50bc12b2fb5|3fd344c3f8741223fd32c7d55805eb1e|4227b5c239abb18f1bec73d03047c730|fd6688c38d6ad6c54f0c8842083ac3bc|4b443ce7b68fa5f7643fa644e83feafb|3fd344c3f8741223fd32c7d55805eb1e|e96b7cfa40d16d967b7b99c29e85cc34,malignant (175),inferred_from_filename_not_verified_identifier,train,False,train/malignant/malignant (175).png
bag-09d7688fa9cc,grp-09d7688fa9cc,malignant,21,train/malignant/malignant (141)-rotated1-rotated1.png|train/malignant/malignant (141)-rotated1-rotated2.png|train/malignant/malignant (141)-rotated1-rotated32.png|train/malignant/malignant (141)-rotated1-sharpened.png|train/malignant/malignant (141)-rotated1.png|train/malignant/malignant (141)-rotated2-rotated1.png|train/malignant/malignant (141)-rotated2-rotated2.png|train/malignant/malignant (141)-rotated2-rotated32.png|train/malignant/malignant (141)-rotated2-sharpened.png|train/malignant/malignant (141)-rotated2.png|train/malignant/malignant (141)-rotated32-rotated1.png|train/malignant/malignant (141)-rotated32-rotated2.png|train/malignant/malignant (141)-rotated32-rotated32.png|train/malignant/malignant (141)-rotated32-sharpened.png|train/malignant/malignant (141)-rotated32.png|train/malignant/malignant (141)-sharpened-rotated1.png|train/malignant/malignant (141)-sharpened-rotated2.png|train/malignant/malignant (141)-sharpened-rotated32.png|train/malignant/malignant (141)-sharpened-sharpened.png|train/malignant/malignant (141)-sharpened.png|train/malignant/malignant (141).png,9428fb412d6bcee587a6dd30238a5c07|13f94b607a0a664352aed2b6692a8a18|03a1a38c0ec9d314a8c6dd6b5a03ab0c|c54ec692c7a3bc22366b123beaf1d561|da14f51812442e0cd4d1e4f59e398e22|bdef749961a334ee37472a3ddd07db40|be8c70a8a344822813f021c07a5bcac2|c187e8b67d360aa1cda86d5ea7734c6c|8ad5d1c0eb01f568bd5456d716868338|07772b844b3c4f5c6313ee4d3bd93d10|c3f5f547dc9fd68617fc41df0952f96a|71d90633a43f0116b66833ad860f0e83|66539ddfca503ccc626a606162fac41b|26ced70b4de0f293d15f44ff747ac343|146cfa8ae50ae1a58166ac971a0cb1d5|06a51a1d5d966e7a65aa070f4f4f5a92|9ec14a1b36ea999eb82fc12d58bdb6b3|d870a9926439451ea22aceec10aa3370|d887f4bc32af096b259e9ec58ba4ae36|06a51a1d5d966e7a65aa070f4f4f5a92|c71ee0fe0cb9f2803fe179304b198116,malignant (141),inferred_from_filename_not_verified_identifier,train,False,train/malignant/malignant (141).png
bag-0a03598ae538,grp-0a03598ae538,benign,16,train/benign/benign (176)-rotated1-rotated1.png|train/benign/benign (176)-rotated1-rotated2.png|train/benign/benign (176)-rotated1-sharpened.png|train/benign/benign (176)-rotated1.jpg|train/benign/benign (176)-rotated1.png|train/benign/benign (176)-rotated2-rotated1.png|train/benign/benign (176)-rotated2-rotated2.png|train/benign/benign (176)-rotated2-sharpened.png|train/benign/benign (176)-rotated2.jpg|train/benign/benign (176)-rotated2.png|train/benign/benign (176)-sharpened-rotated1.png|train/benign/benign (176)-sharpened-rotated2.png|train/benign/benign (176)-sharpened-sharpened.png|train/benign/benign (176)-sharpened.jpg|train/benign/benign (176)-sharpened.png|train/benign/benign (176).png,feec56130eac651eedb758c636c94f27|5d449db0324dd9db6552b850f9b8753e|760a6597eefe996b710408526f6e031f|fa9fafbf0414127372e98e0c5340fcc6|ba93ec7f4d8b45c1338677b71338cb19|c9ca9f986303c6c08ed50e841b4c1023|a5c5293d4b77bacaeef5eb754a707c9a|00345b627f2f6e29f6260698ff7c5261|a80bddc4aad867a37fd7a8046129bc21|e1fae77f5007110c7942dab43764337f|7791cfb37d264a25444aef36c378015c|f42d300895139bf26b0bae6f04524326|be86b49b44e99c7a2de9f15725563f01|335f8a941d6c0928680c8619bf01a20a|75fcae95d2fd42194e4882821fad8c64|41210b31f9a3f37f0476c620fa620958,benign (176),inferred_from_filename_not_verified_identifier,train,False,train/benign/benign (176).png
bag-0aac831fa8d1,grp-0aac831fa8d1,benign,16,train/benign/benign (218)-rotated1-rotated1.png|train/benign/benign (218)-rotated1-rotated2.png|train/benign/benign (218)-rotated1-sharpened.png|train/benign/benign (218)-rotated1.jpg|train/benign/benign (218)-rotated1.png|train/benign/benign (218)-rotated2-rotated1.png|train/benign/benign (218)-rotated2-rotated2.png|train/benign/benign (218)-rotated2-sharpened.png|train/benign/benign (218)-rotated2.jpg|train/benign/benign (218)-rotated2.png|train/benign/benign (218)-sharpened-rotated1.png|train/benign/benign (218)-sharpened-rotated2.png|train/benign/benign (218)-sharpened-sharpened.png|train/benign/benign (218)-sharpened.jpg|train/benign/benign (218)-sharpened.png|train/benign/benign (218).png,ec9fe9d834c749d60e1e1cf97267059f|f4d1f2cd9c58aa3822e76c9c6c87ae1c|24da97ea0609cca9f6755860017e5585|f37481058f3a3ac641d39e9245dbc59d|e0683c60c161680635f45e0ab400c1dc|b1bb2b1fbdec39a5b5b401d517e56276|20b296af002189f4a829dd49a0597104|a18686dcb3dc1c414b23abe861e1d0e4|042a9847ae18605804d3bf6bcc772ab5|6923b6f5f00e6f0701786181a8e97466|2965d75bfa16bdba809661bed4ed0c79|a5ce75705ba6776d945c656ad82c0e56|0396cf165b60e8c95f30d8459b9c1b21|a0527a7fa3da433a21b495ea3412f795|a5ce75705ba6776d945c656ad82c0e56|5381bd876923a961ad56fab9f47b1a9f,benign (218),inferred_from_filename_not_verified_identifier,train,False,train/benign/benign (218).png
bag-0adba33bc0d2,grp-0adba33bc0d2,malignant,21,train/malignant/malignant (145)-rotated1-rotated1.png|train/malignant/malignant (145)-rotated1-rotated2.png|train/malignant/malignant (145)-rotated1-rotated32.png|train/malignant/malignant (145)-rotated1-sharpened.png|train/malignant/malignant (145)-rotated1.png|train/malignant/malignant (145)-rotated2-rotated1.png|train/malignant/malignant (145)-rotated2-rotated2.png|train/malignant/malignant (145)-rotated2-rotated32.png|train/malignant/malignant (145)-rotated2-sharpened.png|train/malignant/malignant (145)-rotated2.png|train/malignant/malignant (145)-rotated32-rotated1.png|train/malignant/malignant (145)-rotated32-rotated2.png|train/malignant/malignant (145)-rotated32-rotated32.png|train/malignant/malignant (145)-rotated32-sharpened.png|train/malignant/malignant (145)-rotated32.png|train/malignant/malignant (145)-sharpened-rotated1.png|train/malignant/malignant (145)-sharpened-rotated2.png|train/malignant/malignant (145)-sharpened-rotated32.png|train/malignant/malignant (145)-sharpened-sharpened.png|train/malignant/malignant (145)-sharpened.png|train/malignant/malignant (145).png,0f9cb14e27e69e75e002614471e7a377|3b69d80e52a690d76fb2edeb09a91301|cf641dcea902eecf164ade07c09836c3|55ba449617c050072979b7725b055330|321b03c6104e8a0f8de79ec6b733d66c|302c20b8e915347f0ec29161f505bd3f|833fd9525a2aed826bd9fdc47400f30b|01547fa731f95ae5b915268c50aff611|fc441d0a31ceb391fdf0dda7b70fc737|ad13fe142b7ab94082e621f61d8ea9d7|aa95922a82fbd8d5c55ade075878fefa|1aa7de6ea43426a5b77e9b35416fabdc|40965a560698caf7c137810e91921e50|6233382c1d23556d5cdca5fa5fad890d|6bda991d4e25022ccd79298aaec91411|0234198e86d3e7bf78083e763388e967|9a74e6d4512affbfca12c92af5442234|340ba8789d8281b9998eb59bb851ee5a|feef6afcbc8eff9d6af8796ec9569e52|e7beca6074acfbb22946421f10bc2fc8|b2e885dbb0fac4a7786efa6257b0d0da,malignant (145),inferred_from_filename_not_verified_identifier,train,False,train/malignant/malignant (145).png
bag-0b06c7240618,grp-0b06c7240618,benign,16,train/benign/benign (77)-rotated1-rotated1.png|train/benign/benign (77)-rotated1-rotated2.png|train/benign/benign (77)-rotated1-sharpened.png|train/benign/benign (77)-rotated1.jpg|train/benign/benign (77)-rotated1.png|train/benign/benign (77)-rotated2-rotated1.png|train/benign/benign (77)-rotated2-rotated2.png|train/benign/benign (77)-rotated2-sharpened.png|train/benign/benign (77)-rotated2.jpg|train/benign/benign (77)-rotated2.png|train/benign/benign (77)-sharpened-rotated1.png|train/benign/benign (77)-sharpened-rotated2.png|train/benign/benign (77)-sharpened-sharpened.png|train/benign/benign (77)-sharpened.jpg|train/benign/benign (77)-sharpened.png|train/benign/benign (77).png,755e6230c9570ffb1d36559a29a8153f|95e590e8fb659d0bc3256554e0818596|cf3e43837e2a5678870a63cdc3001181|68f3d65ed0d31713e1600ada6ea0b8e1|c132025950dd5a3d49b647c2e5d8ca12|3c2fcd425182610460a73fbf90b1cd74|9a9b620b365691e8e2c50491f9588da6|8c951168b4deb13b65d9e1d63138af16|e0beecbf8539ee982451b6f4bf48a8c5|af338ea89d24c32d06adae652c48265a|e660702b15891773aabaf75fa2d49167|7003e941e343ceb4817574b595e6443c|2edfcd1addb16f9660c0b705eb3b90c4|2d30f0c2ee05e3b609f198af2fe5340b|c194985ba1f00aacbc99bb94e6a8eeae|eee545ac3dc490c8046a1a18631a5d2a,benign (77),inferred_from_filename_not_verified_identifier,train,False,train/benign/benign (77).png
bag-0bc425f760b8,grp-0bc425f760b8,benign,16,train/benign/benign (177)-rotated1-rotated1.png|train/benign/benign (177)-rotated1-rotated2.png|train/benign/benign (177)-rotated1-sharpened.png|train/benign/benign (177)-rotated1.jpg|train/benign/benign (177)-rotated1.png|train/benign/benign (177)-rotated2-rotated1.png|train/benign/benign (177)-rotated2-rotated2.png|train/benign/benign (177)-rotated2-sharpened.png|train/benign/benign (177)-rotated2.jpg|train/benign/benign (177)-rotated2.png|train/benign/benign (177)-sharpened-rotated1.png|train/benign/benign (177)-sharpened-rotated2.png|train/benign/benign (177)-sharpened-sharpened.png|train/benign/benign (177)-sharpened.jpg|train/benign/benign (177)-sharpened.png|train/benign/benign (177).png,954c9483090538efdadc1ca70daf7651|97376120638b3ee4054010ce1ca918af|e2b248761bce481005d4efd3f911c71e|4cb24c442e5e3c47ca071165e5f96570|414b2f606156581b045e07bbf631181f|9b3d76dcb65e197de83ddab63ea01504|8ee549feb6d29168662fd40b1d4b989e|a28744916713c10c77c99b7a3330a529|429e2f9cf532859de73583ef29f53b10|aac5b54d8908624da8acfb20338841b9|5cddaeae00a269462c5cdffda4233836|e037960aa5f1a9d8b7065a287793dda4|39a2763b37ff6450fe34b741d4fcf862|24debfd7deea06c45c45d7b31ce7496a|6f86dee37275f2adc9b17179eeb2a759|cf777bf2911fd6f3cb9a9323b1b60901,benign (177),inferred_from_filename_not_verified_identifier,train,False,train/benign/benign (177).png
bag-0bd884a1eaaa,grp-0bd884a1eaaa,benign,16,train/benign/benign (213)-rotated1-rotated1.png|train/benign/benign (213)-rotated1-rotated2.png|train/benign/benign (213)-rotated1-sharpened.png|train/benign/benign (213)-rotated1.jpg|train/benign/benign (213)-rotated1.png|train/benign/benign (213)-rotated2-rotated1.png|train/benign/benign (213)-rotated2-rotated2.png|train/benign/benign (213)-rotated2-sharpened.png|train/benign/benign (213)-rotated2.jpg|train/benign/benign (213)-rotated2.png|train/benign/benign (213)-sharpened-rotated1.png|train/benign/benign (213)-sharpened-rotated2.png|train/benign/benign (213)-sharpened-sharpened.png|train/benign/benign (213)-sharpened.jpg|train/benign/benign (213)-sharpened.png|train/benign/benign (213).png,fc681bc32bab0d5761058a4998b683c2|a46864d803a0331fd031508ac1746fcc|0f2503fdcaa29a9180cb5956b5c9cb5d|da377598be7223f9659f31a8644b3fec|01bd7a1251300c6c224b60e213da32d7|c6866e4e280041ff98623b7e61a979de|79cd60edbe87d5b287a0db49b3210cd9|4ab43828e9a692908ebe683113c904f1|1ab159bef8d25ad7dae592200e7d2c04|3b16722c1039a399bf0073a81223036e|b718f3ee3121afb2be10d7d1814f100a|ec9fd56b10dea5093a4b232ee06f70f0|6a582690d5641ab304fbf52a6730c5cc|54848b10c2f98a93b597ce4b6d34baf0|0f2503fdcaa29a9180cb5956b5c9cb5d|ff789e9ceecc9020250458769d07ad5c,benign (213),inferred_from_filename_not_verified_identifier,train,False,train/benign/benign (213).png
bag-0c1bed55cafc,grp-0c1bed55cafc,benign,16,train/benign/benign (61)-rotated1-rotated1.png|train/benign/benign (61)-rotated1-rotated2.png|train/benign/benign (61)-rotated1-sharpened.png|train/benign/benign (61)-rotated1.jpg|train/benign/benign (61)-rotated1.png|train/benign/benign (61)-rotated2-rotated1.png|train/benign/benign (61)-rotated2-rotated2.png|train/benign/benign (61)-rotated2-sharpened.png|train/benign/benign (61)-rotated2.jpg|train/benign/benign (61)-rotated2.png|train/benign/benign (61)-sharpened-rotated1.png|train/benign/benign (61)-sharpened-rotated2.png|train/benign/benign (61)-sharpened-sharpened.png|train/benign/benign (61)-sharpened.jpg|train/benign/benign (61)-sharpened.png|train/benign/benign (61).png,25ec7caef239b689d0fd9734cc8265dc|d7fa7666a3940bf63c39373db51c8cad|a75e34b68910e512b200163df1fe62c9|60c5cc5548208965acc2d10d441786c8|3a85dcca0de31e5c14105115a77c7958|73234e25b4babfe04dddcbdcfe52ec21|fd36bb0a1fff49dca9cab07fc05111dd|9da93eb2885775fab6ab5e4a42ba41a6|ee9a74ae3c6a89de0126010c5f325740|24e655c7dc777213aecfceb015030994|2b729b5bef26dedb1462628824dfe7c7|2139e4062448ee862830ceeefb5bf686|ffbbbcc3013d1c36cb86da1f875a1ebf|a91aa30ae78785ebb89e11879ac47a81|90713ce99aa04e437a6d7fc52d736f5a|2d6e769f3cbeba046168b8e36d06d043,benign (61),inferred_from_filename_not_verified_identifier,train,False,train/benign/benign (61).png
bag-0cbf664c3061,grp-0cbf664c3061,benign,16,val/benign/benign (20)-rotated1-rotated1.png|val/benign/benign (20)-rotated1-rotated2.png|val/benign/benign (20)-rotated1-sharpened.png|val/benign/benign (20)-rotated1.jpg|val/benign/benign (20)-rotated1.png|val/benign/benign (20)-rotated2-rotated1.png|val/benign/benign (20)-rotated2-rotated2.png|val/benign/benign (20)-rotated2-sharpened.png|val/benign/benign (20)-rotated2.jpg|val/benign/benign (20)-rotated2.png|val/benign/benign (20)-sharpened-rotated1.png|val/benign/benign (20)-sharpened-rotated2.png|val/benign/benign (20)-sharpened-sharpened.png|val/benign/benign (20)-sharpened.jpg|val/benign/benign (20)-sharpened.png|val/benign/benign (20).png,7e7ef937a533062f89658e84e8f651ac|6055126a09125f6bc4673cd617289a02|b150e3d237e6cfcbedd1f37d1ba72fc6|80ac6e1deb55d6aa22e5c58c9756386a|2efb0a918f7ba0b1201d4337e19ff4e9|467f5c2ca0e10a6d783c5c3c6038e97e|e925bc96efee0e1c968f778c78d7bbe2|cfc3efe4787a7e65b225e1c90cd112e4|2b5ac135a8c7010ef6c27091880f5481|1fb5e382b11a1977873652d15a2cf822|531c7126896a968760d49856af137a3d|222177ecb21899c873cd3ae536bc1347|dc23d40af7ca053b877195a8a4a22e33|e3297f602dc8b62312c561a54489b005|60ba3cebc6e7a5f039335af8d3ee01d2|6273c0e58758eb8ea376818feb381cd0,benign (20),inferred_from_filename_not_verified_identifier,val,False,val/benign/benign (20).png
bag-0cdf6fdaaf86,grp-0cdf6fdaaf86,malignant,21,train/malignant/malignant (169)-rotated1-rotated1.png|train/malignant/malignant (169)-rotated1-rotated2.png|train/malignant/malignant (169)-rotated1-rotated32.png|train/malignant/malignant (169)-rotated1-sharpened.png|train/malignant/malignant (169)-rotated1.png|train/malignant/malignant (169)-rotated2-rotated1.png|train/malignant/malignant (169)-rotated2-rotated2.png|train/malignant/malignant (169)-rotated2-rotated32.png|train/malignant/malignant (169)-rotated2-sharpened.png|train/malignant/malignant (169)-rotated2.png|train/malignant/malignant (169)-rotated32-rotated1.png|train/malignant/malignant (169)-rotated32-rotated2.png|train/malignant/malignant (169)-rotated32-rotated32.png|train/malignant/malignant (169)-rotated32-sharpened.png|train/malignant/malignant (169)-rotated32.png|train/malignant/malignant (169)-sharpened-rotated1.png|train/malignant/malignant (169)-sharpened-rotated2.png|train/malignant/malignant (169)-sharpened-rotated32.png|train/malignant/malignant (169)-sharpened-sharpened.png|train/malignant/malignant (169)-sharpened.png|train/malignant/malignant (169).png,221d97e0bd401f579ea11db3d8f158e6|61775abfde1b5b8d5a9eb4c4a11a6f10|18bbee1181aaf2c10875bde9248b8c08|b84ce63b8fa7696e3baf3fef8301dcb5|4cbede18e6ea0963c3996514be0c9b2b|fe26356967737b5e0f52172f5a6f0dd5|4cbe68f5835d3c36d6a759d0c5abcf59|45c8b552ae561b1e2949235faad351bc|3345558fd91473c458b14740037453b7|c190638bcb862664dd7057de05897b1c|1702e338c36436973bb8420fe08ec745|240ec6e83fe17b72c43f00d69a1fbbcd|010cb7ca37ecaebf6251f7529e32adea|3e6f0996d4f7adf1ea2ffcbfdba6b7d7|da19b8c57afca23725b5967da19182b0|dc1fcdf117364dbeaad09a811898e9ec|8c011c4125470524382fb6446ae30299|d3dd7187ea8a3bdd0366c7a667573252|815c501bd466d08e3a8f73f0c847f9f2|7a776585197b2b541e5fcf4d8c856746|53ead7c6bcd7cd5edb088631ec7e688f,malignant (169),inferred_from_filename_not_verified_identifier,train,False,train/malignant/malignant (169).png
bag-0cfaf08fb7fe,grp-0cfaf08fb7fe,benign,16,train/benign/benign (279)-rotated1-rotated1.png|train/benign/benign (279)-rotated1-rotated2.png|train/benign/benign (279)-rotated1-sharpened.png|train/benign/benign (279)-rotated1.jpg|train/benign/benign (279)-rotated1.png|train/benign/benign (279)-rotated2-rotated1.png|train/benign/benign (279)-rotated2-rotated2.png|train/benign/benign (279)-rotated2-sharpened.png|train/benign/benign (279)-rotated2.jpg|train/benign/benign (279)-rotated2.png|train/benign/benign (279)-sharpened-rotated1.png|train/benign/benign (279)-sharpened-rotated2.png|train/benign/benign (279)-sharpened-sharpened.png|train/benign/benign (279)-sharpened.jpg|train/benign/benign (279)-sharpened.png|train/benign/benign (279).png,a577a908c48d2a808a4216ee556c3321|3f00da98bb6cbdb36b0e7ade569efa03|30de3ac4ffd63a1c1d030849d9c5825f|7966e99313243ec14a7795f5446a3fa9|fe728ff4901ee256a6131a34e94e9349|1d971ab34c2b3695c9338c9ad7a97daa|3c700ea167da58e90b3e71d508d6dc75|d5eb866f331f73b8499505ee73ca92f2|abb47118fc8432a68d51e3f4ebecc1fa|69b56aaf9edc9890ef5da88a1c2ebb12|d8225963083962c1cbb90621be21f6f6|12314088162d6fb398a8659443b548d6|fbfb0961eab96ae925beed2ae7c601c7|8061f8558355ee743c6bd0255f22d51a|af51921432eeec0857a5c2a5c514aef9|bcd363b3532e6b006764c782d9c0a03b,benign (279),inferred_from_filename_not_verified_identifier,train,False,train/benign/benign (279).png
bag-0d50aa7080cf,grp-0d50aa7080cf,benign,16,train/benign/benign (136)-rotated1-rotated1.png|train/benign/benign (136)-rotated1-rotated2.png|train/benign/benign (136)-rotated1-sharpened.png|train/benign/benign (136)-rotated1.jpg|train/benign/benign (136)-rotated1.png|train/benign/benign (136)-rotated2-rotated1.png|train/benign/benign (136)-rotated2-rotated2.png|train/benign/benign (136)-rotated2-sharpened.png|train/benign/benign (136)-rotated2.jpg|train/benign/benign (136)-rotated2.png|train/benign/benign (136)-sharpened-rotated1.png|train/benign/benign (136)-sharpened-rotated2.png|train/benign/benign (136)-sharpened-sharpened.png|train/benign/benign (136)-sharpened.jpg|train/benign/benign (136)-sharpened.png|train/benign/benign (136).png,6f193c6d461f7a42cbafdc66fd7391fd|992de9fb0e18fb7fa83840fd2760714f|b93931b6c0660dbc5652fc88e6701f25|81a8e3b6521799d0bc35c9d322ff249d|d4c10ad47a362acf87a34d0a9aef174c|1676b66ddce5f173d272f423099bd668|1676b66ddce5f173d272f423099bd668|76442e9a7343210d7bf2705f073353fb|00ea8e49bf1b816ac23ea158b1dcd2ad|043c467f91b86c13490aaa6379f406cf|0e438b5cb242dcf2e025b2f5b7cb4d0c|4f2e64e2bf3a69a7409a78c9cb35b9c8|052d800c465d79e0b008c16abae637c0|1ffd67faf60aec14c16274cc612e2299|3259df920a6ae15c7a022e5b49da1ddf|fce956577d13e543e045d93460e2de60,benign (136),inferred_from_filename_not_verified_identifier,train,False,train/benign/benign (136).png
bag-0e668c579d1e,grp-0e668c579d1e,benign,16,train/benign/benign (269)-rotated1-rotated1.png|train/benign/benign (269)-rotated1-rotated2.png|train/benign/benign (269)-rotated1-sharpened.png|train/benign/benign (269)-rotated1.jpg|train/benign/benign (269)-rotated1.png|train/benign/benign (269)-rotated2-rotated1.png|train/benign/benign (269)-rotated2-rotated2.png|train/benign/benign (269)-rotated2-sharpened.png|train/benign/benign (269)-rotated2.jpg|train/benign/benign (269)-rotated2.png|train/benign/benign (269)-sharpened-rotated1.png|train/benign/benign (269)-sharpened-rotated2.png|train/benign/benign (269)-sharpened-sharpened.png|train/benign/benign (269)-sharpened.jpg|train/benign/benign (269)-sharpened.png|train/benign/benign (269).png,ace238230917867f8800620ea31ee583|8dd05ba1133680394388f48e0a0551ac|9c40b6f70327488f3b392867dd1587bd|1acaf0329b6ce1c89e37d700386a3d57|5e5adc74428ca763bf3ea39707eda635|eb47c4cffa2f1ea912f2f93de9cdfa0c|37a0243008f4132717157c0a31299f5c|5d850f7cc3de68d7d6890cf3c50e3e6e|4e125860ed7aeea7ae679fdb2ffec4cd|daf06566ac5da4df119b44f9ce95b830|9c40b6f70327488f3b392867dd1587bd|3603e1dfec2c51743c36d0b2c73c77e3|3022306173745cf4cc297ee96e9458df|475a48043d15f2970b2ca83b0a02aa5e|9c40b6f70327488f3b392867dd1587bd|ed54ab646b2e0da73329269e2af8089d,benign (269),inferred_from_filename_not_verified_identifier,train,False,train/benign/benign (269).png
bag-0e71771e7b1a,grp-0e71771e7b1a,malignant,21,train/malignant/malignant (48)-rotated1-rotated1.png|train/malignant/malignant (48)-rotated1-rotated2.png|train/malignant/malignant (48)-rotated1-rotated32.png|train/malignant/malignant (48)-rotated1-sharpened.png|train/malignant/malignant (48)-rotated1.png|train/malignant/malignant (48)-rotated2-rotated1.png|train/malignant/malignant (48)-rotated2-rotated2.png|train/malignant/malignant (48)-rotated2-rotated32.png|train/malignant/malignant (48)-rotated2-sharpened.png|train/malignant/malignant (48)-rotated2.png|train/malignant/malignant (48)-rotated32-rotated1.png|train/malignant/malignant (48)-rotated32-rotated2.png|train/malignant/malignant (48)-rotated32-rotated32.png|train/malignant/malignant (48)-rotated32-sharpened.png|train/malignant/malignant (48)-rotated32.png|train/malignant/malignant (48)-sharpened-rotated1.png|train/malignant/malignant (48)-sharpened-rotated2.png|train/malignant/malignant (48)-sharpened-rotated32.png|train/malignant/malignant (48)-sharpened-sharpened.png|train/malignant/malignant (48)-sharpened.png|train/malignant/malignant (48).png,efa30e1cb66031f8847067ab1c2e72da|7532745200cfd455f6649390125659f7|efa30e1cb66031f8847067ab1c2e72da|094bf823f744c62870afcee306f37721|f360572794f1f5b0c640c330c26b326b|d7135865968f5586b2388c4ae5cb90b7|2f5475a19beeeff5d0c332311c0d5bd7|744178f97ded73ff9a9542bb70887a5a|d3421793c2384eff75094e9a2f854d1d|f5b06300dcb69c28b41566f4ad91b1fd|3da6524356fb9913cb804eddc42e2caf|60aa25cacced77490644bdbc7590cb29|101f8dfc3c455527ae2d05019a81c51f|390c06782a99c44a64eb5a0b1335f84f|0018d04dd8707d7b1f43f06a1660c326|24156b916f9d9b9cff9d4c507ab4f6ce|0f399b283a1122d7d18da613eeefbb5a|2253b14adeb7f63e45e51ff8a3a48ab3|addb7b2299b53a757f7754f28a86bb20|8577cce102ec7b385b74900e2196b631|00fcf85a2acf9fe5db2158618f420aba,malignant (48),inferred_from_filename_not_verified_identifier,train,False,train/malignant/malignant (48).png
bag-0e9e3f410b4b,grp-0e9e3f410b4b,malignant,21,val/malignant/malignant (7)-rotated1-rotated1.png|val/malignant/malignant (7)-rotated1-rotated2.png|val/malignant/malignant (7)-rotated1-rotated32.png|val/malignant/malignant (7)-rotated1-sharpened.png|val/malignant/malignant (7)-rotated1.png|val/malignant/malignant (7)-rotated2-rotated1.png|val/malignant/malignant (7)-rotated2-rotated2.png|val/malignant/malignant (7)-rotated2-rotated32.png|val/malignant/malignant (7)-rotated2-sharpened.png|val/malignant/malignant (7)-rotated2.png|val/malignant/malignant (7)-rotated32-rotated1.png|val/malignant/malignant (7)-rotated32-rotated2.png|val/malignant/malignant (7)-rotated32-rotated32.png|val/malignant/malignant (7)-rotated32-sharpened.png|val/malignant/malignant (7)-rotated32.png|val/malignant/malignant (7)-sharpened-rotated1.png|val/malignant/malignant (7)-sharpened-rotated2.png|val/malignant/malignant (7)-sharpened-rotated32.png|val/malignant/malignant (7)-sharpened-sharpened.png|val/malignant/malignant (7)-sharpened.png|val/malignant/malignant (7).png,ee7e0709e117b82a26a950ecabd80b07|ad26fe328d929f973c7a0a43c11733c5|a89aa59e0ce7fae0da4c6707599f0403|669d2f1136c1d360ba65298dc69fce38|12b4ec863e363fdbf7238f02413129f3|ba9ee10453b6308c55e8e34ec642a55a|68782a316332d5de78d46c0ae6262c65|783091f50e3fd41da95da2008dd81172|8566659d8c0d47515391f32a3597f34a|463c180887a5e7a6f0afe971a351304b|da81a66ce46c9eecddfee912cdb82e67|2a3dc3cfeeb40fc3b5cd9ad655952999|c9f999b142324c388b7e7516c8bf1a42|9c94d99b7305961988ecdceb1a19f6ea|6a6e6f296373b90df95ca964319a8669|b481dcda842c59ab34b4cd5eba5980ce|f6c21abc29828a9478e8433e33f52b7b|27e96b57bf5428f523a605b748bfc145|dd73f8964d2177318a1d63a1f0480e19|48ba614e45a1ca10e466888199fda28c|177b16d347c2b8726e79bf73765e5c35,malignant (7),inferred_from_filename_not_verified_identifier,val,False,val/malignant/malignant (7).png
bag-0edec41367ef,grp-0edec41367ef,benign,16,train/benign/benign (272)-rotated1-rotated1.png|train/benign/benign (272)-rotated1-rotated2.png|train/benign/benign (272)-rotated1-sharpened.png|train/benign/benign (272)-rotated1.jpg|train/benign/benign (272)-rotated1.png|train/benign/benign (272)-rotated2-rotated1.png|train/benign/benign (272)-rotated2-rotated2.png|train/benign/benign (272)-rotated2-sharpened.png|train/benign/benign (272)-rotated2.jpg|train/benign/benign (272)-rotated2.png|train/benign/benign (272)-sharpened-rotated1.png|train/benign/benign (272)-sharpened-rotated2.png|train/benign/benign (272)-sharpened-sharpened.png|train/benign/benign (272)-sharpened.jpg|train/benign/benign (272)-sharpened.png|train/benign/benign (272).png,0b5900b78ceddf5469a7fbf03c4d2874|c96ae0568dd309bf6f3a79640cd2225d|c19b6d7ad8b38bfc75130b9795c1efba|247b7db118dc7ffa1d2f3cb210f631cf|702f3fda0f85f266850f6e0dbcba790a|2250b12748a8279f2fb4a97c0efa1a9c|3205bd00eaa64ba6f044f236d1cfc335|2abc2afc9b78e68e76976437df5df299|06a1a2b9f2eeb7e67441da2503828903|e6436644cf3e9af6c3b5c2882bf53c76|2024ee72c55ee9429bc4b8648475b0ca|71f5f329bc8a83d94ff77bfa2a7116b9|34a6221660ec1159f5a0d63fcfe28398|b2a589f1f4c241f3aa1e3e02b4b463cc|2024ee72c55ee9429bc4b8648475b0ca|03bd7389c0da2b6e883df1dda648b1d3,benign (272),inferred_from_filename_not_verified_identifier,train,False,train/benign/benign (272).png
bag-0f1b87dc563a,grp-0f1b87dc563a,malignant,21,val/malignant/malignant (8)-rotated1-rotated1.png|val/malignant/malignant (8)-rotated1-rotated2.png|val/malignant/malignant (8)-rotated1-rotated32.png|val/malignant/malignant (8)-rotated1-sharpened.png|val/malignant/malignant (8)-rotated1.png|val/malignant/malignant (8)-rotated2-rotated1.png|val/malignant/malignant (8)-rotated2-rotated2.png|val/malignant/malignant (8)-rotated2-rotated32.png|val/malignant/malignant (8)-rotated2-sharpened.png|val/malignant/malignant (8)-rotated2.png|val/malignant/malignant (8)-rotated32-rotated1.png|val/malignant/malignant (8)-rotated32-rotated2.png|val/malignant/malignant (8)-rotated32-rotated32.png|val/malignant/malignant (8)-rotated32-sharpened.png|val/malignant/malignant (8)-rotated32.png|val/malignant/malignant (8)-sharpened-rotated1.png|val/malignant/malignant (8)-sharpened-rotated2.png|val/malignant/malignant (8)-sharpened-rotated32.png|val/malignant/malignant (8)-sharpened-sharpened.png|val/malignant/malignant (8)-sharpened.png|val/malignant/malignant (8).png,947432fef3652a86513142702d012444|a5233f0f25c5e442a4eaa3264f520e94|d5432e512e14b4d2dc2235a4d31a994e|b426b76ff752b38edf5e4ee48f1bc430|6821f070625ab607fbd433b67b38a661|d5350b41f3b7596ec8e3df42583a7594|dab15fef2cef8198692e9c65cd9f83cc|935249791d44f2d10c3a3301a61c2be3|5c2534d099db7f2ba41114bf9b63dfbc|63bb44575371fbe67147c99d13917f3b|bad2f1dc4310ddc02dcf63b678c63829|b573ea20404610dea03315d3d893dc17|8c2b475b3c5ddb13bfce707b927ae8fc|a4fdb88ab6bc51371af5e044a1ae3523|448e6b7a67a25dca02a9dac1c3578314|a0bb038c4567a888d08baf7d12d8c2cb|77c6db95336ae109b89621637c3cb331|b42fa9aa53f398187f9ebb53f4c8bd99|74cdd7d8404dc82e163ef893ff076305|b5d19ead162dbd2b517d5acb58e3a410|e3c64c61ebc386b64d06044e7cd3261b,malignant (8),inferred_from_filename_not_verified_identifier,val,False,val/malignant/malignant (8).png
bag-0f4748d74b76,grp-0f4748d74b76,benign,16,train/benign/benign (173)-rotated1-rotated1.png|train/benign/benign (173)-rotated1-rotated2.png|train/benign/benign (173)-rotated1-sharpened.png|train/benign/benign (173)-rotated1.jpg|train/benign/benign (173)-rotated1.png|train/benign/benign (173)-rotated2-rotated1.png|train/benign/benign (173)-rotated2-rotated2.png|train/benign/benign (173)-rotated2-sharpened.png|train/benign/benign (173)-rotated2.jpg|train/benign/benign (173)-rotated2.png|train/benign/benign (173)-sharpened-rotated1.png|train/benign/benign (173)-sharpened-rotated2.png|train/benign/benign (173)-sharpened-sharpened.png|train/benign/benign (173)-sharpened.jpg|train/benign/benign (173)-sharpened.png|train/benign/benign (173).png,bf2be6e3585aff9c694208e2f26614da|5ce66bc38c226ed360a5e2ec550e9e59|18b0cd9d08d7fefb58437a5e55f054e4|5ac400682e21f259dc42b4c60aae4076|a765fee84bcba106a8f58b649389eeaf|6b7a0c1d22306b58f07319beacfc9cba|80331cb607319b1c2af93a9e15ef94f6|60587b87e1097c498c45aec8b2a188b5|753f484b79b0c1a3a2f452eae7b6c7c6|0dfc4c0b42d01d8095da93ef27b0b1e4|3ee88c5d64b717582df5e42b6dd7828c|60e0c4e74f029c862ce913a431ba2fec|71fda26be582edb60f1d25978e5601ee|b1ffa773b8a6432424cef10d7bba66d8|96fd9f63ec574a2eacae207b8e9fe42f|845cf59310627b4f21a093133b13cf2c,benign (173),inferred_from_filename_not_verified_identifier,train,False,train/benign/benign (173).png
bag-10bdcf1b5ba7,grp-10bdcf1b5ba7,malignant,21,train/malignant/malignant (78)-rotated1-rotated1.png|train/malignant/malignant (78)-rotated1-rotated2.png|train/malignant/malignant (78)-rotated1-rotated32.png|train/malignant/malignant (78)-rotated1-sharpened.png|train/malignant/malignant (78)-rotated1.png|train/malignant/malignant (78)-rotated2-rotated1.png|train/malignant/malignant (78)-rotated2-rotated2.png|train/malignant/malignant (78)-rotated2-rotated32.png|train/malignant/malignant (78)-rotated2-sharpened.png|train/malignant/malignant (78)-rotated2.png|train/malignant/malignant (78)-rotated32-rotated1.png|train/malignant/malignant (78)-rotated32-rotated2.png|train/malignant/malignant (78)-rotated32-rotated32.png|train/malignant/malignant (78)-rotated32-sharpened.png|train/malignant/malignant (78)-rotated32.png|train/malignant/malignant (78)-sharpened-rotated1.png|train/malignant/malignant (78)-sharpened-rotated2.png|train/malignant/malignant (78)-sharpened-rotated32.png|train/malignant/malignant (78)-sharpened-sharpened.png|train/malignant/malignant (78)-sharpened.png|train/malignant/malignant (78).png,9c793c39dc82fec84068f88752ade090|75be703864266b9f5ea3af29d9d8a6a5|6d232719af3b638e012e16370717e566|e7dc9637f1529af8357d44dc0c9db301|5296f3eae000c82309637bedcdd7ee9b|781279bf186544ca9bcec0eeeb37790c|e18552f356e25337fc95fb393f8d572c|50c520d1db10596f80a7d614bd1d66b7|deef468548812076b93c2bf0dbce8a91|d6c75670e5201d0aa8f16b7aa831083c|72448b71f150fd5cd50f91f1f4f24538|e0458e969da50bbad5fd22a4f5a90676|26131a60e786b17b54f860e65d3f20bd|aad766fd928cc956cbce8e39e8cdf6e0|1d796113c8d5576532c0de29a41857f3|8efe16a09c86b9cf678d387fb4429024|c6022119de431ea67d3886dc34b9ca50|38886123ee6e11e798354691aeb2daaa|2f756329f1d9a4fc5f2182ec6a7d434c|2c333e64f988b8611383afbd340ce6b2|c9d92f73b3c766d11a05939cd03976a4,malignant (78),inferred_from_filename_not_verified_identifier,train,False,train/malignant/malignant (78).png
bag-10c1dd61cfc4,grp-10c1dd61cfc4,benign,16,train/benign/benign (84)-rotated1-rotated1.png|train/benign/benign (84)-rotated1-rotated2.png|train/benign/benign (84)-rotated1-sharpened.png|train/benign/benign (84)-rotated1.jpg|train/benign/benign (84)-rotated1.png|train/benign/benign (84)-rotated2-rotated1.png|train/benign/benign (84)-rotated2-rotated2.png|train/benign/benign (84)-rotated2-sharpened.png|train/benign/benign (84)-rotated2.jpg|train/benign/benign (84)-rotated2.png|train/benign/benign (84)-sharpened-rotated1.png|train/benign/benign (84)-sharpened-rotated2.png|train/benign/benign (84)-sharpened-sharpened.png|train/benign/benign (84)-sharpened.jpg|train/benign/benign (84)-sharpened.png|train/benign/benign (84).png,130e952947ee859230915fca558e0c15|30cc4aef91662029724d19c35c8c5637|6297071a7b3b9f4be5768cbc583b529b|c8b9a9612d2ba880b5d6c49c70e0fff6|948cb2ce0a589325002ce76bc7f8f798|032e644c2591f69643a3cef57ba849c0|c52fd492d25118932161d16c5dbdf6ca|0037a7cfda9858f28fcec09ed7904e6a|2db147db2bcbff6ea4416c6c88e56e8c|9eabc0583dae3303468b08fbdc9df93b|507f6d3430e00c471aefbd5e1af7495c|da2c49052e9da4f4e39d42bd71267e6a|2f10372c113f3f148fc4f322ccc56926|7e0cf7a07f77a980a7ad50ab03f62bcd|da2c49052e9da4f4e39d42bd71267e6a|73be3d3a906071fba7fbf5b15f6f1783,benign (84),inferred_from_filename_not_verified_identifier,train,False,train/benign/benign (84).png
bag-1184246bbe21,grp-1184246bbe21,benign,16,train/benign/benign (65)-rotated1-rotated1.png|train/benign/benign (65)-rotated1-rotated2.png|train/benign/benign (65)-rotated1-sharpened.png|train/benign/benign (65)-rotated1.jpg|train/benign/benign (65)-rotated1.png|train/benign/benign (65)-rotated2-rotated1.png|train/benign/benign (65)-rotated2-rotated2.png|train/benign/benign (65)-rotated2-sharpened.png|train/benign/benign (65)-rotated2.jpg|train/benign/benign (65)-rotated2.png|train/benign/benign (65)-sharpened-rotated1.png|train/benign/benign (65)-sharpened-rotated2.png|train/benign/benign (65)-sharpened-sharpened.png|train/benign/benign (65)-sharpened.jpg|train/benign/benign (65)-sharpened.png|train/benign/benign (65).png,ebfe1a9a85be025f61674eee4deabf05|a3f59c4172e15b444d4788b146087372|fc140dc86d03faa4a3695b67b56299b4|66b03cd6a8a985fefc636b3408a69902|03c2a0c76cadf30723a50c7b3a70f8fd|77b2a6fea9ede9449e22c02c74338052|96c4762f0281299d6aeaf05f0e40de6f|d28f24b78ac361d12bf820488f3f6c5b|64365ac4d88846a94b595602ec43649d|d8570c042760050530059bbf6c2ea637|2f179b5ec32a7b1ed851e1375aa7da62|e7793b7780cce827da59bd29f4368989|020ba92ff403eb908abe085f17a11382|1d819ed6b15c3a779749bcabffdfe7d6|5367edc00902447bb0b0745930ba3b40|ff602e88e6d533f117a40fd6483c1954,benign (65),inferred_from_filename_not_verified_identifier,train,False,train/benign/benign (65).png
bag-125dc672b767,grp-125dc672b767,malignant,21,train/malignant/malignant (197)-rotated1-rotated1.png|train/malignant/malignant (197)-rotated1-rotated2.png|train/malignant/malignant (197)-rotated1-rotated32.png|train/malignant/malignant (197)-rotated1-sharpened.png|train/malignant/malignant (197)-rotated1.png|train/malignant/malignant (197)-rotated2-rotated1.png|train/malignant/malignant (197)-rotated2-rotated2.png|train/malignant/malignant (197)-rotated2-rotated32.png|train/malignant/malignant (197)-rotated2-sharpened.png|train/malignant/malignant (197)-rotated2.png|train/malignant/malignant (197)-rotated32-rotated1.png|train/malignant/malignant (197)-rotated32-rotated2.png|train/malignant/malignant (197)-rotated32-rotated32.png|train/malignant/malignant (197)-rotated32-sharpened.png|train/malignant/malignant (197)-rotated32.png|train/malignant/malignant (197)-sharpened-rotated1.png|train/malignant/malignant (197)-sharpened-rotated2.png|train/malignant/malignant (197)-sharpened-rotated32.png|train/malignant/malignant (197)-sharpened-sharpened.png|train/malignant/malignant (197)-sharpened.png|train/malignant/malignant (197).png,71881579d00200bb49fb8017d82ba110|2addc53cef066420fb97f387cb184675|48bdfdc2ac11a0ee557c8e8647dfad72|5204967fe55049167898f4e382a593b4|71881579d00200bb49fb8017d82ba110|68803b664e41cc05403e55beba989dfd|385ab3ed98acee834be468a9f639e931|384c00c4db2662ec01c1472c8bd4eda1|789b63abb07d7d36cd7d5aa9859bb4b7|2762423f642e2d39d66c5e221edc909e|2643737e0ab387b2b47c30ac0d9826fa|be2a69a8f45ae223d7105a6d2ad0c44d|565be9ccd03fdf01e260c70abfd71b33|b280b1417c2538778c0ce5338ec9985d|10deced424eb1815fd76e0a8374d5b86|c52773a982478573819f229468576110|2c495a980a6141eab5fb64d62b2faac9|79340c30c28e2b3fbf44c5d528d55ed6|e91fd02398fa474018d493357f911c5b|5204967fe55049167898f4e382a593b4|2d97a13df72fa96737362ebafca2ee98,malignant (197),inferred_from_filename_not_verified_identifier,train,False,train/malignant/malignant (197).png
bag-12b5679a6584,grp-12b5679a6584,benign,16,train/benign/benign (283)-rotated1-rotated1.png|train/benign/benign (283)-rotated1-rotated2.png|train/benign/benign (283)-rotated1-sharpened.png|train/benign/benign (283)-rotated1.jpg|train/benign/benign (283)-rotated1.png|train/benign/benign (283)-rotated2-rotated1.png|train/benign/benign (283)-rotated2-rotated2.png|train/benign/benign (283)-rotated2-sharpened.png|train/benign/benign (283)-rotated2.jpg|train/benign/benign (283)-rotated2.png|train/benign/benign (283)-sharpened-rotated1.png|train/benign/benign (283)-sharpened-rotated2.png|train/benign/benign (283)-sharpened-sharpened.png|train/benign/benign (283)-sharpened.jpg|train/benign/benign (283)-sharpened.png|train/benign/benign (283).png,2ab37069e53e7dda43d14dce03a4a6ca|e8a4bb9827d1ccbcca2a2e8c565e6633|74a45281263755f7c41d911c8c7dbdb2|9f20538f0ab8fefb216ccd78613b6a44|93c666939d879bdb0ae094a5d59ff6ee|e0c4f7eb676d6b65e1fc45d6669e95fe|5a84a44eb8fabe3ebb080a251c1e3ea8|750a031d0d24afe230a9cf1ff81cb726|1619833b5ded86c41faf477d15c5c882|a491a0462fdb7172f7367a8f343a05e6|778b45393ba866ea889c882f753201cd|f83755386276b4935e4cda8fcda0f9e1|7d7028c33eb585b91f484d7a2ce73788|89649d03115c8e8815d330848a9b627c|b9f36b55c8c17454043a81ade0f8135b|3045ed1b8d43525714d22ccdbb82277d,benign (283),inferred_from_filename_not_verified_identifier,train,False,train/benign/benign (283).png
bag-134451698699,grp-134451698699,benign,16,train/benign/benign (211)-rotated1-rotated1.png|train/benign/benign (211)-rotated1-rotated2.png|train/benign/benign (211)-rotated1-sharpened.png|train/benign/benign (211)-rotated1.jpg|train/benign/benign (211)-rotated1.png|train/benign/benign (211)-rotated2-rotated1.png|train/benign/benign (211)-rotated2-rotated2.png|train/benign/benign (211)-rotated2-sharpened.png|train/benign/benign (211)-rotated2.jpg|train/benign/benign (211)-rotated2.png|train/benign/benign (211)-sharpened-rotated1.png|train/benign/benign (211)-sharpened-rotated2.png|train/benign/benign (211)-sharpened-sharpened.png|train/benign/benign (211)-sharpened.jpg|train/benign/benign (211)-sharpened.png|train/benign/benign (211).png,66c2b0e68431ce5e9b72c778a69d67b9|dc5caf6a193804d1bbbadb26c3d89248|63153788ecb350db060413c9105ce44f|e5d7ae427db160f4c9d7b8fe73759769|01b6bbc6b9809dfb96124e5d57488392|6c5e0eab3857b2a603a37977f0d9304d|eb34d8c0a5b844542347fbbb258a62bb|10560371d30a805b2b752578e425f6fe|da5644dbbfcfba9a7fd9b694a6342737|b82f4970f940f1d50054c8e62050d5e3|8bb7b7d1c8701f572749ad8b80318308|3a0d2c356dc2d9514bc4c9b617fe2659|7195936a5424f13fc289b9a0ee6a120a|2c15233bc3415154b9aea4a345767687|46da4052a778fa4e7e1be0002c22395e|af2393dcf3a88de1b0de5d58ba3a322e,benign (211),inferred_from_filename_not_verified_identifier,train,False,train/benign/benign (211).png
bag-13b1dd825d91,grp-13b1dd825d91,malignant,21,train/malignant/malignant (88)-rotated1-rotated1.png|train/malignant/malignant (88)-rotated1-rotated2.png|train/malignant/malignant (88)-rotated1-rotated32.png|train/malignant/malignant (88)-rotated1-sharpened.png|train/malignant/malignant (88)-rotated1.png|train/malignant/malignant (88)-rotated2-rotated1.png|train/malignant/malignant (88)-rotated2-rotated2.png|train/malignant/malignant (88)-rotated2-rotated32.png|train/malignant/malignant (88)-rotated2-sharpened.png|train/malignant/malignant (88)-rotated2.png|train/malignant/malignant (88)-rotated32-rotated1.png|train/malignant/malignant (88)-rotated32-rotated2.png|train/malignant/malignant (88)-rotated32-rotated32.png|train/malignant/malignant (88)-rotated32-sharpened.png|train/malignant/malignant (88)-rotated32.png|train/malignant/malignant (88)-sharpened-rotated1.png|train/malignant/malignant (88)-sharpened-rotated2.png|train/malignant/malignant (88)-sharpened-rotated32.png|train/malignant/malignant (88)-sharpened-sharpened.png|train/malignant/malignant (88)-sharpened.png|train/malignant/malignant (88).png,7f7c559a44c36c8e9bef67a9cd854c0f|b90d2267393cc63e082fd2beade43ca1|0d32dd7aa707d604426c4a9bf80db9ab|6e42e70f37f96c72317797695881eaab|90aab467350bd40af1e6d44441d681e7|151b36030a4f7b3ecbe4c0287dcb4753|5ded0f50847f5c2c71d7c6c0d52eb49a|b4189d73d2128b9a763bfd3a70e3624e|a4fb608c2876592f6a5f1ba1e4054d06|32b2ab3a601e4d7529e545b301565329|09443cdd5ed9d6d3559b804e0a428375|6e34346500651a02a9e4bf2184ed1130|3d3246d4dc54c00f54b9f8996f5f58a0|2275d76abcc2dcae5cbe4362adaebf16|cbd68fa901696c6347d10d629bd24612|1a8d3ccf4a5103d322dd62a8751564a0|518c6f9788ec9da9368f780352798b05|25b2019f6ca8bf509c85351f1509e2cb|60d95383a5a669a537abc5b8f11fd1d4|412b7345ada42efbea6b97828c5e4a3a|7aa2a5b944935afb2d876f173e1e7dd0,malignant (88),inferred_from_filename_not_verified_identifier,train,False,train/malignant/malignant (88).png
bag-13b5e4035667,grp-13b5e4035667,malignant,21,train/malignant/malignant (115)-rotated1-rotated1.png|train/malignant/malignant (115)-rotated1-rotated2.png|train/malignant/malignant (115)-rotated1-rotated32.png|train/malignant/malignant (115)-rotated1-sharpened.png|train/malignant/malignant (115)-rotated1.png|train/malignant/malignant (115)-rotated2-rotated1.png|train/malignant/malignant (115)-rotated2-rotated2.png|train/malignant/malignant (115)-rotated2-rotated32.png|train/malignant/malignant (115)-rotated2-sharpened.png|train/malignant/malignant (115)-rotated2.png|train/malignant/malignant (115)-rotated32-rotated1.png|train/malignant/malignant (115)-rotated32-rotated2.png|train/malignant/malignant (115)-rotated32-rotated32.png|train/malignant/malignant (115)-rotated32-sharpened.png|train/malignant/malignant (115)-rotated32.png|train/malignant/malignant (115)-sharpened-rotated1.png|train/malignant/malignant (115)-sharpened-rotated2.png|train/malignant/malignant (115)-sharpened-rotated32.png|train/malignant/malignant (115)-sharpened-sharpened.png|train/malignant/malignant (115)-sharpened.png|train/malignant/malignant (115).png,5f3cec440e5e7d102ac53d8e16ba48bc|a95c72f9afe73b4dbcc1c341f260968d|0a554c102eaf2540ec774d8d7f8a740a|6c8261a1426e15d9acd1e2747ca0a3cb|0d6b44e2f2667b3a50e5c26c7c3492d2|d248af7ec234961c30333a4548d4ebe4|2da4243506b73a1579b6ed4b4d468c51|bb659d4496afc31c5f149a414055d15e|f96bbb05bd537027d41cc3af69ba7574|132a7ff84cefcb7f89caabed01b63f81|34da4121a9f68d0b036410b9644a5659|56754de9f459db69117739fdd3c3e113|925c265639c6582b218d98f97b0691c4|719026cfbef8f8c49477c3e022f3148f|2d7617fad1df4bc5d613d0e9de2c0607|882023eaadaebc6040e8e1e18cea0655|a58c6c232215b802c0ecc2dc1a4c8c16|5c1cf524d906e965a4732d4ac0665e10|e5fa03b9428b1b66ec9b208e721958a6|8451ee03b83060303bb3a2e34f0cbe1c|68597a8948c8a0d28bfc2264d99baf93,malignant (115),inferred_from_filename_not_verified_identifier,train,False,train/malignant/malignant (115).png
bag-13fced21d4e1,grp-13fced21d4e1,malignant,21,train/malignant/malignant (184)-rotated1-rotated1.png|train/malignant/malignant (184)-rotated1-rotated2.png|train/malignant/malignant (184)-rotated1-rotated32.png|train/malignant/malignant (184)-rotated1-sharpened.png|train/malignant/malignant (184)-rotated1.png|train/malignant/malignant (184)-rotated2-rotated1.png|train/malignant/malignant (184)-rotated2-rotated2.png|train/malignant/malignant (184)-rotated2-rotated32.png|train/malignant/malignant (184)-rotated2-sharpened.png|train/malignant/malignant (184)-rotated2.png|train/malignant/malignant (184)-rotated32-rotated1.png|train/malignant/malignant (184)-rotated32-rotated2.png|train/malignant/malignant (184)-rotated32-rotated32.png|train/malignant/malignant (184)-rotated32-sharpened.png|train/malignant/malignant (184)-rotated32.png|train/malignant/malignant (184)-sharpened-rotated1.png|train/malignant/malignant (184)-sharpened-rotated2.png|train/malignant/malignant (184)-sharpened-rotated32.png|train/malignant/malignant (184)-sharpened-sharpened.png|train/malignant/malignant (184)-sharpened.png|train/malignant/malignant (184).png,685c1743d740f5df0ed955e376478048|26f0ffcf40188a8f28d9d44303e9ce24|ee7c15511adf3d092dcafda44e1aa955|ecb02c63577bd6a53e3f8a1bba955440|740eb38087854e0ee6529e022f28947e|496052a58b1fdc4b9b293d63004cbf63|79789a745ea96335be70defe8bc9365a|45235cfb675bde91bea3acb0a67e087b|e6ed7607f6092a84ab1799823c8303c2|26f0ffcf40188a8f28d9d44303e9ce24|90ebfee3a09c7eca863996d30656f872|d4400535c0d10473a8a0f7febea68a3c|65da1ebb325bf0aa49ad0c803d70bf0f|573a7de083179381b1efef68b785d0f9|60ad87add2a92d70b88d8303d97879ad|c628ad671cbe709af326a8a3d2b575bd|2c18fb28819d61e0005b27151ccca819|4f5ef21808fc49634d73c70e5c4eeeb8|271fa495021a0f682afbd11f750538f8|ecb02c63577bd6a53e3f8a1bba955440|151c380d29a3e31a78af7719fbdbe365,malignant (184),inferred_from_filename_not_verified_identifier,train,False,train/malignant/malignant (184).png
bag-1411ac842d21,grp-1411ac842d21,benign,16,train/benign/benign (99)-rotated1-rotated1.png|train/benign/benign (99)-rotated1-rotated2.png|train/benign/benign (99)-rotated1-sharpened.png|train/benign/benign (99)-rotated1.jpg|train/benign/benign (99)-rotated1.png|train/benign/benign (99)-rotated2-rotated1.png|train/benign/benign (99)-rotated2-rotated2.png|train/benign/benign (99)-rotated2-sharpened.png|train/benign/benign (99)-rotated2.jpg|train/benign/benign (99)-rotated2.png|train/benign/benign (99)-sharpened-rotated1.png|train/benign/benign (99)-sharpened-rotated2.png|train/benign/benign (99)-sharpened-sharpened.png|train/benign/benign (99)-sharpened.jpg|train/benign/benign (99)-sharpened.png|train/benign/benign (99).png,8800475b126e80150659d41117ecc40e|43af48561d7cdc8dc1e7e09b4c949d17|353386f34834c5948da890fe3be3d36b|9af5967080ada82933ee30ed98cd9cb2|ace145497959d6558dbda700763688c5|78f95f7c046c6da9375bf47d04c37bac|d6d8c5a2cb6a1068b841279f35d1f406|527780d4aa50a071f873c65f63f5c03b|9af5967080ada82933ee30ed98cd9cb2|ed8986404077825f971d2428813d9b33|a0d66072abfddebdf7f16a66d0675bf4|34695f257038a8fe320d52d98ab069f8|f9d5afd8689fb6329bd7f87cbf32ea89|91e1360110287c39742ce51263825996|cb736622e1d03df4299fcc94a31dea83|a394a484df63f9283f63330b591af168,benign (99),inferred_from_filename_not_verified_identifier,train,False,train/benign/benign (99).png
bag-152d9aaa2873,grp-152d9aaa2873,malignant,21,train/malignant/malignant (120)-rotated1-rotated1.png|train/malignant/malignant (120)-rotated1-rotated2.png|train/malignant/malignant (120)-rotated1-rotated32.png|train/malignant/malignant (120)-rotated1-sharpened.png|train/malignant/malignant (120)-rotated1.png|train/malignant/malignant (120)-rotated2-rotated1.png|train/malignant/malignant (120)-rotated2-rotated2.png|train/malignant/malignant (120)-rotated2-rotated32.png|train/malignant/malignant (120)-rotated2-sharpened.png|train/malignant/malignant (120)-rotated2.png|train/malignant/malignant (120)-rotated32-rotated1.png|train/malignant/malignant (120)-rotated32-rotated2.png|train/malignant/malignant (120)-rotated32-rotated32.png|train/malignant/malignant (120)-rotated32-sharpened.png|train/malignant/malignant (120)-rotated32.png|train/malignant/malignant (120)-sharpened-rotated1.png|train/malignant/malignant (120)-sharpened-rotated2.png|train/malignant/malignant (120)-sharpened-rotated32.png|train/malignant/malignant (120)-sharpened-sharpened.png|train/malignant/malignant (120)-sharpened.png|train/malignant/malignant (120).png,4d546e2e845586b15b099e3a3c5ac754|f728d1ef67adb6cbd67f02ad05a5aeaa|29e8ba409b69551ea9c030a6c2e7682e|77442e0692d56c395dd7069266d0145a|82ffc4bb175344b115c855cc3ec40901|9ad3e5841c1b54188d4b53e8d4374e2f|11e00211857761b537ea6eb8b932473d|8158601b7b951a88961ba85a27436284|bc33c4180ea8547e31c22c9059f8b451|7bc9bc83e1c58c21f49fbfa2d1aab46b|c78d6494f1f14964a928cd0b32eab6a5|6e8ee60c8c8a1f86e5f6676a55fe0256|74a10778a1c7a83fc0f63a3961eae300|ef72850bf2e7c7e9375b9741e931c869|7463181b97fb0fbb384ff756f3fcf9ca|229efa82f2509845c2e5cc7ae8970122|3594c9449fffc5a7b6789a9d5be3f44d|12c1e097e7aec4d61b1093b88a45ea8a|9f1a2263ab570641b14b9063740837b8|595a8ae7fc1cc9158d51f8354011483e|b20eb0df598db46b69ac4fe4671098b9,malignant (120),inferred_from_filename_not_verified_identifier,train,False,train/malignant/malignant (120).png
bag-1588a774139f,grp-1588a774139f,benign,16,train/benign/benign (46)-rotated1-rotated1.png|train/benign/benign (46)-rotated1-rotated2.png|train/benign/benign (46)-rotated1-sharpened.png|train/benign/benign (46)-rotated1.jpg|train/benign/benign (46)-rotated1.png|train/benign/benign (46)-rotated2-rotated1.png|train/benign/benign (46)-rotated2-rotated2.png|train/benign/benign (46)-rotated2-sharpened.png|train/benign/benign (46)-rotated2.jpg|train/benign/benign (46)-rotated2.png|train/benign/benign (46)-sharpened-rotated1.png|train/benign/benign (46)-sharpened-rotated2.png|train/benign/benign (46)-sharpened-sharpened.png|train/benign/benign (46)-sharpened.jpg|train/benign/benign (46)-sharpened.png|train/benign/benign (46).png,0cbf7d449e86af797077c6f9153a0603|b02ccd18862d957b8ccd977128d75e3f|5e9cb17827c001c3848b87d4d6f82a21|a68a6a3e5ff6686a836148ff073d30de|3ff9572371414c2c10350293fb4c0f2b|ec98de237927233ba98ed2868980da5d|599c534c51e1a447159d90a517bb3155|e7d63c3cea8d774c2a49211fedf1666b|77a5064dff9e733806f19ae59980ac63|305b903ac92575a6aae47a00677d23d9|8b36cd378621ce00a84e91dadc032176|7593617d1baa18aff9858a5a0b7e67b1|1be4a4969d7487b6f008cc75a0138493|10b19f8a7f361d2130d810122f4d6f55|6c90bc997723ad58ecf47c3da0481650|09f80ea030f77b23e51c10ae7352dea2,benign (46),inferred_from_filename_not_verified_identifier,train,False,train/benign/benign (46).png
bag-159732f6d102,grp-159732f6d102,benign,16,train/benign/benign (48)-rotated1-rotated1.png|train/benign/benign (48)-rotated1-rotated2.png|train/benign/benign (48)-rotated1-sharpened.png|train/benign/benign (48)-rotated1.jpg|train/benign/benign (48)-rotated1.png|train/benign/benign (48)-rotated2-rotated1.png|train/benign/benign (48)-rotated2-rotated2.png|train/benign/benign (48)-rotated2-sharpened.png|train/benign/benign (48)-rotated2.jpg|train/benign/benign (48)-rotated2.png|train/benign/benign (48)-sharpened-rotated1.png|train/benign/benign (48)-sharpened-rotated2.png|train/benign/benign (48)-sharpened-sharpened.png|train/benign/benign (48)-sharpened.jpg|train/benign/benign (48)-sharpened.png|train/benign/benign (48).png,5de2a753800a0aa1e61d465830d97b2e|b4039d3239bd6a1b3dbae97240bc113a|d4d537931e2c04c0ddd0464f22a50059|011d745bca7663ca6a4b6e1bff9e828f|1c3cac626ecf848470ddd565b32124b3|dc8e9665873e58f503b421657f7a1d66|8e37fa161b8ea4aef1d741cd6301d3a7|2f0f624f2cf357a4de33f9fca0ca8aae|ed9e114d8800e004d07ab35a0336a5f8|3c2ef3f287ca75c91faaa8a8aeb092c8|68b0667872202c38b0836f99205a5790|3cf739b58eb3139e448aa08a8881bab3|8b4913fa16d4f87c6f11a5c726cbfec3|5c741fda7d830e0a24e7b77c599ca7f1|2f0f624f2cf357a4de33f9fca0ca8aae|6f906034a927e1940a5495ecb7a9bea1,benign (48),inferred_from_filename_not_verified_identifier,train,False,train/benign/benign (48).png
bag-15ff4737a9a2,grp-15ff4737a9a2,benign,16,train/benign/benign (49)-rotated1-rotated1.png|train/benign/benign (49)-rotated1-rotated2.png|train/benign/benign (49)-rotated1-sharpened.png|train/benign/benign (49)-rotated1.jpg|train/benign/benign (49)-rotated1.png|train/benign/benign (49)-rotated2-rotated1.png|train/benign/benign (49)-rotated2-rotated2.png|train/benign/benign (49)-rotated2-sharpened.png|train/benign/benign (49)-rotated2.jpg|train/benign/benign (49)-rotated2.png|train/benign/benign (49)-sharpened-rotated1.png|train/benign/benign (49)-sharpened-rotated2.png|train/benign/benign (49)-sharpened-sharpened.png|train/benign/benign (49)-sharpened.jpg|train/benign/benign (49)-sharpened.png|train/benign/benign (49).png,c5895310ad939430b95a802c0850dab1|0eefacc67799665691d949851a9999c2|2e7dda11c4ea05563050e7257fe5639a|f23b930acf7bdfbb5c4de573bba66ff5|c88ba41d413c9fee422028e63b3349ba|66964de8392db3169e12e5d27b41fcc6|bdcbfd5d32cadb8070ef143b21bd7833|de7ad428ab925a7e54e6623dd1df7f41|96e6740a66a6beb209d93736ba3da955|cff2eea46d84d56d80ec6bcefd018e8c|112e2936f9989767fba7cbee413f2a50|ca72f93cbc911c8bf536f89dbe8c38b6|b86395a6c7fbf5743a768f5b6307becf|75f46794a6cdee89aafa4669775825bd|3cdbddde7d62579c8e3611ccc84084f3|587f171a9c199ebbe876ba144dfe238e,benign (49),inferred_from_filename_not_verified_identifier,train,False,train/benign/benign (49).png
bag-1725e54c8fc7,grp-1725e54c8fc7,malignant,21,train/malignant/malignant (200)-rotated1-rotated1.png|train/malignant/malignant (200)-rotated1-rotated2.png|train/malignant/malignant (200)-rotated1-rotated32.png|train/malignant/malignant (200)-rotated1-sharpened.png|train/malignant/malignant (200)-rotated1.png|train/malignant/malignant (200)-rotated2-rotated1.png|train/malignant/malignant (200)-rotated2-rotated2.png|train/malignant/malignant (200)-rotated2-rotated32.png|train/malignant/malignant (200)-rotated2-sharpened.png|train/malignant/malignant (200)-rotated2.png|train/malignant/malignant (200)-rotated32-rotated1.png|train/malignant/malignant (200)-rotated32-rotated2.png|train/malignant/malignant (200)-rotated32-rotated32.png|train/malignant/malignant (200)-rotated32-sharpened.png|train/malignant/malignant (200)-rotated32.png|train/malignant/malignant (200)-sharpened-rotated1.png|train/malignant/malignant (200)-sharpened-rotated2.png|train/malignant/malignant (200)-sharpened-rotated32.png|train/malignant/malignant (200)-sharpened-sharpened.png|train/malignant/malignant (200)-sharpened.png|train/malignant/malignant (200).png,163b0756fa62f5530816c449b8bd3014|9266785dbb79a08a9d265186b9c366a9|389d9faa75387cecd78a691660bf92b5|fab7f532115f45d0e7cf1b822ce320fc|aaebfb55373cd536db6c79bd089444b2|505bb49a462ec1be2543a5f7ecc2dab3|cc8d5bce386551e377493ee256f0383e|5b86a93c064fe3ab1d909f7d7ab583e4|fab7f532115f45d0e7cf1b822ce320fc|3165d41c9271365dc9924a6222acff9f|ee3f67615fb4b6efcd622debb741aa5e|aaebfb55373cd536db6c79bd089444b2|22acbc9c137c8bfa3c11d46dbb6d0298|ee4717260b103fccaaa75c721d4f1418|e2006e931a89c978bcdf0075c99b3128|2156b28d80f782cd44cb24cfd8325edd|3eff6dff1648cea6b90e805fe3f4dd94|c2a8231d8611c7ba7ecac7b1f914b146|8467fb44b92f36ae9bdbf5d39e52a9f0|ee4717260b103fccaaa75c721d4f1418|3404b38acf915419abd2521916568314,malignant (200),inferred_from_filename_not_verified_identifier,train,False,train/malignant/malignant (200).png
bag-172fd36c5d33,grp-172fd36c5d33,benign,16,train/benign/benign (252)-rotated1-rotated1.png|train/benign/benign (252)-rotated1-rotated2.png|train/benign/benign (252)-rotated1-sharpened.png|train/benign/benign (252)-rotated1.jpg|train/benign/benign (252)-rotated1.png|train/benign/benign (252)-rotated2-rotated1.png|train/benign/benign (252)-rotated2-rotated2.png|train/benign/benign (252)-rotated2-sharpened.png|train/benign/benign (252)-rotated2.jpg|train/benign/benign (252)-rotated2.png|train/benign/benign (252)-sharpened-rotated1.png|train/benign/benign (252)-sharpened-rotated2.png|train/benign/benign (252)-sharpened-sharpened.png|train/benign/benign (252)-sharpened.jpg|train/benign/benign (252)-sharpened.png|train/benign/benign (252).png,b071091b6d35770aa341e4b84e1bdb41|4cd31fdedf767f67805ee1ffb8f40da3|4d43dc02e53d1a8d0b0cfc524d89c8b5|3e372c490aa72d1b7309348f4efbcab7|1c9a203e37eba878cab3f7e92b918183|2d59f0b76408d5a61aff6b58d43e59e9|51d76f83eca12db25eace84470359aa8|d97476e564cb17fe15a7a86c00adf206|6bab682ad9cbce7d3d3a9875553fec20|70a186f88b813a7ca9dea8bf136a9743|7bddd86ccef01310c23fa2ccb0f5c40f|88405ab4505f305bed111080ab0c338f|5397b3c1c42c0ea441da1262919a1cc6|2118cc748caf1b2878844334b5585bc2|2b36e94e9c14f97d30474549d697ac51|6210e0d3539fc347986765c1fc802c4d,benign (252),inferred_from_filename_not_verified_identifier,train,False,train/benign/benign (252).png
bag-1744c730c3bb,grp-1744c730c3bb,benign,16,train/benign/benign (195)-rotated1-rotated1.png|train/benign/benign (195)-rotated1-rotated2.png|train/benign/benign (195)-rotated1-sharpened.png|train/benign/benign (195)-rotated1.jpg|train/benign/benign (195)-rotated1.png|train/benign/benign (195)-rotated2-rotated1.png|train/benign/benign (195)-rotated2-rotated2.png|train/benign/benign (195)-rotated2-sharpened.png|train/benign/benign (195)-rotated2.jpg|train/benign/benign (195)-rotated2.png|train/benign/benign (195)-sharpened-rotated1.png|train/benign/benign (195)-sharpened-rotated2.png|train/benign/benign (195)-sharpened-sharpened.png|train/benign/benign (195)-sharpened.jpg|train/benign/benign (195)-sharpened.png|train/benign/benign (195).png,f8ab4aa194401784865d896afb29fc80|c057592cb560b450767a9671ff94fa0e|214d30fb71d162b163423c3c3ae31146|df0358145f057ebcca85fb841e7e9835|fb604fc7440c2c890d6693426c995e5d|3df467fc18dbd703c55bf283db7808a9|105c6ffc3eee0ceda6881fd3cc0294fc|8979c977465705474ecb912e312b2bdc|25bc39f53ed18f3a3a74e9f124cad282|3430d11b45093e82b28aeb00029267bb|d4a788b13d2deaffa5519a64f5d983ef|31a3d3cd77ee784c6372a7c34db383e0|e6fb5a3be39bb83b6dbf6eb005d7d6d7|93f968b59a4922d7a613ba7dcd8c8412|8979c977465705474ecb912e312b2bdc|0f257828827324718f435d3ae23f8dbd,benign (195),inferred_from_filename_not_verified_identifier,train,False,train/benign/benign (195).png
bag-17cff039dc95,grp-17cff039dc95,benign,16,train/benign/benign (249)-rotated1-rotated1.png|train/benign/benign (249)-rotated1-rotated2.png|train/benign/benign (249)-rotated1-sharpened.png|train/benign/benign (249)-rotated1.jpg|train/benign/benign (249)-rotated1.png|train/benign/benign (249)-rotated2-rotated1.png|train/benign/benign (249)-rotated2-rotated2.png|train/benign/benign (249)-rotated2-sharpened.png|train/benign/benign (249)-rotated2.jpg|train/benign/benign (249)-rotated2.png|train/benign/benign (249)-sharpened-rotated1.png|train/benign/benign (249)-sharpened-rotated2.png|train/benign/benign (249)-sharpened-sharpened.png|train/benign/benign (249)-sharpened.jpg|train/benign/benign (249)-sharpened.png|train/benign/benign (249).png,8b3c22b9bd3adde200f4aecd23761b8f|4545400046e8c945ba279dc1de0d5ec1|9307ab03c3a47644d42fa457a8b086a8|39c2f0481a323516668ce86a383c265a|c3829938ae31c6a3acf60c89ee563a55|69d0f6893eda5ecc456efd1bb528b425|e4af6b01b432a0cd491d436121bf0474|ac1b0d9217671debf89b21f383c2c7ec|982e9280d13eed834ea877281d7cec8b|4870afccea1f0120c03a73d810a64e0c|a5ced1105677c3e32fed499e54319d7f|154640de76335507950dc2cf4bd0a1a0|ceb37518fb6fe666b872a34f36d22710|0c56dfd6be12b6e99e2d56e4c0cf1792|7e23c70b70088b3fd298815cd5832c91|db32326707c1d93c203557759c396255,benign (249),inferred_from_filename_not_verified_identifier,train,False,train/benign/benign (249).png
bag-17df12b940d5,grp-17df12b940d5,malignant,21,train/malignant/malignant (179)-rotated1-rotated1.png|train/malignant/malignant (179)-rotated1-rotated2.png|train/malignant/malignant (179)-rotated1-rotated32.png|train/malignant/malignant (179)-rotated1-sharpened.png|train/malignant/malignant (179)-rotated1.png|train/malignant/malignant (179)-rotated2-rotated1.png|train/malignant/malignant (179)-rotated2-rotated2.png|train/malignant/malignant (179)-rotated2-rotated32.png|train/malignant/malignant (179)-rotated2-sharpened.png|train/malignant/malignant (179)-rotated2.png|train/malignant/malignant (179)-rotated32-rotated1.png|train/malignant/malignant (179)-rotated32-rotated2.png|train/malignant/malignant (179)-rotated32-rotated32.png|train/malignant/malignant (179)-rotated32-sharpened.png|train/malignant/malignant (179)-rotated32.png|train/malignant/malignant (179)-sharpened-rotated1.png|train/malignant/malignant (179)-sharpened-rotated2.png|train/malignant/malignant (179)-sharpened-rotated32.png|train/malignant/malignant (179)-sharpened-sharpened.png|train/malignant/malignant (179)-sharpened.png|train/malignant/malignant (179).png,3d9a3707243090808226d9c67e715a6a|a13008749483abf223ab35e7e22285e4|d4db250ad569e8e5ba4fb5a65960ef70|7c570d071bff6b027addf323f6009302|cd06daa88ff0685b640cc173b289a67b|bccd4bf22e18fba84a8215db29a94e96|a39ccfd24f1324505e8c3f8eaac7fffb|71267fdddc044dd4214e79806ce566c4|e08264f4c4ec68d5f8ae08814f23bcf6|2c05c33358dfaa8b7dfcbbfa95eef42d|439c5d0c090ffcf4872447cc291ecf84|800b976ec611e98070404cb9036d9bf4|3d98accf9c4c42b694ca8c46cade0d4c|87d8d64b670a376af7478de531c48e59|ac9c5795be0abaf5d402224bde4bab2b|2a2087f4c9056813165fe98817a75203|9e548139ca0f5974445c334bb84ed719|cffac09ade54aa40a56d90b8f84ecf9d|0088cb1e213d26746412f8ea071dd582|7c570d071bff6b027addf323f6009302|de4e388e11b5ec81c90c7add189bfd6c,malignant (179),inferred_from_filename_not_verified_identifier,train,False,train/malignant/malignant (179).png
bag-185ecf947b1c,grp-185ecf947b1c,benign,16,train/benign/benign (135)-rotated1-rotated1.png|train/benign/benign (135)-rotated1-rotated2.png|train/benign/benign (135)-rotated1-sharpened.png|train/benign/benign (135)-rotated1.jpg|train/benign/benign (135)-rotated1.png|train/benign/benign (135)-rotated2-rotated1.png|train/benign/benign (135)-rotated2-rotated2.png|train/benign/benign (135)-rotated2-sharpened.png|train/benign/benign (135)-rotated2.jpg|train/benign/benign (135)-rotated2.png|train/benign/benign (135)-sharpened-rotated1.png|train/benign/benign (135)-sharpened-rotated2.png|train/benign/benign (135)-sharpened-sharpened.png|train/benign/benign (135)-sharpened.jpg|train/benign/benign (135)-sharpened.png|train/benign/benign (135).png,50cfd1ce616976ece798be00bbbfdc7e|184098d2ffdb71c85330e2074f302396|54dce1ea2ff74e705b6cd25408a25966|75d180f0c49e9da16b8cd5725b295f3d|6186784eca96382df3c0925fb591a740|8bc31d69c7e0ed06c9e8d2c01e955e61|47794c2977b4e681e51ec07445657581|157973952557fe45761ddbbc8b7b9481|a5a70aaee5aa0a7c12b547108071e2f3|ac7e5a34b848fc3144744e20783ca52c|ec2e7527bf8403f6b6f716c61bfd630f|e58e9e86263afa820a2462ba3c436490|23c73ed062f3d4c6bbfa83d82ae35d25|9d7764ed44ed55be49538f243de01af4|44400a83442cc9b74d02177c219904f7|8bb8f48b6d16fd831716bebcdaf4a629,benign (135),inferred_from_filename_not_verified_identifier,train,False,train/benign/benign (135).png
bag-18edf3c6600f,grp-18edf3c6600f,benign,16,val/benign/benign (33)-rotated1-rotated1.png|val/benign/benign (33)-rotated1-rotated2.png|val/benign/benign (33)-rotated1-sharpened.png|val/benign/benign (33)-rotated1.jpg|val/benign/benign (33)-rotated1.png|val/benign/benign (33)-rotated2-rotated1.png|val/benign/benign (33)-rotated2-rotated2.png|val/benign/benign (33)-rotated2-sharpened.png|val/benign/benign (33)-rotated2.jpg|val/benign/benign (33)-rotated2.png|val/benign/benign (33)-sharpened-rotated1.png|val/benign/benign (33)-sharpened-rotated2.png|val/benign/benign (33)-sharpened-sharpened.png|val/benign/benign (33)-sharpened.jpg|val/benign/benign (33)-sharpened.png|val/benign/benign (33).png,206fc7a408ad8a24737925df8e02a694|825cde63cdb52cbfd09de06ed3aa9424|d5458f483299fe965cb96006781b7c1c|d744735c9259482a63786708fa547552|f964bd479362c302480bb0b83ff1d321|9581aa62458c45799a42163349d2ddb0|8961344794d13ff089aaeb36d8446f31|94e8d5638b0e60b781855447c556894e|eca64becd28e652852ece77d2c47554e|46056d66baf20227919d93d30f7c02c0|6f387ef99b9ff91c0c0dbe0f6e2eeb68|21bf7880f9541bb77e421241a94ab376|c5b230339a0b3b9d44a8374d59d5c7dd|74ccef8cc048f153998154619794cdc0|18ca355e279ae30146e4a037e3b9461a|98128c54be35fb2df49aaf6b35153fd2,benign (33),inferred_from_filename_not_verified_identifier,val,False,val/benign/benign (33).png
bag-19834a45fb02,grp-19834a45fb02,malignant,21,train/malignant/malignant (108)-rotated1-rotated1.png|train/malignant/malignant (108)-rotated1-rotated2.png|train/malignant/malignant (108)-rotated1-rotated32.png|train/malignant/malignant (108)-rotated1-sharpened.png|train/malignant/malignant (108)-rotated1.png|train/malignant/malignant (108)-rotated2-rotated1.png|train/malignant/malignant (108)-rotated2-rotated2.png|train/malignant/malignant (108)-rotated2-rotated32.png|train/malignant/malignant (108)-rotated2-sharpened.png|train/malignant/malignant (108)-rotated2.png|train/malignant/malignant (108)-rotated32-rotated1.png|train/malignant/malignant (108)-rotated32-rotated2.png|train/malignant/malignant (108)-rotated32-rotated32.png|train/malignant/malignant (108)-rotated32-sharpened.png|train/malignant/malignant (108)-rotated32.png|train/malignant/malignant (108)-sharpened-rotated1.png|train/malignant/malignant (108)-sharpened-rotated2.png|train/malignant/malignant (108)-sharpened-rotated32.png|train/malignant/malignant (108)-sharpened-sharpened.png|train/malignant/malignant (108)-sharpened.png|train/malignant/malignant (108).png,80eedab64bb231b003550803dc79864c|084787b86e15180fe8342c7cb1682256|4d090b29e7a5da720a65d01e334f31bf|060e15ca16f3d952e9d3b64fafcc1cc4|c88b17a4572bfcd8ead3c68c5a32ff37|70780f3f0f2391e6cc76e04ea47b4898|c58582a068f8568b9f5e60dbc1072f01|9bea1dbec017dc46e9628b68d608b06e|f3d543685bd205cd674c82ddf9077ea7|00b2ce5ee363993ce33a675f6ec6b588|5dc416c07a791e4fd7af167f0abdd8e7|5ed1a796ac1b9218c369a6bc8a3b7b03|7bb763d6d2b3b21f08717e2f742d53ff|2cf772f7c8fe01d744f04c22960e42ad|4a6d06892466f6500367574e87bf339a|a330b06785d6954a0eff00310b2cc02c|472afb96993b4cb3679f75c6b60a6c8d|1dd3bf73ced1ede9002571ed582dc30a|c135e65e9b53fb11a720007db25e6b26|060e15ca16f3d952e9d3b64fafcc1cc4|34303086dc1f677ff7d82f8d44bc1a92,malignant (108),inferred_from_filename_not_verified_identifier,train,False,train/malignant/malignant (108).png
bag-19ddf2718734,grp-19ddf2718734,malignant,21,train/malignant/malignant (182)-rotated1-rotated1.png|train/malignant/malignant (182)-rotated1-rotated2.png|train/malignant/malignant (182)-rotated1-rotated32.png|train/malignant/malignant (182)-rotated1-sharpened.png|train/malignant/malignant (182)-rotated1.png|train/malignant/malignant (182)-rotated2-rotated1.png|train/malignant/malignant (182)-rotated2-rotated2.png|train/malignant/malignant (182)-rotated2-rotated32.png|train/malignant/malignant (182)-rotated2-sharpened.png|train/malignant/malignant (182)-rotated2.png|train/malignant/malignant (182)-rotated32-rotated1.png|train/malignant/malignant (182)-rotated32-rotated2.png|train/malignant/malignant (182)-rotated32-rotated32.png|train/malignant/malignant (182)-rotated32-sharpened.png|train/malignant/malignant (182)-rotated32.png|train/malignant/malignant (182)-sharpened-rotated1.png|train/malignant/malignant (182)-sharpened-rotated2.png|train/malignant/malignant (182)-sharpened-rotated32.png|train/malignant/malignant (182)-sharpened-sharpened.png|train/malignant/malignant (182)-sharpened.png|train/malignant/malignant (182).png,e8c50f52b45d1f7938dad1afb01e799f|b22cac17c01482b870c890dd0b143591|3f1caf7e22a2919a22ae654fb7c831ef|d1a3b0aaf2aca01a5f2ed2c835817693|5f95f076db54e9ec6d3e80a86fd8ce31|d1716f0c762c8e0bab02e2189e16b581|d4362a43c102a33cd705686dc838658f|2078e2dceb728b2860c45f21e380f6f1|c350d85252fc0e373ac29db9d9fc989f|1c12550ed34b3672e8f0548d90c941aa|79332a570b02f8616b8856d039ad1b7f|7f12b4358f4fe81d057b68232ad62e20|7f12b4358f4fe81d057b68232ad62e20|caffbca8be24b55afb3113bea43ca248|54df00bb31ae33b6316c01ae40b24229|4d81665cc48d37d21c939df934803bda|51fa22aeb20bfaf50064d3926e7e420e|d8b56ada4feb455349f5bbd46edc7c54|2dbf70c730fae7bff6258d4b5481a06e|caffbca8be24b55afb3113bea43ca248|817661d234407b04a24748d2b1b49bcd,malignant (182),inferred_from_filename_not_verified_identifier,train,False,train/malignant/malignant (182).png
bag-19e4ccdb6ede,grp-19e4ccdb6ede,benign,16,train/benign/benign (144)-rotated1-rotated1.png|train/benign/benign (144)-rotated1-rotated2.png|train/benign/benign (144)-rotated1-sharpened.png|train/benign/benign (144)-rotated1.jpg|train/benign/benign (144)-rotated1.png|train/benign/benign (144)-rotated2-rotated1.png|train/benign/benign (144)-rotated2-rotated2.png|train/benign/benign (144)-rotated2-sharpened.png|train/benign/benign (144)-rotated2.jpg|train/benign/benign (144)-rotated2.png|train/benign/benign (144)-sharpened-rotated1.png|train/benign/benign (144)-sharpened-rotated2.png|train/benign/benign (144)-sharpened-sharpened.png|train/benign/benign (144)-sharpened.jpg|train/benign/benign (144)-sharpened.png|train/benign/benign (144).png,3ba68083ec7e255a77f0ebfd2e911c01|4b326b3b395c0ff335b3d2604f085b75|f35778738816f394bcc57bb4381f64a9|0d163e6b68b9b5c11d58b07dad7ccaf0|12f2af58ea28d307edb87ac02c6642de|31eb7ed85e73f62a75fc06dc7bc79321|dd018f8267a6cadf11439595ae85e1ad|98eb7d5d6646c89f2a0a3e5b30b7c8e6|29a2eb33e4477f0db291c6effbc6eb61|3c2ac9942445517f3fa1afc106ed4acc|9744b2e64e45ce7f5931380dc19a2745|ee62eb138e9c909d6a84fc0866364b90|220d294ade15feda5b9b32e61c15950c|c0821d80da511b310c0370c7da4c9070|9744b2e64e45ce7f5931380dc19a2745|3782a748a5023d78869012c20b51d7b3,benign (144),inferred_from_filename_not_verified_identifier,train,False,train/benign/benign (144).png
bag-1a07579c6464,grp-1a07579c6464,benign,16,train/benign/benign (255)-rotated1-rotated1.png|train/benign/benign (255)-rotated1-rotated2.png|train/benign/benign (255)-rotated1-sharpened.png|train/benign/benign (255)-rotated1.jpg|train/benign/benign (255)-rotated1.png|train/benign/benign (255)-rotated2-rotated1.png|train/benign/benign (255)-rotated2-rotated2.png|train/benign/benign (255)-rotated2-sharpened.png|train/benign/benign (255)-rotated2.jpg|train/benign/benign (255)-rotated2.png|train/benign/benign (255)-sharpened-rotated1.png|train/benign/benign (255)-sharpened-rotated2.png|train/benign/benign (255)-sharpened-sharpened.png|train/benign/benign (255)-sharpened.jpg|train/benign/benign (255)-sharpened.png|train/benign/benign (255).png,308cd37237e8490b0557f67b867f9b8c|6b51c4f4bfd67fca22a2190cbe294e11|4eab86e3113145556267e0b97d528ef5|3665af29d7b1cf4a317a541ee94d278f|0cf5ad4f5f27eeef2b150853ee30058e|3dcd8d3bdc2790151eef4049dd2846e6|3dcd8d3bdc2790151eef4049dd2846e6|9d72715156ca76810961468cbb28ac37|33dca3bad5738337ce2a60953c76a814|084b137400d2fbb3fd3709df01cba448|e0a4d80f3f1f60266215dc05d4888330|01978b0551db7fc6b93d039d5ae403cf|a48e62f9fcafa047602f880b1d023fd1|40a73029976fec09be9d9c9330632260|4eab86e3113145556267e0b97d528ef5|fec4e19dea715a1b7c2a79790a587823,benign (255),inferred_from_filename_not_verified_identifier,train,False,train/benign/benign (255).png
bag-1a5d4a35a3e7,grp-1a5d4a35a3e7,malignant,21,val/malignant/malignant (15)-rotated1-rotated1.png|val/malignant/malignant (15)-rotated1-rotated2.png|val/malignant/malignant (15)-rotated1-rotated32.png|val/malignant/malignant (15)-rotated1-sharpened.png|val/malignant/malignant (15)-rotated1.png|val/malignant/malignant (15)-rotated2-rotated1.png|val/malignant/malignant (15)-rotated2-rotated2.png|val/malignant/malignant (15)-rotated2-rotated32.png|val/malignant/malignant (15)-rotated2-sharpened.png|val/malignant/malignant (15)-rotated2.png|val/malignant/malignant (15)-rotated32-rotated1.png|val/malignant/malignant (15)-rotated32-rotated2.png|val/malignant/malignant (15)-rotated32-rotated32.png|val/malignant/malignant (15)-rotated32-sharpened.png|val/malignant/malignant (15)-rotated32.png|val/malignant/malignant (15)-sharpened-rotated1.png|val/malignant/malignant (15)-sharpened-rotated2.png|val/malignant/malignant (15)-sharpened-rotated32.png|val/malignant/malignant (15)-sharpened-sharpened.png|val/malignant/malignant (15)-sharpened.png|val/malignant/malignant (15).png,f4833de29ea82f854b0e4d8f2972c72c|9f9a5c8715b8dcc917f73320dd021625|f0b126c5b19d23e96632b923eac56fb1|0fa5c67a440299f37448b76d5e628cca|3e5e5c7273de858dba280aaccb3d63c5|deb138fe9f58f6ee30c24d7332693acd|846a2829c6769a9be56800b1d8612ec4|67d49cfd4494f340b5174138d83477d7|a86a4412d9098c2ad67dab9a29854f20|72852ffd2fc8d19e53fd0ca9d270a6b2|eca09309d9ce98a349c37da55ee8e205|d481cab48c25acfbd12bb37ad38b5e32|a3c3e6a9c21e56ed12dc0d2796f6fbaf|9592f27405e059f64777d9b07987c354|e460a4ed2b0c0af548503ddb68788312|d2966661e78ed3713d8079c54ac72ea9|e9092d797f79079a42fa546ad2c09c37|d829d7e269a0ff05ce149f09ab372f45|21f73f09c03afa0af7d5e3cc5e62886b|e404edfb7423ed7f8a961a7619fca4c8|31ade99c474516e64a89f172c360a1e3,malignant (15),inferred_from_filename_not_verified_identifier,val,False,val/malignant/malignant (15).png
bag-1b6272be682b,grp-1b6272be682b,benign,16,train/benign/benign (210)-rotated1-rotated1.png|train/benign/benign (210)-rotated1-rotated2.png|train/benign/benign (210)-rotated1-sharpened.png|train/benign/benign (210)-rotated1.jpg|train/benign/benign (210)-rotated1.png|train/benign/benign (210)-rotated2-rotated1.png|train/benign/benign (210)-rotated2-rotated2.png|train/benign/benign (210)-rotated2-sharpened.png|train/benign/benign (210)-rotated2.jpg|train/benign/benign (210)-rotated2.png|train/benign/benign (210)-sharpened-rotated1.png|train/benign/benign (210)-sharpened-rotated2.png|train/benign/benign (210)-sharpened-sharpened.png|train/benign/benign (210)-sharpened.jpg|train/benign/benign (210)-sharpened.png|train/benign/benign (210).png,dca781bf19e88fe328f2f2688ad49a67|4578cc6f0f67dc3dd747375f8cccff57|ee703ef6ea7a749c7fbdb4d3f14a614c|d4da830644b0bd85cadefb32fb98bf96|8d2b8d9722e628ce59d978a901a59ede|f71ea5e8350a0b46620a331c9f435494|f71ea5e8350a0b46620a331c9f435494|0be52acaa7f36f0857dff07aac4e5f82|b3dad009084334279c717daa8c4ba288|618045b7dd156b2cc66e69c927f34ee4|69a58a6e970e9beb1836dc657957fec6|d09c767f288652f707671ea61baf5264|c71448a9724db1725a117d06ec1ab01d|d25eb3f31fcdbd80234fa1f1e7ccee2c|b43aaacfaa5f0e2870c52f840f4f1980|2dcec506733db59d4ec8d42305f821fd,benign (210),inferred_from_filename_not_verified_identifier,train,False,train/benign/benign (210).png
bag-1b635164f1be,grp-1b635164f1be,benign,16,train/benign/benign (264)-rotated1-rotated1.png|train/benign/benign (264)-rotated1-rotated2.png|train/benign/benign (264)-rotated1-sharpened.png|train/benign/benign (264)-rotated1.jpg|train/benign/benign (264)-rotated1.png|train/benign/benign (264)-rotated2-rotated1.png|train/benign/benign (264)-rotated2-rotated2.png|train/benign/benign (264)-rotated2-sharpened.png|train/benign/benign (264)-rotated2.jpg|train/benign/benign (264)-rotated2.png|train/benign/benign (264)-sharpened-rotated1.png|train/benign/benign (264)-sharpened-rotated2.png|train/benign/benign (264)-sharpened-sharpened.png|train/benign/benign (264)-sharpened.jpg|train/benign/benign (264)-sharpened.png|train/benign/benign (264).png,eebd9858ce02b1458bc230defefc7a46|c129726f02146cdebf3618980113eb26|b8551bb3d744ca3f2b5164f3bc8a640a|a36710b96f85cd392b5375ea96f1952a|28c6d96b703c5b1c62c2642c7c15addd|06f9c330f5afa949a72dc94d65668e95|a5de168dea61b449ac4f74955c86cb74|5ae19a49428b78008b9a0374598e23d9|aa9dcf082869a63b57922eff644ea768|b214de85498c8b0ef0db46911172e4ec|2d7e248ab757532d0b3d07c927543569|ed437474bcb3baf3f52b82472150450d|4b3aefcc16a594bbe999e92c9ee1ca1f|ad63c5f0a44c2548d0ebd5c16df26da9|bcdbbdca700243c66933a685c6419ff3|7edf56bda656283872f57d62c77dad1d,benign (264),inferred_from_filename_not_verified_identifier,train,False,train/benign/benign (264).png
bag-1c134548ae66,grp-1c134548ae66,malignant,21,train/malignant/malignant (206)-rotated1-rotated1.png|train/malignant/malignant (206)-rotated1-rotated2.png|train/malignant/malignant (206)-rotated1-rotated32.png|train/malignant/malignant (206)-rotated1-sharpened.png|train/malignant/malignant (206)-rotated1.png|train/malignant/malignant (206)-rotated2-rotated1.png|train/malignant/malignant (206)-rotated2-rotated2.png|train/malignant/malignant (206)-rotated2-rotated32.png|train/malignant/malignant (206)-rotated2-sharpened.png|train/malignant/malignant (206)-rotated2.png|train/malignant/malignant (206)-rotated32-rotated1.png|train/malignant/malignant (206)-rotated32-rotated2.png|train/malignant/malignant (206)-rotated32-rotated32.png|train/malignant/malignant (206)-rotated32-sharpened.png|train/malignant/malignant (206)-rotated32.png|train/malignant/malignant (206)-sharpened-rotated1.png|train/malignant/malignant (206)-sharpened-rotated2.png|train/malignant/malignant (206)-sharpened-rotated32.png|train/malignant/malignant (206)-sharpened-sharpened.png|train/malignant/malignant (206)-sharpened.png|train/malignant/malignant (206).png,48a34d569beb7635e78975ea8fb36c6a|74713e25d75dcb0b355bca57a5434325|a6e1badb23541bbb94b09e0a647a4e6d|fb8e5e69967b6f97108e6f6da515af87|46e543bca22df887b86f5adb771dac01|2bf8b054b955d84c777825143d53d0dc|84f888862626a3e48a9e56bd04956b1d|3a0f848aaf3d8bb35dcdba93ecf69852|98b702d50a434d288a5549f3eac790b0|84022fd40a86c22c589f7e0396ce420c|68dbf50e33184b68962bae94560a8c4a|1b6998a279a2d44ccdf62e5b38a77a22|ade6c1cf78ca7ed53774e5328cf0a2ac|f7932e48bca6c119b3d0dfaf8a7a659f|93e5797f2375c134514b84fa99220b63|bdec34029de1cd1e134708364edd83b6|200c97d04e98db7735b080150bb4178b|01e920db07f38f5ae2afe645a33d7c00|bec4fb6e5a8103268ff4dcd8cf204126|200c97d04e98db7735b080150bb4178b|4219849e3270df81cc4f0f800e23e4d4,malignant (206),inferred_from_filename_not_verified_identifier,train,False,train/malignant/malignant (206).png
bag-1c38c767b3e1,grp-1c38c767b3e1,malignant,21,val/malignant/malignant (16)-rotated1-rotated1.png|val/malignant/malignant (16)-rotated1-rotated2.png|val/malignant/malignant (16)-rotated1-rotated32.png|val/malignant/malignant (16)-rotated1-sharpened.png|val/malignant/malignant (16)-rotated1.png|val/malignant/malignant (16)-rotated2-rotated1.png|val/malignant/malignant (16)-rotated2-rotated2.png|val/malignant/malignant (16)-rotated2-rotated32.png|val/malignant/malignant (16)-rotated2-sharpened.png|val/malignant/malignant (16)-rotated2.png|val/malignant/malignant (16)-rotated32-rotated1.png|val/malignant/malignant (16)-rotated32-rotated2.png|val/malignant/malignant (16)-rotated32-rotated32.png|val/malignant/malignant (16)-rotated32-sharpened.png|val/malignant/malignant (16)-rotated32.png|val/malignant/malignant (16)-sharpened-rotated1.png|val/malignant/malignant (16)-sharpened-rotated2.png|val/malignant/malignant (16)-sharpened-rotated32.png|val/malignant/malignant (16)-sharpened-sharpened.png|val/malignant/malignant (16)-sharpened.png|val/malignant/malignant (16).png,6c0004ccc654bbe2a0c2904536132cdc|6c0004ccc654bbe2a0c2904536132cdc|ec45eeffdfd32456ede2f91b9fdd73cf|cee91fdb9fa40eef641916a7bcdb6408|e1de3bbdaa90154ff9b0b3e13d10d196|bbd34b127d0568ac0c3dafecbfd8432a|a72a0b38661abb79ad49dbbfd97c9257|2d92310a3841bfb64f9ebea4a4c586ff|4c01f01c3f15f7ca6cd3433aae75a0e0|f4d14a92cce6fd0f3d4afc3991b41013|21aea9b7be00bf37360b4b3d5cbe4220|21aea9b7be00bf37360b4b3d5cbe4220|75469ecc0574b85e6d104f2070946624|329f52735b5eefa08cf93d271b1eed48|96d6d907117c6577205728b67ab01b27|8bccfcdb781a07da4e00013556219991|4ad75d32dab17d83eeb3e1ea3be04935|dcd6aaa1f4b4bdbafb5d241646718a3c|89f792d6c4cf951aa6654809e8d2f5e7|4028cbe1700ad1d462cc223da4044cd5|6faf42da00ebe9938f1094285fccd3cc,malignant (16),inferred_from_filename_not_verified_identifier,val,False,val/malignant/malignant (16).png
bag-1caede74ab90,grp-1caede74ab90,benign,16,train/benign/benign (76)-rotated1-rotated1.png|train/benign/benign (76)-rotated1-rotated2.png|train/benign/benign (76)-rotated1-sharpened.png|train/benign/benign (76)-rotated1.jpg|train/benign/benign (76)-rotated1.png|train/benign/benign (76)-rotated2-rotated1.png|train/benign/benign (76)-rotated2-rotated2.png|train/benign/benign (76)-rotated2-sharpened.png|train/benign/benign (76)-rotated2.jpg|train/benign/benign (76)-rotated2.png|train/benign/benign (76)-sharpened-rotated1.png|train/benign/benign (76)-sharpened-rotated2.png|train/benign/benign (76)-sharpened-sharpened.png|train/benign/benign (76)-sharpened.jpg|train/benign/benign (76)-sharpened.png|train/benign/benign (76).png,5401d8840e69469f92fa087af0e40f80|82f3e2f213e835bf8eb7e3ec7f018855|3929f5d43a78a6fbe5ad4b8616caa69b|bbbe2e46aa4c76fb5955ae2d02ea0412|cdc0a6ab5751fc6ebed5368574ad58c0|e642605c2f320639e8f8fe06ed68d98d|487e14134acce071f3890bf57e22d7bd|d0b4cd47b1bf1243b05f8743a7705f6a|1f41976463235a8780cfd886c9f4d571|1cfe58ea415ece1ece4358fd63bab3e2|f7ffc3313c64159d60f954ec25a7096c|c648ca663ee0c45ac235b1e0d2301496|a01c9866fc2f3019dda400f9f3c1a192|c9ca9ac4364e7b43b3b1dcb192e88b42|24d4a4124446cea24e8eb37aeff7809c|d08dfacfab44be1bdfc2e91e1a114111,benign (76),inferred_from_filename_not_verified_identifier,train,False,train/benign/benign (76).png
bag-1cdfae320a4a,grp-1cdfae320a4a,benign,16,train/benign/benign (229)-rotated1-rotated1.png|train/benign/benign (229)-rotated1-rotated2.png|train/benign/benign (229)-rotated1-sharpened.png|train/benign/benign (229)-rotated1.jpg|train/benign/benign (229)-rotated1.png|train/benign/benign (229)-rotated2-rotated1.png|train/benign/benign (229)-rotated2-rotated2.png|train/benign/benign (229)-rotated2-sharpened.png|train/benign/benign (229)-rotated2.jpg|train/benign/benign (229)-rotated2.png|train/benign/benign (229)-sharpened-rotated1.png|train/benign/benign (229)-sharpened-rotated2.png|train/benign/benign (229)-sharpened-sharpened.png|train/benign/benign (229)-sharpened.jpg|train/benign/benign (229)-sharpened.png|train/benign/benign (229).png,b0d67d5c2377e0c0061eae1f2594cb8a|803b053e11eefa305887a866dc199d71|03a514ac5c08df4df87977221d69d111|2008321fc7ece75c23d1b188d03b1a4c|397793d375ac0b6296ce012dd95b99e4|3f90c1c60e845fb25832a370d97d6c9f|e3143a00f0199886fd4630199b69ebca|565025473f77a4892700f37b4d51da04|cdbdeb780e222ddfe0dbffe8bb0b417d|b1a739f5db8b520902e4c4c56d7e37af|fd8c00d9e28f3d3763bc4573a9ca9c48|114126db37ff25746d0c53f6ad785a6c|fe7d4f7dcb3b77d7965928d8433ac999|e78a3c10002cfcb7a973fe7816814126|2489236f58366a56f9ed12ec55eac1db|9a241bf7718445d16c3a63b912ea9c04,benign (229),inferred_from_filename_not_verified_identifier,train,False,train/benign/benign (229).png
bag-1cfe03f732cc,grp-1cfe03f732cc,malignant,21,train/malignant/malignant (208)-rotated1-rotated1.png|train/malignant/malignant (208)-rotated1-rotated2.png|train/malignant/malignant (208)-rotated1-rotated32.png|train/malignant/malignant (208)-rotated1-sharpened.png|train/malignant/malignant (208)-rotated1.png|train/malignant/malignant (208)-rotated2-rotated1.png|train/malignant/malignant (208)-rotated2-rotated2.png|train/malignant/malignant (208)-rotated2-rotated32.png|train/malignant/malignant (208)-rotated2-sharpened.png|train/malignant/malignant (208)-rotated2.png|train/malignant/malignant (208)-rotated32-rotated1.png|train/malignant/malignant (208)-rotated32-rotated2.png|train/malignant/malignant (208)-rotated32-rotated32.png|train/malignant/malignant (208)-rotated32-sharpened.png|train/malignant/malignant (208)-rotated32.png|train/malignant/malignant (208)-sharpened-rotated1.png|train/malignant/malignant (208)-sharpened-rotated2.png|train/malignant/malignant (208)-sharpened-rotated32.png|train/malignant/malignant (208)-sharpened-sharpened.png|train/malignant/malignant (208)-sharpened.png|train/malignant/malignant (208).png,2ff166909104b22e7b656681bda43aac|a8a8ee02565c5673ebb46b16275fc1d4|0712616742d2af223794c88e5fc2faaf|fdc3282bfdc84599a599e89c06f31e7e|42d0d56cbae35fd971a11e8ec7a1b732|0b06c77eed9d7ecd552f841c2fe4d9b5|0b06c77eed9d7ecd552f841c2fe4d9b5|57e3d70182a62ab6155c23670c6ff83a|ed928ab4119152ca0399bee7f4f5bf56|c280513a840676943c28466223b91f4a|7a96e6f14ca37cc2cf837523ec96a549|7b2209648a7c241e2070fda0ca7bb249|8ee96176b1bc82492ff67b054fb83263|878cfc18741e395e6ff7fc6a04f75942|3ac0da91218a6dcb3c7f89a0b6dbab1a|8199636c9a012b0622f3e3cd3e81820f|ae355c369ff8dac8dc87950e3d25d93c|d7ae40a3caa320ae6ffee6b7460194ce|5be6016c8603353b3467f40023b283b6|29cf2ac60ce6ac153af46bdf9460a902|992b7183cf6a54da9e1210c162becb0e,malignant (208),inferred_from_filename_not_verified_identifier,train,False,train/malignant/malignant (208).png
bag-1d4fa6d98aca,grp-1d4fa6d98aca,benign,16,train/benign/benign (225)-rotated1-rotated1.png|train/benign/benign (225)-rotated1-rotated2.png|train/benign/benign (225)-rotated1-sharpened.png|train/benign/benign (225)-rotated1.jpg|train/benign/benign (225)-rotated1.png|train/benign/benign (225)-rotated2-rotated1.png|train/benign/benign (225)-rotated2-rotated2.png|train/benign/benign (225)-rotated2-sharpened.png|train/benign/benign (225)-rotated2.jpg|train/benign/benign (225)-rotated2.png|train/benign/benign (225)-sharpened-rotated1.png|train/benign/benign (225)-sharpened-rotated2.png|train/benign/benign (225)-sharpened-sharpened.png|train/benign/benign (225)-sharpened.jpg|train/benign/benign (225)-sharpened.png|train/benign/benign (225).png,cdc39002a7f90f26235e15914f7b0ab0|fd6cd3f4a7da339e27c9681f0e728b31|38dc471530f5aed51a8ba14b88b7e5f3|15a2c2fa20bf277bd2119671711b6a8f|e532eb35c982cda0144d05ad8c589316|390d3823ea01501c0d6cc4358b4e0e57|49e555e552be4238125de767b4366a2d|0e158138a8e907057b0a28e0bfc5cc08|4100582480246808032ea879b6870212|e8a4a6a50fec006d952828b5f9b2d665|e2fd9eb728a8cc06ccefd16db417a22d|85cd9647d294a1a314978b38b181712f|8d39c34d2f7104d0b1cc1140dc76d7f6|94999eccc94db1fb5dcc362be6d6240e|91a39c30e1fb1bfb9aadebfdc47fa833|fb7ca2619c0f9583f3920c1f108ecce9,benign (225),inferred_from_filename_not_verified_identifier,train,False,train/benign/benign (225).png
bag-1f3c59d07f8b,grp-1f3c59d07f8b,benign,16,train/benign/benign (240)-rotated1-rotated1.png|train/benign/benign (240)-rotated1-rotated2.png|train/benign/benign (240)-rotated1-sharpened.png|train/benign/benign (240)-rotated1.jpg|train/benign/benign (240)-rotated1.png|train/benign/benign (240)-rotated2-rotated1.png|train/benign/benign (240)-rotated2-rotated2.png|train/benign/benign (240)-rotated2-sharpened.png|train/benign/benign (240)-rotated2.jpg|train/benign/benign (240)-rotated2.png|train/benign/benign (240)-sharpened-rotated1.png|train/benign/benign (240)-sharpened-rotated2.png|train/benign/benign (240)-sharpened-sharpened.png|train/benign/benign (240)-sharpened.jpg|train/benign/benign (240)-sharpened.png|train/benign/benign (240).png,3a280ecb2cb9beff13666c50f06e009a|b0486fefe415e1c7d1d46041bff29756|039999d87d1a26d7c9b678bdb6a9990f|82801b26dc0275fae35749da7150b12e|e4a556ee9be2fa1b62b4b5917785f35f|86bcb2e24e1fb6d11c9ea5522f4ea01a|a670df913437a73e1723df01fdea3cb8|53b07ff5142713c2a8bfbcdd0f0473aa|d52f437c2a1300a2c8032c32e3beddcb|128ce0604bc82ac4669dc86ec03c82d9|835a5dccf619621542ed7435f1f24258|cd300d3661177a83440fb874e9481362|2fe664c122da845ee2aaaf97296a611a|0429617af7f890d733177f24a0676526|cd300d3661177a83440fb874e9481362|d9e33f89cb2ff26fcd2fe1998b532294,benign (240),inferred_from_filename_not_verified_identifier,train,False,train/benign/benign (240).png
bag-1fdfeacbbc90,grp-1fdfeacbbc90,malignant,21,train/malignant/malignant (165)-rotated1-rotated1.png|train/malignant/malignant (165)-rotated1-rotated2.png|train/malignant/malignant (165)-rotated1-rotated32.png|train/malignant/malignant (165)-rotated1-sharpened.png|train/malignant/malignant (165)-rotated1.png|train/malignant/malignant (165)-rotated2-rotated1.png|train/malignant/malignant (165)-rotated2-rotated2.png|train/malignant/malignant (165)-rotated2-rotated32.png|train/malignant/malignant (165)-rotated2-sharpened.png|train/malignant/malignant (165)-rotated2.png|train/malignant/malignant (165)-rotated32-rotated1.png|train/malignant/malignant (165)-rotated32-rotated2.png|train/malignant/malignant (165)-rotated32-rotated32.png|train/malignant/malignant (165)-rotated32-sharpened.png|train/malignant/malignant (165)-rotated32.png|train/malignant/malignant (165)-sharpened-rotated1.png|train/malignant/malignant (165)-sharpened-rotated2.png|train/malignant/malignant (165)-sharpened-rotated32.png|train/malignant/malignant (165)-sharpened-sharpened.png|train/malignant/malignant (165)-sharpened.png|train/malignant/malignant (165).png,ca033662879dea3f540977e48c045d09|4f6e45d440fae596d6267e31e765a931|629cd920d3cc8b442a4acf5d90a68e6f|30e6ffc3563fe498eff818daf5ba58f7|3cb370cfee2d7165d9f6e70df422c7ec|73d5cd6bc0ab9be48a049399689b668b|698643f258c3a1c8c23c89788e6ac90c|151c93b9c7b09b44e5e5b0ebbe422176|271909fc138dd98d79f357727cfd5da1|7e17b602ec9b9ee7521a4c01c42b29b3|d89a0ec07f3f3aae9d4dfb527c44200d|b1fab3a9784e9db7b86e309443886145|904901d51058500a4848b75a34cf2280|c459150e0946d0edf373d23ad55701aa|9aefbe2156e677711441268c7bf17ee8|4d0e96b28117746c386e20ef74bbf45d|8cd13d413e56bd6e8db3d3f94e78ddd6|eca7185c00b98c4766555fb3fce84603|c994f68c7071ed21be4e769f34ec6b84|52d9db135a7f5d5b12a3d034e06984b6|3df81b31ff5885c2e614330d0c22b215,malignant (165),inferred_from_filename_not_verified_identifier,train,False,train/malignant/malignant (165).png
bag-204b130f3b94,grp-204b130f3b94,malignant,21,train/malignant/malignant (127)-rotated1-rotated1.png|train/malignant/malignant (127)-rotated1-rotated2.png|train/malignant/malignant (127)-rotated1-rotated32.png|train/malignant/malignant (127)-rotated1-sharpened.png|train/malignant/malignant (127)-rotated1.png|train/malignant/malignant (127)-rotated2-rotated1.png|train/malignant/malignant (127)-rotated2-rotated2.png|train/malignant/malignant (127)-rotated2-rotated32.png|train/malignant/malignant (127)-rotated2-sharpened.png|train/malignant/malignant (127)-rotated2.png|train/malignant/malignant (127)-rotated32-rotated1.png|train/malignant/malignant (127)-rotated32-rotated2.png|train/malignant/malignant (127)-rotated32-rotated32.png|train/malignant/malignant (127)-rotated32-sharpened.png|train/malignant/malignant (127)-rotated32.png|train/malignant/malignant (127)-sharpened-rotated1.png|train/malignant/malignant (127)-sharpened-rotated2.png|train/malignant/malignant (127)-sharpened-rotated32.png|train/malignant/malignant (127)-sharpened-sharpened.png|train/malignant/malignant (127)-sharpened.png|train/malignant/malignant (127).png,5b27f821aba18c1a703d270982c3aac8|a66ce68599666fd006867989c01353bd|51ae5ae0843a8e2eb9068e051f308b04|00d41ea09f2dcb2ff28204e9eb016ac1|e8c2abd197d0f2c331cf051a809995e1|f327292251906ce217c8468d90ae908a|4212ecbb43325130e485cee173b90a02|e3adc7f30aa92dc23e23c2d32c699c42|649c9d37bbca333ad66f1ab8357b22e0|0474c792a2c909fee899310792186f5b|bed9ab3d0757b856057325580759fbe5|949b0ad981fe1f03df42eb92ce54b7cc|07f80a23ea8a4ccca0fdfa8a6c3a31cb|09ff5a15b0febced4175f9bfc6854a36|726f5be241d06b680a141940e074662e|a22a1df4dbf7f57f18552381478b4897|7743a354e0629f31bc98c9d8804fefe2|c59dcb2ea4afe0113badb4e56140315c|5d0d034db23184625a54b444528f59a1|7c09e15d2045000737dd3a7245e911a2|1b721912fa4bdce032134c4fe5f7c077,malignant (127),inferred_from_filename_not_verified_identifier,train,False,train/malignant/malignant (127).png
bag-214a77a15a8e,grp-214a77a15a8e,benign,16,train/benign/benign (72)-rotated1-rotated1.png|train/benign/benign (72)-rotated1-rotated2.png|train/benign/benign (72)-rotated1-sharpened.png|train/benign/benign (72)-rotated1.jpg|train/benign/benign (72)-rotated1.png|train/benign/benign (72)-rotated2-rotated1.png|train/benign/benign (72)-rotated2-rotated2.png|train/benign/benign (72)-rotated2-sharpened.png|train/benign/benign (72)-rotated2.jpg|train/benign/benign (72)-rotated2.png|train/benign/benign (72)-sharpened-rotated1.png|train/benign/benign (72)-sharpened-rotated2.png|train/benign/benign (72)-sharpened-sharpened.png|train/benign/benign (72)-sharpened.jpg|train/benign/benign (72)-sharpened.png|train/benign/benign (72).png,d1ff378f28dfd0f68337d7a0247ee549|c34c48e1aa9b1cdb1afcfef55316fc5c|80e54da5aed91a73ac14d6490156d62a|b02125020ed53666922355543cdf4da6|a310eced337712a975226e0372448934|79842f1c22a378e453e1cf4edfe6cd10|a9a935a3458869f1eeeb2af76b4f27e2|d9a54579a7fb2f960192b0fa2d9184ad|a20203b76a4116681f610a9149100364|882e1718f3bd22b51ca5cc2b4599ceaa|48a3bcacf1c9db284d66553f9055e60a|a90ebe5bd340f5e899333d43ebd59550|31a2be4994e51001910d2e667151e948|44ee127f43b09fecafd8109d00cd1b39|80e54da5aed91a73ac14d6490156d62a|c63b5f48b8c1980543756a17bf10a98c,benign (72),inferred_from_filename_not_verified_identifier,train,False,train/benign/benign (72).png
bag-21a92aae237b,grp-21a92aae237b,malignant,21,train/malignant/malignant (37)-rotated1-rotated1.png|train/malignant/malignant (37)-rotated1-rotated2.png|train/malignant/malignant (37)-rotated1-rotated32.png|train/malignant/malignant (37)-rotated1-sharpened.png|train/malignant/malignant (37)-rotated1.png|train/malignant/malignant (37)-rotated2-rotated1.png|train/malignant/malignant (37)-rotated2-rotated2.png|train/malignant/malignant (37)-rotated2-rotated32.png|train/malignant/malignant (37)-rotated2-sharpened.png|train/malignant/malignant (37)-rotated2.png|train/malignant/malignant (37)-rotated32-rotated1.png|train/malignant/malignant (37)-rotated32-rotated2.png|train/malignant/malignant (37)-rotated32-rotated32.png|train/malignant/malignant (37)-rotated32-sharpened.png|train/malignant/malignant (37)-rotated32.png|train/malignant/malignant (37)-sharpened-rotated1.png|train/malignant/malignant (37)-sharpened-rotated2.png|train/malignant/malignant (37)-sharpened-rotated32.png|train/malignant/malignant (37)-sharpened-sharpened.png|train/malignant/malignant (37)-sharpened.png|train/malignant/malignant (37).png,376f11e042f2523c4c8f01687f809d19|d157a9cd5d822daa977bfa6c0291252a|11a2dfe8068397b83c6242d41a240de3|d39c2a2a02803f1310b721cbfd853c90|cd00f3ffbc255c16f873951c21914452|b68f789cb20f7eece042d9d1e2bcd0fc|518c4fe8df02ade827027f5066e4abc4|dacf4dfa422fe0db92835646d2f7e71a|d39c2a2a02803f1310b721cbfd853c90|24fbb69c564c9def01e341bcb4958654|a694f3bccf4e3028757b99d3fa83af54|ca7e04d53bd25cf120ff92547b2c424a|a12fcb644ed781e73e5c93b5b0796b9f|dcfcf666a2a3585bd796246d1e9034ed|4d4be05834fb34622c8780dc9918dfc9|13029b4bb0622505b5e2ffa8cd8d2b1f|3585aaf0d9eb5d555dfeeaa540720c9c|02518a31357c80d5115d85c08d65294f|80f025b3c47cac34be5327b5c82dcb47|083c7aa3ae5ae53a4f6ff79f7bc09686|b319fe920369c13c6a21db480cd6b35e,malignant (37),inferred_from_filename_not_verified_identifier,train,False,train/malignant/malignant (37).png
bag-21c202bb03c7,grp-21c202bb03c7,benign,16,train/benign/benign (158)-rotated1-rotated1.png|train/benign/benign (158)-rotated1-rotated2.png|train/benign/benign (158)-rotated1-sharpened.png|train/benign/benign (158)-rotated1.jpg|train/benign/benign (158)-rotated1.png|train/benign/benign (158)-rotated2-rotated1.png|train/benign/benign (158)-rotated2-rotated2.png|train/benign/benign (158)-rotated2-sharpened.png|train/benign/benign (158)-rotated2.jpg|train/benign/benign (158)-rotated2.png|train/benign/benign (158)-sharpened-rotated1.png|train/benign/benign (158)-sharpened-rotated2.png|train/benign/benign (158)-sharpened-sharpened.png|train/benign/benign (158)-sharpened.jpg|train/benign/benign (158)-sharpened.png|train/benign/benign (158).png,2d4413e6104e1dab19d138960ca3847a|0cf503c4f11c46d99fdb0b275afb3e09|751a3e127057153817e8e12bea921c77|6844937b5bc80a18d5d19967c13ce14a|f71f9a4565d670bac6634dd0ab641402|9a416e54cecfa0125e86dd501c446189|eed7425184f5f8b1dd9529fcdce09883|0224ac7593f744033ad6f01f648a5c0e|d3d31b4761455bd9e8159d4633620c44|e83a10f92d7ae8f8d4e22525a6dda6dc|9c3d20090784fa2422eb39a2d49ab126|86e0abdf5394642ee39fa903537285c1|80395e542c9008cb087dfd0f132a4a44|d821542a6ef0bb99540e6216968e6a5e|9c3d20090784fa2422eb39a2d49ab126|bae045a80939fe036a6f311102e6c22a,benign (158),inferred_from_filename_not_verified_identifier,train,False,train/benign/benign (158).png
bag-2294d962c5cb,grp-2294d962c5cb,benign,16,train/benign/benign (266)-rotated1-rotated1.png|train/benign/benign (266)-rotated1-rotated2.png|train/benign/benign (266)-rotated1-sharpened.png|train/benign/benign (266)-rotated1.jpg|train/benign/benign (266)-rotated1.png|train/benign/benign (266)-rotated2-rotated1.png|train/benign/benign (266)-rotated2-rotated2.png|train/benign/benign (266)-rotated2-sharpened.png|train/benign/benign (266)-rotated2.jpg|train/benign/benign (266)-rotated2.png|train/benign/benign (266)-sharpened-rotated1.png|train/benign/benign (266)-sharpened-rotated2.png|train/benign/benign (266)-sharpened-sharpened.png|train/benign/benign (266)-sharpened.jpg|train/benign/benign (266)-sharpened.png|train/benign/benign (266).png,410f83b0b54bd564f42df755b4ba48d0|12da11ec486449a89715932bf04b47d6|562a8ab3c0105d536210f8e5e7b5e94c|864ff9654bbe5f3723e711b300f7ffd0|8f302de33295ae65ae24ffaf2e0aa20a|35d8b07ffd3dcde8b09fae66d1294c19|5565739df005cffe819702f6b983433f|2593c49e02bab3f71c4b312142e86df9|5fff732f90edd4199aa08f8a365ef3c8|5fafbe56ef7bbe181b099c92878745b7|1da87a991045b01d88001129a8db2326|3e8e3ef412b971ecc7cd9a99578dcba0|8360477d0a0719567f91d9e02d401db2|890a8545420dc22f062e8cabd6006836|629e5fc65c54f8c7287bf86a7d0c4682|2a70ddbbe017de433f78d5344519dda0,benign (266),inferred_from_filename_not_verified_identifier,train,False,train/benign/benign (266).png
bag-233e8379c103,grp-233e8379c103,malignant,21,train/malignant/malignant (134)-rotated1-rotated1.png|train/malignant/malignant (134)-rotated1-rotated2.png|train/malignant/malignant (134)-rotated1-rotated32.png|train/malignant/malignant (134)-rotated1-sharpened.png|train/malignant/malignant (134)-rotated1.png|train/malignant/malignant (134)-rotated2-rotated1.png|train/malignant/malignant (134)-rotated2-rotated2.png|train/malignant/malignant (134)-rotated2-rotated32.png|train/malignant/malignant (134)-rotated2-sharpened.png|train/malignant/malignant (134)-rotated2.png|train/malignant/malignant (134)-rotated32-rotated1.png|train/malignant/malignant (134)-rotated32-rotated2.png|train/malignant/malignant (134)-rotated32-rotated32.png|train/malignant/malignant (134)-rotated32-sharpened.png|train/malignant/malignant (134)-rotated32.png|train/malignant/malignant (134)-sharpened-rotated1.png|train/malignant/malignant (134)-sharpened-rotated2.png|train/malignant/malignant (134)-sharpened-rotated32.png|train/malignant/malignant (134)-sharpened-sharpened.png|train/malignant/malignant (134)-sharpened.png|train/malignant/malignant (134).png,148e6a1726650dea9170bec4c47b0c2c|c216fc410a0384c91a3d398b88954968|051a568d4e47a50c7e299c570b65d39b|f120781b98db98a880caa22bcf3ddabc|715e4376449497fdd39b03d75ed4306c|cb787b5af1f71ae4e2a2f72385687e4a|cc30f22a584a7357644fcbe58794bb56|cc30f22a584a7357644fcbe58794bb56|1b482334c31b16d6f9cac64a49514b65|511f9b604be1cb2c1923c0b18780f14c|f938a3c550fccee8729ec2ab05943d80|4f5ab5aacfffceb28a74dc9e875df8d4|42cb567eaf250c80e3c8a6f290167df2|bf353b4251d73903463a0060258ac06f|c18f61d21e5b40785657992bf832cf69|ea32b5c02d8dca189bb0fcdf6d55f2d0|7da38318f3809467daffbd6260a3e3cc|a60d1107921e3a80adc0b0f30fd9b2d9|0b87b23e932d63a4c5e53fe586c8b58f|07aae1ae06835ab4d300ff591b16a550|83dbadb2c325411c07dea565103bfa20,malignant (134),inferred_from_filename_not_verified_identifier,train,False,train/malignant/malignant (134).png
bag-23919d89a989,grp-23919d89a989,benign,16,train/benign/benign (83)-rotated1-rotated1.png|train/benign/benign (83)-rotated1-rotated2.png|train/benign/benign (83)-rotated1-sharpened.png|train/benign/benign (83)-rotated1.jpg|train/benign/benign (83)-rotated1.png|train/benign/benign (83)-rotated2-rotated1.png|train/benign/benign (83)-rotated2-rotated2.png|train/benign/benign (83)-rotated2-sharpened.png|train/benign/benign (83)-rotated2.jpg|train/benign/benign (83)-rotated2.png|train/benign/benign (83)-sharpened-rotated1.png|train/benign/benign (83)-sharpened-rotated2.png|train/benign/benign (83)-sharpened-sharpened.png|train/benign/benign (83)-sharpened.jpg|train/benign/benign (83)-sharpened.png|train/benign/benign (83).png,8ffaca4631951e07d9bdcaca29c5049d|fd1aabf773e23a2d24396622cabb1037|966e70826465501b667451508b9a6a50|69aa03b0fcc0f4f1ff93595cdfbd03bb|bdd5464b8e096cbb9fa041516c143b29|ad3314b3be38eaac124bfbf884b329ba|c7cb587fadeb51dac84dc0853ac23223|6f268681f892936c97871398a5ab7861|4e3467c0ff2f9da4f9bfbdc6709e3b13|bbc7cf13c0d9583f692f7d6106d730b0|23716b75ca5918279ce78658d35972be|20b3160bdd984515e612a8b1c5b6e4ad|a6630e82baff07f147ed8072227437a3|271493b8c3596a60ae774857ed8be073|7e1ace5fcb73cba56d0031492fcf0fb8|741171e64bed619ec028d43797f0410b,benign (83),inferred_from_filename_not_verified_identifier,train,False,train/benign/benign (83).png
bag-23a104d69e22,grp-23a104d69e22,malignant,21,train/malignant/malignant (166)-rotated1-rotated1.png|train/malignant/malignant (166)-rotated1-rotated2.png|train/malignant/malignant (166)-rotated1-rotated32.png|train/malignant/malignant (166)-rotated1-sharpened.png|train/malignant/malignant (166)-rotated1.png|train/malignant/malignant (166)-rotated2-rotated1.png|train/malignant/malignant (166)-rotated2-rotated2.png|train/malignant/malignant (166)-rotated2-rotated32.png|train/malignant/malignant (166)-rotated2-sharpened.png|train/malignant/malignant (166)-rotated2.png|train/malignant/malignant (166)-rotated32-rotated1.png|train/malignant/malignant (166)-rotated32-rotated2.png|train/malignant/malignant (166)-rotated32-rotated32.png|train/malignant/malignant (166)-rotated32-sharpened.png|train/malignant/malignant (166)-rotated32.png|train/malignant/malignant (166)-sharpened-rotated1.png|train/malignant/malignant (166)-sharpened-rotated2.png|train/malignant/malignant (166)-sharpened-rotated32.png|train/malignant/malignant (166)-sharpened-sharpened.png|train/malignant/malignant (166)-sharpened.png|train/malignant/malignant (166).png,7896fa0c47fc661c2e93b4854c83963d|8d0e4e02aad78aa00c797808a45aabbf|6538f25c4413691db7f08160c9ba8e4c|1a08abff3179b488ccdaacefdf144109|c7b91d3c99d8ef224b5343baf8e4f2e5|8f700392cb02e30e640f2f685fad0594|161d14658c16297fcf137780c701d452|8f700392cb02e30e640f2f685fad0594|b1c08c23e07b2a0c28750e7e3f9c60fb|3880cc1acdddfb35f1508994d3493216|1dd9aaf6895e564cfd55f011e78375eb|9478ce8373bcaaf3e80426459edfd843|80f992c6467516da734a44853e2055d6|7779037bac2c1833e040c19fd565e12f|321681670ec4dc7c53ca8e74912a15dc|9944c60cd5851cd32c6f89c66d85d9f8|7074f6889a04098c156baeff87d90345|e3e5390b59c42eaa9cd0c19e58674ce1|f3cb4effc747b8f9a13e751c1facfc1a|e3e5390b59c42eaa9cd0c19e58674ce1|ea1ca7d4c5a45a3b70788e8447b50b80,malignant (166),inferred_from_filename_not_verified_identifier,train,False,train/malignant/malignant (166).png
bag-23d24ddef985,grp-23d24ddef985,malignant,21,train/malignant/malignant (171)-rotated1-rotated1.png|train/malignant/malignant (171)-rotated1-rotated2.png|train/malignant/malignant (171)-rotated1-rotated32.png|train/malignant/malignant (171)-rotated1-sharpened.png|train/malignant/malignant (171)-rotated1.png|train/malignant/malignant (171)-rotated2-rotated1.png|train/malignant/malignant (171)-rotated2-rotated2.png|train/malignant/malignant (171)-rotated2-rotated32.png|train/malignant/malignant (171)-rotated2-sharpened.png|train/malignant/malignant (171)-rotated2.png|train/malignant/malignant (171)-rotated32-rotated1.png|train/malignant/malignant (171)-rotated32-rotated2.png|train/malignant/malignant (171)-rotated32-rotated32.png|train/malignant/malignant (171)-rotated32-sharpened.png|train/malignant/malignant (171)-rotated32.png|train/malignant/malignant (171)-sharpened-rotated1.png|train/malignant/malignant (171)-sharpened-rotated2.png|train/malignant/malignant (171)-sharpened-rotated32.png|train/malignant/malignant (171)-sharpened-sharpened.png|train/malignant/malignant (171)-sharpened.png|train/malignant/malignant (171).png,3bdb1b531fcbfde542a4c77fd211c702|ec0daac4c5b6cdf7e0d0157495e050db|0fffc60dfbe8005719891cfa88d693f9|63c30a14f04a901ee7d5683e7b46e96d|00eab2399645287aba894fe1205f419e|f5f5fbd2c3008684825e308f1276bd50|f3955d2b3be35f3acf1b4024c40eefee|d7826c22ec869a0056b979f3828f7ef4|08efbc748fa5a27b9a8a08c3ef477dc3|bc99466ff84ba5b1cb4a1148657c9c70|fe5780208e5161601b474f904285aa46|730710bad5d7c01dd9abd02de7befc33|847d707aa09fe246b83cccb84a176e6b|5f7ead33afe248508a0fa2b8f32e53cc|5c9e07e71cad882d660fb0f939277f82|3ebe0ae9d375cef821048231ad03b761|bc08635edee933e9cedaf0be9647969d|bfd8e384845ad4ade6b7ef74f81b38ef|aea2094abbc23f2c4f6e710302710fc1|0ececdac3157064b8cac670fb825af7e|6e0ca39aba792e9b50292d1510db11d6,malignant (171),inferred_from_filename_not_verified_identifier,train,False,train/malignant/malignant (171).png
bag-243726f28902,grp-243726f28902,benign,16,train/benign/benign (268)-rotated1-rotated1.png|train/benign/benign (268)-rotated1-rotated2.png|train/benign/benign (268)-rotated1-sharpened.png|train/benign/benign (268)-rotated1.jpg|train/benign/benign (268)-rotated1.png|train/benign/benign (268)-rotated2-rotated1.png|train/benign/benign (268)-rotated2-rotated2.png|train/benign/benign (268)-rotated2-sharpened.png|train/benign/benign (268)-rotated2.jpg|train/benign/benign (268)-rotated2.png|train/benign/benign (268)-sharpened-rotated1.png|train/benign/benign (268)-sharpened-rotated2.png|train/benign/benign (268)-sharpened-sharpened.png|train/benign/benign (268)-sharpened.jpg|train/benign/benign (268)-sharpened.png|train/benign/benign (268).png,fd30f5f5f66f38fb9333c21f515c80a9|bb0078fee05c7c9a808af30cc68e0609|f1bf9a77868896d8e3bcd1466b553698|f31c7440e434f93094def89e8aa5ccbf|c2205de3503054509c59f046d774cb1b|ecde304917bd57417404839defce0d21|7599eb2c15bf52f4bdb5d2fafc42f98c|dcf964a8ba3730eb6b6fb70d792268df|d5fe28b442e287cbb75bebe21b0c75be|3a3505dbead5b3ae3ffbb1e3bcafb12a|04115c1cca0ff146351b11b701629743|20535cd3e4feba954ef3029378a78fa6|3ac80ce7f007f58c55b180f83466e847|8ee7144d92732c345256b6fffd9e743d|85e6770deb3b67cfebddfbca3c7ab054|3b6b3a9409bcffa800d6d11d9a0feb7e,benign (268),inferred_from_filename_not_verified_identifier,train,False,train/benign/benign (268).png
bag-244973d6f450,grp-244973d6f450,benign,14,train/benign/benign (290)-rotated1-rotated1.png|train/benign/benign (290)-rotated1-rotated2.png|train/benign/benign (290)-rotated1-sharpened.png|train/benign/benign (290)-rotated1.jpg|train/benign/benign (290)-rotated1.png|train/benign/benign (290)-rotated2-rotated1.png|train/benign/benign (290)-rotated2-rotated2.png|train/benign/benign (290)-rotated2-sharpened.png|train/benign/benign (290)-rotated2.jpg|train/benign/benign (290)-rotated2.png|train/benign/benign (290)-sharpened-rotated1.png|train/benign/benign (290)-sharpened.jpg|train/benign/benign (290)-sharpened.png|train/benign/benign (290).png,bb39644603e824e9d16df0536b3eaea2|56416345165742c5220a9a694436c363|c960ccfece18ae9fff5e23a8e712980f|302972b2e5b3d19a26b1360cbb63bcb4|82f105535be50fc6f9e0c0ba6d3316af|37cf0ddf258f8827ab4c0a579ed76dfb|d51136b7837237eb195e4f924955338e|06f6e492b9ff442097346a0c6e11bdc2|070cb7759d6c842dcd91f0350a6067ae|a36b1b42f529631f45083bf91a4417d0|881231c9d8e3d4647d4ff6ef73b93b6a|cd02d3abfa4041b6ab023017c80a2da3|884d12914054d7b2757a752fe23a603a|79423e23ee0bd84ef4aa959dbf22252c,benign (290),inferred_from_filename_not_verified_identifier,train,False,train/benign/benign (290).png
bag-24745888d688,grp-24745888d688,malignant,21,train/malignant/malignant (167)-rotated1-rotated1.png|train/malignant/malignant (167)-rotated1-rotated2.png|train/malignant/malignant (167)-rotated1-rotated32.png|train/malignant/malignant (167)-rotated1-sharpened.png|train/malignant/malignant (167)-rotated1.png|train/malignant/malignant (167)-rotated2-rotated1.png|train/malignant/malignant (167)-rotated2-rotated2.png|train/malignant/malignant (167)-rotated2-rotated32.png|train/malignant/malignant (167)-rotated2-sharpened.png|train/malignant/malignant (167)-rotated2.png|train/malignant/malignant (167)-rotated32-rotated1.png|train/malignant/malignant (167)-rotated32-rotated2.png|train/malignant/malignant (167)-rotated32-rotated32.png|train/malignant/malignant (167)-rotated32-sharpened.png|train/malignant/malignant (167)-rotated32.png|train/malignant/malignant (167)-sharpened-rotated1.png|train/malignant/malignant (167)-sharpened-rotated2.png|train/malignant/malignant (167)-sharpened-rotated32.png|train/malignant/malignant (167)-sharpened-sharpened.png|train/malignant/malignant (167)-sharpened.png|train/malignant/malignant (167).png,9b522a4cdf5b129e2ac88bf36f17041c|e3d6712a4b9273ed92bd95d4af1c05a2|1b9102464f05b0cebfa5e04b196293f7|793642aed1cb9be79a03e92b65653197|af50dab7106692b0dd56fd67e580169d|6b2ff935acf8493d62ef1067a03d5d71|7e6b52f0831ca93a5643d6b07d20be14|a04dba5b9c8f7b2202e9fc6c7d345201|4ca0be8f25a6247582a7b3c60e479eff|14138118d6cbac069e3a2111525d96a8|36d621c26bc206c355682a75b4063786|d5dbd98ae99e43d6cb46ccb0014c81e3|672b01b0391aa193d08347bf0af1a665|4d8df7634a81f3f5927c93e3021ecce8|009f0d9fe98d9bf4773223ab6747f298|7c671565f1a7e877bbccf493ee3c3dad|ba5c6cffca43be954cbdd16f296dc8e3|7617aff6e37b4d2f329d03ecbf10f773|590c7a326d8c2b872d362299244c3c1f|22873246dc387445bb36503c01865b17|dc259d917438004b3ae288e6e48c985b,malignant (167),inferred_from_filename_not_verified_identifier,train,False,train/malignant/malignant (167).png
bag-24d514366149,grp-24d514366149,malignant,21,train/malignant/malignant (180)-rotated1-rotated1.png|train/malignant/malignant (180)-rotated1-rotated2.png|train/malignant/malignant (180)-rotated1-rotated32.png|train/malignant/malignant (180)-rotated1-sharpened.png|train/malignant/malignant (180)-rotated1.png|train/malignant/malignant (180)-rotated2-rotated1.png|train/malignant/malignant (180)-rotated2-rotated2.png|train/malignant/malignant (180)-rotated2-rotated32.png|train/malignant/malignant (180)-rotated2-sharpened.png|train/malignant/malignant (180)-rotated2.png|train/malignant/malignant (180)-rotated32-rotated1.png|train/malignant/malignant (180)-rotated32-rotated2.png|train/malignant/malignant (180)-rotated32-rotated32.png|train/malignant/malignant (180)-rotated32-sharpened.png|train/malignant/malignant (180)-rotated32.png|train/malignant/malignant (180)-sharpened-rotated1.png|train/malignant/malignant (180)-sharpened-rotated2.png|train/malignant/malignant (180)-sharpened-rotated32.png|train/malignant/malignant (180)-sharpened-sharpened.png|train/malignant/malignant (180)-sharpened.png|train/malignant/malignant (180).png,cddc981cb31af628dd979eb3e06f8d39|d7a5a22538286e4e0f0e50eda60843c0|096a156bcb3c3c9e533f1650cf27d438|9f18f34182547d6e8db66af161cd0a59|95cc9cee271e28330207397e3bbb8fd2|0f9d1a47ebb8e6c886a43c5be9c1bbdd|46ce4289fd3adff8667eeda3606b4b57|23965d02936172f9aac4b89a6014e0a9|1e9fd4e42edc197490a88fe48642a174|f18781c31fff0393e853fd2d9c863d03|8e865cd8f491183a084d33804605d63a|bcae78a6da6e37029a7462c31ec9152a|32167e9c57bb589a3a98f0aeb2fd339c|acb60edf002368cc4eb8e4ba5f665fb3|4e0a363ffd6bc0887e09a48c821dd290|a46f64e2a758fab2d3da723a5e5b4543|e975b2c6e91309a813a5f30f45d5c031|07adc075c830d45419a0a622325636e5|7dc4ccaa5cec23bbea6c7fc8c7391a50|3f72365a4f9f42a752f3e0950df583f4|5c4cf93f1e6446015db67dd056303a05,malignant (180),inferred_from_filename_not_verified_identifier,train,False,train/malignant/malignant (180).png
bag-250156c7697a,grp-250156c7697a,benign,16,val/benign/benign (8)-rotated1-rotated1.png|val/benign/benign (8)-rotated1-rotated2.png|val/benign/benign (8)-rotated1-sharpened.png|val/benign/benign (8)-rotated1.jpg|val/benign/benign (8)-rotated1.png|val/benign/benign (8)-rotated2-rotated1.png|val/benign/benign (8)-rotated2-rotated2.png|val/benign/benign (8)-rotated2-sharpened.png|val/benign/benign (8)-rotated2.jpg|val/benign/benign (8)-rotated2.png|val/benign/benign (8)-sharpened-rotated1.png|val/benign/benign (8)-sharpened-rotated2.png|val/benign/benign (8)-sharpened-sharpened.png|val/benign/benign (8)-sharpened.jpg|val/benign/benign (8)-sharpened.png|val/benign/benign (8).png,920d76f6e21c105b0d8467d209204fc7|1160b7d2f6bf8dfbf4638c8c8739981a|7255d4075121c80b46aa262945b408d8|fd22c34697a436491f95038e37583fc4|9df3dc2153a3c4c8162e9bc25d600931|9ec621eb1c22c8522a9fe7a576492a74|cbc4e9606225d4236c8a0bb95ae918b3|19670141a899c2fa078e5a98f0f15ab4|bf9e12d66e01b699768adfd619689f19|37a7c969adb745dfdcbf0205fbe507b1|4dd88be458728ad2a55ef4bc9d527706|b986c0d594c0939e01b5c8297a349d93|70c35c2c6efb0801d9ed9d400c305405|2a7f89c78d253f88aee0801f8e0a155f|8a431ec01f8f77ff0a980339dc87df31|b9746f3590cf25572a46b216862e48f1,benign (8),inferred_from_filename_not_verified_identifier,val,False,val/benign/benign (8).png
bag-2513cd696d02,grp-2513cd696d02,benign,16,train/benign/benign (68)-rotated1-rotated1.png|train/benign/benign (68)-rotated1-rotated2.png|train/benign/benign (68)-rotated1-sharpened.png|train/benign/benign (68)-rotated1.jpg|train/benign/benign (68)-rotated1.png|train/benign/benign (68)-rotated2-rotated1.png|train/benign/benign (68)-rotated2-rotated2.png|train/benign/benign (68)-rotated2-sharpened.png|train/benign/benign (68)-rotated2.jpg|train/benign/benign (68)-rotated2.png|train/benign/benign (68)-sharpened-rotated1.png|train/benign/benign (68)-sharpened-rotated2.png|train/benign/benign (68)-sharpened-sharpened.png|train/benign/benign (68)-sharpened.jpg|train/benign/benign (68)-sharpened.png|train/benign/benign (68).png,90a86b982e4d0f890c062fc7a42be8c1|6881196a8966c067054cde012e08e283|e73adf4ef1077fce8913b09866ff20f9|1f1af6009dac32331da107a25c3a8262|a318d1bd2eeee0eafd02997a11f3e892|e6058aeb0c21839a3c21a4663d059efa|0b815588f5e5da28e15507cd63bc4128|1632254f9f993a75665c7be980dc5ef6|56c74c0b5bbf27c83b7411acaf4d8e5d|fbff1f3a31ea971f3fddb209f323810b|7af0712f847f3541049fbde7d13dbcb8|baa18c35b394eeb2e466962206aee974|5be1dd1c4c59f3d54549253ca8da1d78|2da34a0fbafe5ae4870f036e17a20eba|3047c2c09a6d86cefdd708cac115808c|c92d87fb4cddc627c16a00d6c1f774ca,benign (68),inferred_from_filename_not_verified_identifier,train,False,train/benign/benign (68).png
bag-252e6976bad5,grp-252e6976bad5,benign,16,train/benign/benign (122)-rotated1-rotated1.png|train/benign/benign (122)-rotated1-rotated2.png|train/benign/benign (122)-rotated1-sharpened.png|train/benign/benign (122)-rotated1.jpg|train/benign/benign (122)-rotated1.png|train/benign/benign (122)-rotated2-rotated1.png|train/benign/benign (122)-rotated2-rotated2.png|train/benign/benign (122)-rotated2-sharpened.png|train/benign/benign (122)-rotated2.jpg|train/benign/benign (122)-rotated2.png|train/benign/benign (122)-sharpened-rotated1.png|train/benign/benign (122)-sharpened-rotated2.png|train/benign/benign (122)-sharpened-sharpened.png|train/benign/benign (122)-sharpened.jpg|train/benign/benign (122)-sharpened.png|train/benign/benign (122).png,cc1e7e94539baac6029d634f936015c9|138b9ff28ec4301efb286114be98e726|59b2dbed6974c56769104ab3b0406158|264c2831a7ca0e09217fe84f73e2f6d4|f06b104d98969c5792ce3fcaff242913|3386eee4fd2540ab936b5c87609688d0|89b6d1cbe9a3fb55101968948904a7d1|50e5297350a8cd2a5a311e9aca557e10|6239706636d93ff8501a3028968d07d5|147fa4c597b8d2a25baba6a29e77c326|7b2c5640c20630d2ccad4db170d74cb6|ec49f5edcc64045a02cf578dda6c95cb|116dd30ff47b06f4867b7c111235ab28|c6f91d8dcf97b5ef27ae718892ae0bca|40f51207c6684bd18a37ace4d8ad1ff0|21e8150c9036bbdb425c055a1728697c,benign (122),inferred_from_filename_not_verified_identifier,train,False,train/benign/benign (122).png
bag-260ace94b5c0,grp-260ace94b5c0,malignant,21,train/malignant/malignant (94)-rotated1-rotated1.png|train/malignant/malignant (94)-rotated1-rotated2.png|train/malignant/malignant (94)-rotated1-rotated32.png|train/malignant/malignant (94)-rotated1-sharpened.png|train/malignant/malignant (94)-rotated1.png|train/malignant/malignant (94)-rotated2-rotated1.png|train/malignant/malignant (94)-rotated2-rotated2.png|train/malignant/malignant (94)-rotated2-rotated32.png|train/malignant/malignant (94)-rotated2-sharpened.png|train/malignant/malignant (94)-rotated2.png|train/malignant/malignant (94)-rotated32-rotated1.png|train/malignant/malignant (94)-rotated32-rotated2.png|train/malignant/malignant (94)-rotated32-rotated32.png|train/malignant/malignant (94)-rotated32-sharpened.png|train/malignant/malignant (94)-rotated32.png|train/malignant/malignant (94)-sharpened-rotated1.png|train/malignant/malignant (94)-sharpened-rotated2.png|train/malignant/malignant (94)-sharpened-rotated32.png|train/malignant/malignant (94)-sharpened-sharpened.png|train/malignant/malignant (94)-sharpened.png|train/malignant/malignant (94).png,4fbf9022e2216e1915dd12b82d9b21db|8a20150bc3ee5f9111e3902e902bad29|952dc2d2c0270004d9f8a6923baa12fe|763aabb8f2d861615ef173e5a8613c59|dc6e388327e80a1603782afd1cc35721|ddebbb7676a4aeaba67f968db6561957|321433ec013fbf21f007981b3473f4c1|ae6249c3034b769bfee48a454efea95e|7ea730b8df4f42fcb1b730458c3d31d8|bd7f235114c9de97fe07a9d1dc250052|afbb2bdf68b9e82cf18471f9e6b5879f|6700528a6285ce8e8127e3b1ca1ccf8d|0197938174129fc206306ca012e9ebdc|1737d79be4bcf9f8ef5b40a5f4a07eb7|d198baae3558dc58adf85a2458f30131|526d3fb5e55c669dee514190d11f8ffb|59ea12d4484bb0b8bce40530184d7bfd|6e5fd5846ed97d51ca5a4b0e73fa3696|89f512021a3eabdb2b6af0cbbfc9617f|f9ec2262b1ce7adab27d46d3604cd002|56ed759d0ec217d0e72311b8d320bf7c,malignant (94),inferred_from_filename_not_verified_identifier,train,False,train/malignant/malignant (94).png
bag-26934a5b5496,grp-26934a5b5496,benign,16,val/benign/benign (15)-rotated1-rotated1.png|val/benign/benign (15)-rotated1-rotated2.png|val/benign/benign (15)-rotated1-sharpened.png|val/benign/benign (15)-rotated1.jpg|val/benign/benign (15)-rotated1.png|val/benign/benign (15)-rotated2-rotated1.png|val/benign/benign (15)-rotated2-rotated2.png|val/benign/benign (15)-rotated2-sharpened.png|val/benign/benign (15)-rotated2.jpg|val/benign/benign (15)-rotated2.png|val/benign/benign (15)-sharpened-rotated1.png|val/benign/benign (15)-sharpened-rotated2.png|val/benign/benign (15)-sharpened-sharpened.png|val/benign/benign (15)-sharpened.jpg|val/benign/benign (15)-sharpened.png|val/benign/benign (15).png,c03f182c3480933708394223a5fa8ab2|54ed9c1f1f9f0fc4c92f880c73cad896|3aa41c5fbd83b404af7bee7a9cbe2c79|50c23422117f6b8739437c6ae407bc78|2ac23be10f5b0652e6170a520f662eb9|cfe132261ee57f73417bc773ec2649fb|2ac23be10f5b0652e6170a520f662eb9|0e25078cb4c66133ec3a940870834a74|7cdeaf7d6f95f19bae42ed55ae8f4cae|175e6d765d3a6021c0ef3362fc2a256a|0123061327e3fa49c3005a5f56db1766|1d3c50ad232607a2bb2398933283a228|907e789a2d87fa518dc47292e64d33b8|1cd9333bf0f15b9bc59148715aa17be2|44132093110d82f9739bdb7290d401c5|c38c50706e9ec0060254edba44997201,benign (15),inferred_from_filename_not_verified_identifier,val,False,val/benign/benign (15).png
bag-27030202425a,grp-27030202425a,benign,16,train/benign/benign (228)-rotated1-rotated1.png|train/benign/benign (228)-rotated1-rotated2.png|train/benign/benign (228)-rotated1-sharpened.png|train/benign/benign (228)-rotated1.jpg|train/benign/benign (228)-rotated1.png|train/benign/benign (228)-rotated2-rotated1.png|train/benign/benign (228)-rotated2-rotated2.png|train/benign/benign (228)-rotated2-sharpened.png|train/benign/benign (228)-rotated2.jpg|train/benign/benign (228)-rotated2.png|train/benign/benign (228)-sharpened-rotated1.png|train/benign/benign (228)-sharpened-rotated2.png|train/benign/benign (228)-sharpened-sharpened.png|train/benign/benign (228)-sharpened.jpg|train/benign/benign (228)-sharpened.png|train/benign/benign (228).png,c3e16234c3e39d14ab539c43273a4ecc|d3e0e06c39929495176023aaf72ae01d|ea02749282b8143a2f2b6bf6624823b0|0e93c2f8765708ba11b09204a48b61b5|5e0e90a71dc131468f9bcc9083f2131f|08ab3f0ba62587276dfedea4092bf419|6b1393b20cf2c2e81dccd12ae1348ce5|c1459f9d7f89e2fdf5e69d8f43cbae07|6419d591fa71229ab7115d734a3ce293|eec20060f95aafdff6788070af1c5201|736dd009b3a784817e10a7cedcdcf1c2|08cc2b31c244d5646b878557fffe637d|14d45608e15657816c183f5531fbc2c2|a0425a97461d0ca28af57b2347505ecf|c1459f9d7f89e2fdf5e69d8f43cbae07|f34e67102265646ef10b14de69136128,benign (228),inferred_from_filename_not_verified_identifier,train,False,train/benign/benign (228).png
bag-275479dc88ae,grp-275479dc88ae,benign,16,train/benign/benign (113)-rotated1-rotated1.png|train/benign/benign (113)-rotated1-rotated2.png|train/benign/benign (113)-rotated1-sharpened.png|train/benign/benign (113)-rotated1.jpg|train/benign/benign (113)-rotated1.png|train/benign/benign (113)-rotated2-rotated1.png|train/benign/benign (113)-rotated2-rotated2.png|train/benign/benign (113)-rotated2-sharpened.png|train/benign/benign (113)-rotated2.jpg|train/benign/benign (113)-rotated2.png|train/benign/benign (113)-sharpened-rotated1.png|train/benign/benign (113)-sharpened-rotated2.png|train/benign/benign (113)-sharpened-sharpened.png|train/benign/benign (113)-sharpened.jpg|train/benign/benign (113)-sharpened.png|train/benign/benign (113).png,9cbcb3af32f3a7354ac333a721e135d2|aad6225672ce804bc6d2acc60452fc93|79eda01c5bec2f24bce882087500ddd3|29df66f37181684d8c6dffb4bf5846b3|241ed0800a9caef5d2675ae808f177d7|7f09c9c9090d904512e8de2cdfdcdb4d|2217348d631df3bc73bbd09a2061bbed|38477e171972d492d33c0ee37ac60d65|9cd6bf53e7fc64d5acb7021ff9c276f6|d37983b9f2ffc9e12528858e7dff3b2c|c29e1c042ef6267c06ab2c0413a4564a|38c29c96bc461d8d629ad8a8b3672f9f|084f284c063c5c3e0622435d3db382bc|799786787931f8f3d9d26756ed6f26d8|d97fea24c654a9e2376a18c1cb5256e4|f609530c6ae1f38e5fe85c91b775fc83,benign (113),inferred_from_filename_not_verified_identifier,train,False,train/benign/benign (113).png
bag-27e655a2e87b,grp-27e655a2e87b,malignant,21,train/malignant/malignant (163)-rotated1-rotated1.png|train/malignant/malignant (163)-rotated1-rotated2.png|train/malignant/malignant (163)-rotated1-rotated32.png|train/malignant/malignant (163)-rotated1-sharpened.png|train/malignant/malignant (163)-rotated1.png|train/malignant/malignant (163)-rotated2-rotated1.png|train/malignant/malignant (163)-rotated2-rotated2.png|train/malignant/malignant (163)-rotated2-rotated32.png|train/malignant/malignant (163)-rotated2-sharpened.png|train/malignant/malignant (163)-rotated2.png|train/malignant/malignant (163)-rotated32-rotated1.png|train/malignant/malignant (163)-rotated32-rotated2.png|train/malignant/malignant (163)-rotated32-rotated32.png|train/malignant/malignant (163)-rotated32-sharpened.png|train/malignant/malignant (163)-rotated32.png|train/malignant/malignant (163)-sharpened-rotated1.png|train/malignant/malignant (163)-sharpened-rotated2.png|train/malignant/malignant (163)-sharpened-rotated32.png|train/malignant/malignant (163)-sharpened-sharpened.png|train/malignant/malignant (163)-sharpened.png|train/malignant/malignant (163).png,b46d3406effa9411dccb7b983920ef0e|0acb9976e4e642ef908b5d215dc344cc|d7c98b11140ae53ef732f1c9946fba9b|c0a75184bbe9377bcf3432ab4a9e1862|80adc81aa474008178d7704d1c291534|c38d1e86eb79da343c8c10e7ead2b1ab|994ed858759294f3e36fc22f2e468381|d094c6f455e3006ce72b0ec6d931e3ac|d4e3779e90176db75f135d5875ecb858|c81e77fd7228e0b396c8c2bd44034389|fd27b8772867cbd18eadba6c744f515f|35af754eecfc308ced6e4468aea9734e|2452a011dc2b50dde846d7acffc341c3|d7e5c2824721419e1fd8067f323bf12d|96993131a9ce672aeb2f9499fd908f22|87fed3b4f2ac364e92550bc3cebcb869|7a25fe6c814f9b992d6c4fadd6ff8887|f37ea4daca4332d20f95d8efb4f31e9c|ed7be7209cba8c14bb840aa3c53cf44c|c96d69d09c8e4314c1f866e9fa284389|b19ba2b42caf1cdb851f973cd901c927,malignant (163),inferred_from_filename_not_verified_identifier,train,False,train/malignant/malignant (163).png
bag-28960827c2d6,grp-28960827c2d6,malignant,21,train/malignant/malignant (86)-rotated1-rotated1.png|train/malignant/malignant (86)-rotated1-rotated2.png|train/malignant/malignant (86)-rotated1-rotated32.png|train/malignant/malignant (86)-rotated1-sharpened.png|train/malignant/malignant (86)-rotated1.png|train/malignant/malignant (86)-rotated2-rotated1.png|train/malignant/malignant (86)-rotated2-rotated2.png|train/malignant/malignant (86)-rotated2-rotated32.png|train/malignant/malignant (86)-rotated2-sharpened.png|train/malignant/malignant (86)-rotated2.png|train/malignant/malignant (86)-rotated32-rotated1.png|train/malignant/malignant (86)-rotated32-rotated2.png|train/malignant/malignant (86)-rotated32-rotated32.png|train/malignant/malignant (86)-rotated32-sharpened.png|train/malignant/malignant (86)-rotated32.png|train/malignant/malignant (86)-sharpened-rotated1.png|train/malignant/malignant (86)-sharpened-rotated2.png|train/malignant/malignant (86)-sharpened-rotated32.png|train/malignant/malignant (86)-sharpened-sharpened.png|train/malignant/malignant (86)-sharpened.png|train/malignant/malignant (86).png,4c8b7596f3dec1f37d7550015de83840|158104d081d6c673a71470ca314bbfac|09f25e710ebafaed7bfc798a7e5c982d|7849241bf651592fffb10fbd46eb9c5f|c43cbc942b6402d493dfc2659249fbaf|73655f048a253804df21d93e01e0ce9e|dd2f08fa0208fd0e19070c14c69ff2fa|28d1e8e43c206f4b49da4fbd565a4449|b6f739e834b8b726c3fff5279036bf6c|f59a7a37088bd5354f7882078670a1d4|d30be4ac2d978ce0e92be34788c34737|2dcde11c75b8a8ed10296d8605951e19|5ba2c5006fae6b3e7adab79b2c6e7261|9d3ee1085b8dd02cb7a6d60cfabc0307|869f8de339f67c5f2a06d2e978b630bc|262b43cda5f398242f081857936b509b|e72efe767222401f648ce1ad7a5e9f96|5d84d69c9b18fdad162d948b2b46630e|e25024c23e79a2b838084efe29cfa670|7849241bf651592fffb10fbd46eb9c5f|69ad3f049a1910f907da35727b78f764,malignant (86),inferred_from_filename_not_verified_identifier,train,False,train/malignant/malignant (86).png
bag-28b67ff0e756,grp-28b67ff0e756,benign,16,train/benign/benign (103)-rotated1-rotated1.png|train/benign/benign (103)-rotated1-rotated2.png|train/benign/benign (103)-rotated1-sharpened.png|train/benign/benign (103)-rotated1.jpg|train/benign/benign (103)-rotated1.png|train/benign/benign (103)-rotated2-rotated1.png|train/benign/benign (103)-rotated2-rotated2.png|train/benign/benign (103)-rotated2-sharpened.png|train/benign/benign (103)-rotated2.jpg|train/benign/benign (103)-rotated2.png|train/benign/benign (103)-sharpened-rotated1.png|train/benign/benign (103)-sharpened-rotated2.png|train/benign/benign (103)-sharpened-sharpened.png|train/benign/benign (103)-sharpened.jpg|train/benign/benign (103)-sharpened.png|train/benign/benign (103).png,28944dae48b0b70ba319c5f2c854720e|635796d6a9754ebc921ab2299ad7aa97|a6a07ec8664f6927c42b5ffe0be42ac1|1137aaa839976970547681fcb8dfde8b|d18ca2a697d0f1496038d208d48901ad|f0d4406e646de57270d0674224c0fded|26bb36d2ed95a39d6d86136e5a33421b|a6a07ec8664f6927c42b5ffe0be42ac1|926051a81355178e5c1da0b64c214378|f3ffc035541bdbd63ca76ac3da74a3f2|a6a07ec8664f6927c42b5ffe0be42ac1|af2e637bd171b2856bd61fa379da5988|8ad24540b8c5cf36dcf55396b611468c|84b7a94c709560bc789adcc1731799f9|a6a07ec8664f6927c42b5ffe0be42ac1|096d01556ff5850cde3ac0f964a9afd1,benign (103),inferred_from_filename_not_verified_identifier,train,False,train/benign/benign (103).png
bag-28eb0c5feb29,grp-28eb0c5feb29,benign,16,train/benign/benign (129)-rotated1-rotated1.png|train/benign/benign (129)-rotated1-rotated2.png|train/benign/benign (129)-rotated1-sharpened.png|train/benign/benign (129)-rotated1.jpg|train/benign/benign (129)-rotated1.png|train/benign/benign (129)-rotated2-rotated1.png|train/benign/benign (129)-rotated2-rotated2.png|train/benign/benign (129)-rotated2-sharpened.png|train/benign/benign (129)-rotated2.jpg|train/benign/benign (129)-rotated2.png|train/benign/benign (129)-sharpened-rotated1.png|train/benign/benign (129)-sharpened-rotated2.png|train/benign/benign (129)-sharpened-sharpened.png|train/benign/benign (129)-sharpened.jpg|train/benign/benign (129)-sharpened.png|train/benign/benign (129).png,3c1da580753f5261f84039e6289cf8f0|3b684de3ef72ea6ece6abe755866731b|815ee5fdc2123d25efa1212d90fd25c8|2b4995c1c1310267133fa6bc5b7a4dd5|969891a7f6b98c7200ba7d6deade37e6|91a42f1351f8d304d7f6adc9498d4d6a|8f89566cf1b952d95bbe977b85895cd6|7f44d1d009738a1d4432dbb6ceebecee|2b4995c1c1310267133fa6bc5b7a4dd5|3e3a68ae592868a6b9c15c5ac1b88111|1852a12cb262a55f3bc480e75363d273|c6dc59c6e820159382fcb96a93203981|6261059c2c5d255c218d9ebcfa09dd2a|ef5138ba5ef70fcaf8f8d3ee026e2b14|afa3ea0c22c8c9bbc0de2b6f23781092|7f5567dd88c1cda0c539f90893a79295,benign (129),inferred_from_filename_not_verified_identifier,train,False,train/benign/benign (129).png
bag-29b8f2aa6fbf,grp-29b8f2aa6fbf,benign,16,train/benign/benign (237)-rotated1-rotated1.png|train/benign/benign (237)-rotated1-rotated2.png|train/benign/benign (237)-rotated1-sharpened.png|train/benign/benign (237)-rotated1.jpg|train/benign/benign (237)-rotated1.png|train/benign/benign (237)-rotated2-rotated1.png|train/benign/benign (237)-rotated2-rotated2.png|train/benign/benign (237)-rotated2-sharpened.png|train/benign/benign (237)-rotated2.jpg|train/benign/benign (237)-rotated2.png|train/benign/benign (237)-sharpened-rotated1.png|train/benign/benign (237)-sharpened-rotated2.png|train/benign/benign (237)-sharpened-sharpened.png|train/benign/benign (237)-sharpened.jpg|train/benign/benign (237)-sharpened.png|train/benign/benign (237).png,da393e07287879b6a128a3d70fec3f4f|d50c694a41ebe27b410d34bde70b2544|12f9f25513ca9117d38b3fcb45873895|1aa75fef39bcc7b2c7a2fdc488eb092a|db9e149e8100068f46e7cd94ba6f0f2b|f046145dd47ac1cfb0e92db6e4efe435|e7c6c56a6fba61ef52a79dbae2bec67f|12f9f25513ca9117d38b3fcb45873895|5110cd01536a0b3cd16b088ebc8fa3eb|490a3f96b581ec1f5e6a6805a9276b57|0ab5c451533796186a595706a06356ea|0dd1264dda6f178ba0ae3d563e4fb5b3|27077bd5c4ea6d26120f69f18b4fea97|f674f125d7de909a43bc5e9fe4112cb6|10a19ca2059dd7b83dc448c394524f62|48b5b1e01fd092469b128c4792baea28,benign (237),inferred_from_filename_not_verified_identifier,train,False,train/benign/benign (237).png
bag-2a66be3d86e7,grp-2a66be3d86e7,benign,16,train/benign/benign (277)-rotated1-rotated1.png|train/benign/benign (277)-rotated1-rotated2.png|train/benign/benign (277)-rotated1-sharpened.png|train/benign/benign (277)-rotated1.jpg|train/benign/benign (277)-rotated1.png|train/benign/benign (277)-rotated2-rotated1.png|train/benign/benign (277)-rotated2-rotated2.png|train/benign/benign (277)-rotated2-sharpened.png|train/benign/benign (277)-rotated2.jpg|train/benign/benign (277)-rotated2.png|train/benign/benign (277)-sharpened-rotated1.png|train/benign/benign (277)-sharpened-rotated2.png|train/benign/benign (277)-sharpened-sharpened.png|train/benign/benign (277)-sharpened.jpg|train/benign/benign (277)-sharpened.png|train/benign/benign (277).png,196250b5a8be0527fad146a8c0298530|1d4290371ae00bb8d63ef9809ea1288c|82b91a8873115db5ee536e722cdea279|d8e19d513914ba9e6689c7c0d512e378|accc48a278c841eb5c7ad0f6310f0b9b|b1dff2a67ca52c8823bfecd20bc22de7|48b99e530f00089aa52c64a47ede8592|89936e22520a2c3b60812472f2920960|5e7fba4b7854a54ca25e6475e66c75e6|4e6a4e0da06d96b7ace7099445458ec0|6392356c24773fb60fa6aea3ad2cf082|e69eb44ad9b3dd4f70bf9d9bb4051101|fc8ab51c8dfe398dbb243bd01c324e32|c01d7d7cdccd07612d103d0e8b6a0eaa|04b97766badb77e6b6e0c087d43f36dc|5b998c575c9b6b53084ed8ce33c9b6e0,benign (277),inferred_from_filename_not_verified_identifier,train,False,train/benign/benign (277).png
bag-2aacb788a716,grp-2aacb788a716,malignant,21,val/malignant/malignant (12)-rotated1-rotated1.png|val/malignant/malignant (12)-rotated1-rotated2.png|val/malignant/malignant (12)-rotated1-rotated32.png|val/malignant/malignant (12)-rotated1-sharpened.png|val/malignant/malignant (12)-rotated1.png|val/malignant/malignant (12)-rotated2-rotated1.png|val/malignant/malignant (12)-rotated2-rotated2.png|val/malignant/malignant (12)-rotated2-rotated32.png|val/malignant/malignant (12)-rotated2-sharpened.png|val/malignant/malignant (12)-rotated2.png|val/malignant/malignant (12)-rotated32-rotated1.png|val/malignant/malignant (12)-rotated32-rotated2.png|val/malignant/malignant (12)-rotated32-rotated32.png|val/malignant/malignant (12)-rotated32-sharpened.png|val/malignant/malignant (12)-rotated32.png|val/malignant/malignant (12)-sharpened-rotated1.png|val/malignant/malignant (12)-sharpened-rotated2.png|val/malignant/malignant (12)-sharpened-rotated32.png|val/malignant/malignant (12)-sharpened-sharpened.png|val/malignant/malignant (12)-sharpened.png|val/malignant/malignant (12).png,7cb568abff76f976ebf9c0296c96db04|3b451efcefc92263a3253c0d6eef66f2|3796290621930349787c8653a45ff520|745318044938f5eec91fab28fc80b032|9ddb0693a6c4a61e8e5fc7e05e17e9d8|478687bb71762d6cde07f197279c73bc|0446d7314c586e3386944ab99452dd76|f265e0f508d27f58ea0cd78a8a906d5a|b48ac8aa2dad16d14fce442a4b009cd3|4b73f5cd7d2097b0d2ef052d6a66ac2d|ba274e05a3f3b8639211d22b4e3cce03|ce61f89ee69d2a79e970f315b33109a2|6ee763f22394957778b56d94576bf466|3a1eb77ca00f93654707716875052c9a|f44e3bb8b1385f5f594f68e9ff5f74da|082f6059fc86047726f7831569b501ac|62202c35d32d22167b6bae3524678acb|0bad1df6644637f25d61194bea7559e1|0ce40124efe6a05e1ab8c2232b43590d|a71b175a8bf365cdf0971c89ca5bd502|4194189c7c9c637df9816320c5c22c16,malignant (12),inferred_from_filename_not_verified_identifier,val,False,val/malignant/malignant (12).png
bag-2b6872ee2a10,grp-2b6872ee2a10,benign,16,train/benign/benign (238)-rotated1-rotated1.png|train/benign/benign (238)-rotated1-rotated2.png|train/benign/benign (238)-rotated1-sharpened.png|train/benign/benign (238)-rotated1.jpg|train/benign/benign (238)-rotated1.png|train/benign/benign (238)-rotated2-rotated1.png|train/benign/benign (238)-rotated2-rotated2.png|train/benign/benign (238)-rotated2-sharpened.png|train/benign/benign (238)-rotated2.jpg|train/benign/benign (238)-rotated2.png|train/benign/benign (238)-sharpened-rotated1.png|train/benign/benign (238)-sharpened-rotated2.png|train/benign/benign (238)-sharpened-sharpened.png|train/benign/benign (238)-sharpened.jpg|train/benign/benign (238)-sharpened.png|train/benign/benign (238).png,cc3365715c2d998bb393f4e87f546172|92c0b4daffd19766bd7cde8ff0114dac|8f0334118ec5040aad5fa35f96f53fa8|f15c8db7d0e71742dc4016c3409e429e|c464ba38c8b972fd374c55ed73a006e4|385d7b8688d3ddfb4a2184bb05ad8e77|253017bc28d79c292674323cd9fce149|277c5908ea13d1e1bea87996795440fc|d293cedf61957b78eccaf141edf9048b|6d8c34bbcd615392e3f7a72a61103c16|745693b07cbe97a3e91098cb7109393e|77fdb7f5c62098a117b652f316048e49|98a97b02207d077c3e08c5dad5051826|b628947ef71a5d45e815b55a7b931167|77fdb7f5c62098a117b652f316048e49|df7d775240adb1ae95a00a850690e1a9,benign (238),inferred_from_filename_not_verified_identifier,train,False,train/benign/benign (238).png
bag-2b6979996382,grp-2b6979996382,benign,16,train/benign/benign (45)-rotated1-rotated1.png|train/benign/benign (45)-rotated1-rotated2.png|train/benign/benign (45)-rotated1-sharpened.png|train/benign/benign (45)-rotated1.jpg|train/benign/benign (45)-rotated1.png|train/benign/benign (45)-rotated2-rotated1.png|train/benign/benign (45)-rotated2-rotated2.png|train/benign/benign (45)-rotated2-sharpened.png|train/benign/benign (45)-rotated2.jpg|train/benign/benign (45)-rotated2.png|train/benign/benign (45)-sharpened-rotated1.png|train/benign/benign (45)-sharpened-rotated2.png|train/benign/benign (45)-sharpened-sharpened.png|train/benign/benign (45)-sharpened.jpg|train/benign/benign (45)-sharpened.png|train/benign/benign (45).png,b9d5d078ddf6674c2dc947ad278e4e57|7437db78d38bf543d3e59a0101ec0558|fbaba3ba20658c2885df1fb4899c494c|69aa0a555d35c0ef0fdad099237d3a38|565aa207e742fc36d9728694d4916c11|d322abbf8538e5ead63a8c7009c5b101|441884cdb52f53f1265ad2680f40fdfd|6c6b02488d420b3877c7161aa4958c4a|e7d7bed6c5b48815df4650ce827c2e6c|1b4c95f4c2d297b4ffb8f6635c77ecd6|0c3ae8fb412a9349049b62f38475c540|b6dd0527b8b7d3e451df2bef79dfa8f7|8124b47bc35f34e55bb34559425a2900|7f3f0ab849a194e1ba425a7546e04969|58be145c64c5708ebdb313615461fd58|f37f9bcd57bc40fb2e2b8c6e73f4404c,benign (45),inferred_from_filename_not_verified_identifier,train,False,train/benign/benign (45).png
bag-2c810c39a99b,grp-2c810c39a99b,benign,16,val/benign/benign (34)-rotated1-rotated1.png|val/benign/benign (34)-rotated1-rotated2.png|val/benign/benign (34)-rotated1-sharpened.png|val/benign/benign (34)-rotated1.jpg|val/benign/benign (34)-rotated1.png|val/benign/benign (34)-rotated2-rotated1.png|val/benign/benign (34)-rotated2-rotated2.png|val/benign/benign (34)-rotated2-sharpened.png|val/benign/benign (34)-rotated2.jpg|val/benign/benign (34)-rotated2.png|val/benign/benign (34)-sharpened-rotated1.png|val/benign/benign (34)-sharpened-rotated2.png|val/benign/benign (34)-sharpened-sharpened.png|val/benign/benign (34)-sharpened.jpg|val/benign/benign (34)-sharpened.png|val/benign/benign (34).png,e7d8b6d1e3aee921fe1460d480cd4a65|1aa426f29930be03e31fb7b4f5c7178c|2e5b0fcb7334e4f1767399cbf0fce756|3545307453e27045efefd37d4af517e2|28f9d44de18383ca4f289e9c4a258e9e|d7e1a9cbc7f48fdb8f8c7a7ef854654b|b8f5b3ab1d15b52493bc075c06bdaffc|10e997bd25a87685d13958d868c6c400|125aed6b2b63fe43fdf9c589b5c22380|4636a7a36efad41614ce90c8cb4d6853|6d33e4da8a669e5a672bd221c3018e97|c177413c7305382b30bad71ed2128de4|5f06688f571f2db5afcbf0f2555b27a7|65050f1270d10981c392c0ecffd1442d|2e5b0fcb7334e4f1767399cbf0fce756|905fe24dddc24ecfd3fec9b23eadaf3e,benign (34),inferred_from_filename_not_verified_identifier,val,False,val/benign/benign (34).png
bag-2cad910488b5,grp-2cad910488b5,benign,16,val/benign/benign (16)-rotated1-rotated1.png|val/benign/benign (16)-rotated1-rotated2.png|val/benign/benign (16)-rotated1-sharpened.png|val/benign/benign (16)-rotated1.jpg|val/benign/benign (16)-rotated1.png|val/benign/benign (16)-rotated2-rotated1.png|val/benign/benign (16)-rotated2-rotated2.png|val/benign/benign (16)-rotated2-sharpened.png|val/benign/benign (16)-rotated2.jpg|val/benign/benign (16)-rotated2.png|val/benign/benign (16)-sharpened-rotated1.png|val/benign/benign (16)-sharpened-rotated2.png|val/benign/benign (16)-sharpened-sharpened.png|val/benign/benign (16)-sharpened.jpg|val/benign/benign (16)-sharpened.png|val/benign/benign (16).png,4efd2e9c3bbb924cb52fd7f56b965595|f2347b395af5cdb1460ed87dd079d8f5|7a8b1bec28f0f29d0b59849d43011755|a0c3050758d5bfe9150f223cbd8fd505|71fbfab1f41797c94776140220cd4422|0ed4985ab83085bb83aadaa39eb30bfc|55710adea33501275f34198197d0ac03|353be68db953bd15fce15ac731b3678f|84d5e8f51b201ecc34e4b854f9414322|653dd089cf373985028a6a20fcb0e1a3|13dd860c8cdbfb47601cbfc8899ed96b|288b35786d5f4b902d6c83b0392c7e4f|90a2ec51151f3f46faa4d7a1578cfc26|f85921af0f8e6b3ef712b81196e1fdc4|13dd860c8cdbfb47601cbfc8899ed96b|b90af7dc1c03744779d651c63d0130d8,benign (16),inferred_from_filename_not_verified_identifier,val,False,val/benign/benign (16).png
bag-2e32bc012c86,grp-2e32bc012c86,benign,16,train/benign/benign (95)-rotated1-rotated1.png|train/benign/benign (95)-rotated1-rotated2.png|train/benign/benign (95)-rotated1-sharpened.png|train/benign/benign (95)-rotated1.jpg|train/benign/benign (95)-rotated1.png|train/benign/benign (95)-rotated2-rotated1.png|train/benign/benign (95)-rotated2-rotated2.png|train/benign/benign (95)-rotated2-sharpened.png|train/benign/benign (95)-rotated2.jpg|train/benign/benign (95)-rotated2.png|train/benign/benign (95)-sharpened-rotated1.png|train/benign/benign (95)-sharpened-rotated2.png|train/benign/benign (95)-sharpened-sharpened.png|train/benign/benign (95)-sharpened.jpg|train/benign/benign (95)-sharpened.png|train/benign/benign (95).png,825475fab93a66c8cf8288a7cdb2fde4|9c1378a40e4195196270805478dad582|e3e624177ded1b93630fadfe93c71fda|e724a0c7defd9dddf533e673f2736b6f|3657d7ea6874ac2a6f77fb6928d60066|7d785d699fb56070d5b0dfd8115fbff7|747a203f1eebee5cbe0978a2245276f5|5afbff673a23a570d04afe77e01e7786|04b5be486ecafd2e4cb57eb4207dab12|2db6359ecb6064044411f1bf55e7bde5|d2bcf9abbdf1404b1265abf329e4d4a8|85ab13230550427530dac93a58d71583|23b7b19acf3ebd7d27904f78b31a956c|afc670ad45ce352481ddc2d8f1659a0d|d2bcf9abbdf1404b1265abf329e4d4a8|617e9a74bde86d6b84623c66db4311ea,benign (95),inferred_from_filename_not_verified_identifier,train,False,train/benign/benign (95).png
bag-2e45dc28e46f,grp-2e45dc28e46f,benign,16,train/benign/benign (185)-rotated1-rotated1.png|train/benign/benign (185)-rotated1-rotated2.png|train/benign/benign (185)-rotated1-sharpened.png|train/benign/benign (185)-rotated1.jpg|train/benign/benign (185)-rotated1.png|train/benign/benign (185)-rotated2-rotated1.png|train/benign/benign (185)-rotated2-rotated2.png|train/benign/benign (185)-rotated2-sharpened.png|train/benign/benign (185)-rotated2.jpg|train/benign/benign (185)-rotated2.png|train/benign/benign (185)-sharpened-rotated1.png|train/benign/benign (185)-sharpened-rotated2.png|train/benign/benign (185)-sharpened-sharpened.png|train/benign/benign (185)-sharpened.jpg|train/benign/benign (185)-sharpened.png|train/benign/benign (185).png,9e28cbc05c3fa242feb03cf471bd4463|3e702110a00d8c2a798e5933668b89cb|eef38c3a828fbc1f79e361527b7001a3|aa8e98d59188a3e11c0cfe9ef59a931f|a753a4870123173d0a1d2f9f5f61c286|dd84ba69aea29e6fcba9c8c2a045a8bc|fb2698ed533a9127811c3b0f5846f3c6|e1035d8ac4b583fb104a0669eb594cb5|a23ff8fb8fce66c3d1c32bedb015f490|4b6f81f759f7f1166da7379b15d5f786|66f5027125ca0d07ffa21168fe77757b|c25403b2b1f2a0793a292b49884b8772|754fae859d201836720889f09855503d|2daab13f47c664d47d82e1cecd506e89|eef38c3a828fbc1f79e361527b7001a3|7677a838825502cc3a8990f7fa5b922d,benign (185),inferred_from_filename_not_verified_identifier,train,False,train/benign/benign (185).png
bag-2f381884c7eb,grp-2f381884c7eb,benign,16,val/benign/benign (30)-rotated1-rotated1.png|val/benign/benign (30)-rotated1-rotated2.png|val/benign/benign (30)-rotated1-sharpened.png|val/benign/benign (30)-rotated1.jpg|val/benign/benign (30)-rotated1.png|val/benign/benign (30)-rotated2-rotated1.png|val/benign/benign (30)-rotated2-rotated2.png|val/benign/benign (30)-rotated2-sharpened.png|val/benign/benign (30)-rotated2.jpg|val/benign/benign (30)-rotated2.png|val/benign/benign (30)-sharpened-rotated1.png|val/benign/benign (30)-sharpened-rotated2.png|val/benign/benign (30)-sharpened-sharpened.png|val/benign/benign (30)-sharpened.jpg|val/benign/benign (30)-sharpened.png|val/benign/benign (30).png,0f082fa7eda488b80d66793297eda719|90893cc23cf483a0dc06f2a48e42c731|40235533af8b1c415d994e787ce51150|12b367859f6bf63f92df6e608e062260|9bcc156f5fa4e15a62b056b15f0713fe|6d7e95c51198622c084a5e5b6d218990|1cf9f93a5cbbbf6554668823aa75e35d|cb3d6cea4e48f5f2dc8eead57fa989da|f963f2e71b80435b11a80ef23ecb6946|65b6adc38e4acc5c3893b401f01c873c|7063bc61a223548dcead8e23c7d352ff|051ec61a86e4ca52ed266eb7051a2ecf|0c6d83741bd400510464c0c8f0efc9da|0e4db136c02e933be222ffb02893bd4c|00c81b6db4f7412afbaeb6a06e4af607|6662db9f61a8329e89c61a6f31a0bbc3,benign (30),inferred_from_filename_not_verified_identifier,val,False,val/benign/benign (30).png
bag-2f3f84ed048a,grp-2f3f84ed048a,benign,16,train/benign/benign (159)-rotated1-rotated1.png|train/benign/benign (159)-rotated1-rotated2.png|train/benign/benign (159)-rotated1-sharpened.png|train/benign/benign (159)-rotated1.jpg|train/benign/benign (159)-rotated1.png|train/benign/benign (159)-rotated2-rotated1.png|train/benign/benign (159)-rotated2-rotated2.png|train/benign/benign (159)-rotated2-sharpened.png|train/benign/benign (159)-rotated2.jpg|train/benign/benign (159)-rotated2.png|train/benign/benign (159)-sharpened-rotated1.png|train/benign/benign (159)-sharpened-rotated2.png|train/benign/benign (159)-sharpened-sharpened.png|train/benign/benign (159)-sharpened.jpg|train/benign/benign (159)-sharpened.png|train/benign/benign (159).png,ee12f1dbfc44f5888ec2289dfea26310|9e182f87a58559394deda9601bef1c76|8b57b7163f59bd2d23dfe75bddccf7e7|932a8a8597dcad86a874b6104b19ad4e|9499f983677a205b5cf2644ba4e2712d|ee7db978eaebda074d92194505bcaa06|4f3a82dbd893826622f711dad59386cf|927944dd879b4c162e7fac2474f6532e|10f6d69350f1eb87e468c7853f504343|51583c12e7edb28097f9f4305c01153a|670727cc107f2981bdd9185f88e182f8|d7fff70ce368c121fddcf47dea01abc5|26c2dd443580e0be6cbc6747d58fa564|3bc6cd6bf9e9516ea34d4510c59188cc|6aa39ea7f2c7e5ad3616abac2d948eb8|e3f1e7eaaea7611f3e85e9b9f9578a6c,benign (159),inferred_from_filename_not_verified_identifier,train,False,train/benign/benign (159).png
bag-2f9a14732514,grp-2f9a14732514,malignant,21,train/malignant/malignant (84)-rotated1-rotated1.png|train/malignant/malignant (84)-rotated1-rotated2.png|train/malignant/malignant (84)-rotated1-rotated32.png|train/malignant/malignant (84)-rotated1-sharpened.png|train/malignant/malignant (84)-rotated1.png|train/malignant/malignant (84)-rotated2-rotated1.png|train/malignant/malignant (84)-rotated2-rotated2.png|train/malignant/malignant (84)-rotated2-rotated32.png|train/malignant/malignant (84)-rotated2-sharpened.png|train/malignant/malignant (84)-rotated2.png|train/malignant/malignant (84)-rotated32-rotated1.png|train/malignant/malignant (84)-rotated32-rotated2.png|train/malignant/malignant (84)-rotated32-rotated32.png|train/malignant/malignant (84)-rotated32-sharpened.png|train/malignant/malignant (84)-rotated32.png|train/malignant/malignant (84)-sharpened-rotated1.png|train/malignant/malignant (84)-sharpened-rotated2.png|train/malignant/malignant (84)-sharpened-rotated32.png|train/malignant/malignant (84)-sharpened-sharpened.png|train/malignant/malignant (84)-sharpened.png|train/malignant/malignant (84).png,287a0c9e92942fce10466ce243b0235a|58551598eb596af2956632b142a3fe40|eb535573c1dd4d69623e304dc79a6374|3e8709e9b5576676afed476344f88d29|ea5725587dead2e07e6a0614b8202fda|b6110c0fb96175cc0bc4c1f36dcffba7|7f5300849b1ca2af98d350abde550e42|c48e79fe845f66488345e5139abcf9f4|e34cc3c769d2e85926268f2c7157a33e|d2f247df5b61e0a894e428a0461eb020|88f672cec2790ff266dfc468107b967f|d60483d728716e5f30e8e2b682c4297a|6345a2dd5d8089687620337f618552b8|8a1ca7dfe4935e1b2f849d94703fa3ea|58551598eb596af2956632b142a3fe40|6ca4efb48fab07d5be2505be5ad8ca49|83cc07d7692f11783f78d64495302973|b08d3cd67f18c7be00bc359702a6bf96|8f4e6009ccaeee078fbbda86244de7ab|a389fada92e42ffb720f041514c9dc1e|4d50d06114efb456832586aa96824f7d,malignant (84),inferred_from_filename_not_verified_identifier,train,False,train/malignant/malignant (84).png
bag-3077a42b7b03,grp-3077a42b7b03,benign,16,train/benign/benign (259)-rotated1-rotated1.png|train/benign/benign (259)-rotated1-rotated2.png|train/benign/benign (259)-rotated1-sharpened.png|train/benign/benign (259)-rotated1.jpg|train/benign/benign (259)-rotated1.png|train/benign/benign (259)-rotated2-rotated1.png|train/benign/benign (259)-rotated2-rotated2.png|train/benign/benign (259)-rotated2-sharpened.png|train/benign/benign (259)-rotated2.jpg|train/benign/benign (259)-rotated2.png|train/benign/benign (259)-sharpened-rotated1.png|train/benign/benign (259)-sharpened-rotated2.png|train/benign/benign (259)-sharpened-sharpened.png|train/benign/benign (259)-sharpened.jpg|train/benign/benign (259)-sharpened.png|train/benign/benign (259).png,5e43c0f318835c7cbdc6dfe4a2abbc4b|cbf216d8e6f2affc7b9fd9e51d0c14d6|a83ac379d6dcce9b044fc90ed69cf78d|ba396d912efbbace5603069b29f27f24|c0b114ff6940acc767fbf9140a108538|a6aec6b8638a300a5e573385f230837f|490b74c702442c8f1766a955f00caf4b|fed93b9e11b27e681a7b8154afe14fe0|e414f99c7bb7ea0f7385391e1432d21c|329573431806f02809c78ddcd1bc64c2|0a6b47b5c14041ddb40f51c56d6b7086|06242ab38a6b8b2865fc1ad85b4aeb96|eefbf1ce24370acdd3193b4bcf63f50b|e865dabbc73ea6dcc0ffbf4b5ac43b81|06242ab38a6b8b2865fc1ad85b4aeb96|0add3a507860725063adb3b7a0dd06a6,benign (259),inferred_from_filename_not_verified_identifier,train,False,train/benign/benign (259).png
bag-30e91f2852ec,grp-30e91f2852ec,malignant,21,train/malignant/malignant (20)-rotated1-rotated1.png|train/malignant/malignant (20)-rotated1-rotated2.png|train/malignant/malignant (20)-rotated1-rotated32.png|train/malignant/malignant (20)-rotated1-sharpened.png|train/malignant/malignant (20)-rotated1.png|train/malignant/malignant (20)-rotated2-rotated1.png|train/malignant/malignant (20)-rotated2-rotated2.png|train/malignant/malignant (20)-rotated2-rotated32.png|train/malignant/malignant (20)-rotated2-sharpened.png|train/malignant/malignant (20)-rotated2.png|train/malignant/malignant (20)-rotated32-rotated1.png|train/malignant/malignant (20)-rotated32-rotated2.png|train/malignant/malignant (20)-rotated32-rotated32.png|train/malignant/malignant (20)-rotated32-sharpened.png|train/malignant/malignant (20)-rotated32.png|train/malignant/malignant (20)-sharpened-rotated1.png|train/malignant/malignant (20)-sharpened-rotated2.png|train/malignant/malignant (20)-sharpened-rotated32.png|train/malignant/malignant (20)-sharpened-sharpened.png|train/malignant/malignant (20)-sharpened.png|train/malignant/malignant (20).png,a5baa2bc93764498381e6a017abc618e|aec1e74f7df4eea0a268388a7caf1dd1|a7caadf8a88cac3b2d65bc4bc6bcec3c|0c40be7295d5459c60a9a0965b243679|0e9f34941c211df8ca1fb96cb93c4527|f2032a55bd3ec95244d1e08cda20f017|21b88195e42108125afcf9dd3ceb1e93|fe5701d8714cb3650bdc02dc5775e834|68e56a068072cd9a219b47224e050b4c|c91afd281ae2cf7675218219b0e88db2|bf95ab6a8136090bb3fa4a82d53b8f27|a7cb2e9dedc5fc4362f486ed6cac5e4e|ee7682bffec4ed14631289434e6bc044|f8271c9eec9a280a1811b8b201cc4013|1d281c078eaf6f18bfaa9c27a35c41b9|bdba61665a741fcce120dc57aeec719a|4af34fbca3f4a06ab40629fdaa7c13c1|07f2d9bb17f977ae2f3cc1ad10ea7fa0|4d1043162f41cdff909ae846b88d51bd|3233c9b4fed4f364dc48a0160a602ddf|6ac43b84381de9c46d7c240a4132497d,malignant (20),inferred_from_filename_not_verified_identifier,train,False,train/malignant/malignant (20).png
bag-31a6f751fcfe,grp-31a6f751fcfe,benign,16,train/benign/benign (243)-rotated1-rotated1.png|train/benign/benign (243)-rotated1-rotated2.png|train/benign/benign (243)-rotated1-sharpened.png|train/benign/benign (243)-rotated1.jpg|train/benign/benign (243)-rotated1.png|train/benign/benign (243)-rotated2-rotated1.png|train/benign/benign (243)-rotated2-rotated2.png|train/benign/benign (243)-rotated2-sharpened.png|train/benign/benign (243)-rotated2.jpg|train/benign/benign (243)-rotated2.png|train/benign/benign (243)-sharpened-rotated1.png|train/benign/benign (243)-sharpened-rotated2.png|train/benign/benign (243)-sharpened-sharpened.png|train/benign/benign (243)-sharpened.jpg|train/benign/benign (243)-sharpened.png|train/benign/benign (243).png,2323bbdd4e5c94957ec490362b8ed98f|cdc76e93a158358c9adcfa73fe9a2235|bdf5c2d553887b8a9ee646371897a18e|fe0c96ae6b97489e97e57f9140d7fdbd|88a4f23e8cee9fc94358acf7f321447c|adfc427ead6fc0fc2bc16dec9c3b60c7|a40d1846a42eb7a4bee0b86ed2c786cd|8903cb8a6679a3c43a95df7b6b838e14|8497862fe9f3650987c44ec685c2b201|2f07e6b44a207f8a27a87d8472091d7b|d08b59a0b1e3b01ab0339da7edf52910|0115328961ea31fa699cf7116da7af73|dd029dc9ec58a2f59b80fd707107a620|5f0da1b770a4d195e3b9824aecfeda70|6d2fd53047ef1ba82511265c24858147|2f52312c175b33933bf1d250ac0347b1,benign (243),inferred_from_filename_not_verified_identifier,train,False,train/benign/benign (243).png
bag-3281cc7851ab,grp-3281cc7851ab,benign,16,train/benign/benign (36)-rotated1-rotated2.png|train/benign/benign (36)-rotated1-sharpened.png|train/benign/benign (36)-rotated2-rotated1.png|train/benign/benign (36)-rotated2-rotated2.png|train/benign/benign (36)-rotated2-sharpened.png|train/benign/benign (36)-rotated2.jpg|train/benign/benign (36)-rotated2.png|train/benign/benign (36)-sharpened-rotated1.png|train/benign/benign (36)-sharpened-rotated2.png|train/benign/benign (36)-sharpened-sharpened.png|train/benign/benign (36)-sharpened.jpg|train/benign/benign (36)-sharpened.png|val/benign/benign (36)-rotated1-rotated1.png|val/benign/benign (36)-rotated1.jpg|val/benign/benign (36)-rotated1.png|val/benign/benign (36).png,e99571c17c2a911ccfe5db2c32854c84|6caff0e081b16d2fc388a6645ed0e346|1444689cf8e19edc9eba53ba44fde8b1|21af6a6313840f39b3232fd3e827257c|527dc17c297dcf2cf393483cea0091ee|bcb9e2fa483e618b5662015b44886a59|6b4027baead36c575b8ce89bbb1f93fa|fdcd4d5d2a112be2281bff84f649f9cc|b4d70af85e53adfc3d29de0b53df4daa|392e01a77608c973f0488432e3d0cc8a|a9e62a541f2aeb631db8b58b404c0b6c|0f48229be93afedb24ce0088bfeac019|d3a7013598710eff120bcb7ffec34c28|e06643a3f9797b661e41c107860d486e|dac59cf3508708bfd406465b13ff0d09|70fc19d646ee9708f1d0eef338ee2fa6,benign (36),inferred_from_filename_not_verified_identifier,train|val,True,val/benign/benign (36).png
bag-329c4a4a0ed7,grp-329c4a4a0ed7,benign,16,train/benign/benign (89)-rotated1-rotated1.png|train/benign/benign (89)-rotated1-rotated2.png|train/benign/benign (89)-rotated1-sharpened.png|train/benign/benign (89)-rotated1.jpg|train/benign/benign (89)-rotated1.png|train/benign/benign (89)-rotated2-rotated1.png|train/benign/benign (89)-rotated2-rotated2.png|train/benign/benign (89)-rotated2-sharpened.png|train/benign/benign (89)-rotated2.jpg|train/benign/benign (89)-rotated2.png|train/benign/benign (89)-sharpened-rotated1.png|train/benign/benign (89)-sharpened-rotated2.png|train/benign/benign (89)-sharpened-sharpened.png|train/benign/benign (89)-sharpened.jpg|train/benign/benign (89)-sharpened.png|train/benign/benign (89).png,8a9a81433eb647f58c9b89a3297daf83|62544df9eb3aae51cf462ab0de943544|3a8ebcd7ddc589661ea37b965180df58|fb4acbe4c2bd855ac959114f44611df8|e1aa43dc9cd4e784b77535513be2cfee|772637a4c47606c1f530a39ace5bda5a|e847a3a60903cb5cf9fd89803d919aca|38dcdc342824b38c92d46f78ca034eb3|fb4acbe4c2bd855ac959114f44611df8|d4833af8b32dde562b65aa39fca433c8|d4eacd91c717e41b8c99147028ccc450|581bf9a09f6bf7bc7b151c273d86e88e|2633488bc3a8c2ab4bbeafded2daa83a|84249f602f9dfe066c04bd8281ce493d|d4eacd91c717e41b8c99147028ccc450|ee6d911ad2cd4ee4f4af979f30875f1c,benign (89),inferred_from_filename_not_verified_identifier,train,False,train/benign/benign (89).png
bag-342349eb3bea,grp-342349eb3bea,benign,16,train/benign/benign (147)-rotated1-rotated1.png|train/benign/benign (147)-rotated1-rotated2.png|train/benign/benign (147)-rotated1-sharpened.png|train/benign/benign (147)-rotated1.jpg|train/benign/benign (147)-rotated1.png|train/benign/benign (147)-rotated2-rotated1.png|train/benign/benign (147)-rotated2-rotated2.png|train/benign/benign (147)-rotated2-sharpened.png|train/benign/benign (147)-rotated2.jpg|train/benign/benign (147)-rotated2.png|train/benign/benign (147)-sharpened-rotated1.png|train/benign/benign (147)-sharpened-rotated2.png|train/benign/benign (147)-sharpened-sharpened.png|train/benign/benign (147)-sharpened.jpg|train/benign/benign (147)-sharpened.png|train/benign/benign (147).png,9da80ac5c5df194cf395d8d92581af87|321eb463d1ae997f4dd4ce800f14edc3|f99150369e065129478aae9745969acc|8b7b2e46f4cc5aba48e2409bb65ea515|467bf314ad8226adaf1049c0fedc8f5f|f3d5a377e824228a80722f204c811436|64a00468f1ef11386ceec78fd0948299|43553249fed96d4d5dce3f279f1bf852|6de1a9dc019d0c252f380c01fcee311e|69bd823bf38810d4e3360ba2599525b8|1b72538e01a48b0219248818b836be3b|8b7f85f1bd768f48e7dc3c9746f93991|47d9069282819a51b3c850fef343d15b|fe8311bcb5412a1f2b10638979a34d75|db68435bf2efda8dfae6cc1c4221a856|328d39db1a48e718fffe45e60a6ee238,benign (147),inferred_from_filename_not_verified_identifier,train,False,train/benign/benign (147).png
bag-3510d8455a48,grp-3510d8455a48,benign,16,val/benign/benign (25)-rotated1-rotated1.png|val/benign/benign (25)-rotated1-rotated2.png|val/benign/benign (25)-rotated1-sharpened.png|val/benign/benign (25)-rotated1.jpg|val/benign/benign (25)-rotated1.png|val/benign/benign (25)-rotated2-rotated1.png|val/benign/benign (25)-rotated2-rotated2.png|val/benign/benign (25)-rotated2-sharpened.png|val/benign/benign (25)-rotated2.jpg|val/benign/benign (25)-rotated2.png|val/benign/benign (25)-sharpened-rotated1.png|val/benign/benign (25)-sharpened-rotated2.png|val/benign/benign (25)-sharpened-sharpened.png|val/benign/benign (25)-sharpened.jpg|val/benign/benign (25)-sharpened.png|val/benign/benign (25).png,1af3660dd189e21ecea5421a649ffcfb|92f8f4d2b13c9f2dd3f7a3a5325beaab|91fd12439dd20e5bb77f38e4dd71a031|324ce9ed457985fcd269ff8cf6289472|33fa0485fbb6e82e690446dcd8f7e29b|2eb5c777479ef2ddf1d447b0fd827231|522613c6c969caeb1fb030e3a0e366b5|14430a8bb1174d0974b6e2e6253f7111|0f74c2696f6471976ab0ddcba16c6bbe|0947553fa64cd4a2f9a3eea43421a486|2e500c57246c9c55952fd9dfe6c94219|9302f7774f09e8195df14dfc3056aef6|a732297d5460c5ae3c2ac95fd7087d46|b2859ae554d159b053f5bcbb0feec4a6|652d8798e7298c02fc44086ae48f86e4|496012cb7870ed664f103cb3677de1cb,benign (25),inferred_from_filename_not_verified_identifier,val,False,val/benign/benign (25).png
bag-356bcb41f190,grp-356bcb41f190,malignant,21,val/malignant/malignant (4)-rotated1-rotated1.png|val/malignant/malignant (4)-rotated1-rotated2.png|val/malignant/malignant (4)-rotated1-rotated32.png|val/malignant/malignant (4)-rotated1-sharpened.png|val/malignant/malignant (4)-rotated1.png|val/malignant/malignant (4)-rotated2-rotated1.png|val/malignant/malignant (4)-rotated2-rotated2.png|val/malignant/malignant (4)-rotated2-rotated32.png|val/malignant/malignant (4)-rotated2-sharpened.png|val/malignant/malignant (4)-rotated2.png|val/malignant/malignant (4)-rotated32-rotated1.png|val/malignant/malignant (4)-rotated32-rotated2.png|val/malignant/malignant (4)-rotated32-rotated32.png|val/malignant/malignant (4)-rotated32-sharpened.png|val/malignant/malignant (4)-rotated32.png|val/malignant/malignant (4)-sharpened-rotated1.png|val/malignant/malignant (4)-sharpened-rotated2.png|val/malignant/malignant (4)-sharpened-rotated32.png|val/malignant/malignant (4)-sharpened-sharpened.png|val/malignant/malignant (4)-sharpened.png|val/malignant/malignant (4).png,830db6720b0163e46447cbe5cbd163ae|31878179e6dc14fdd15f193ba058b836|fe8151d2961d69acacdb45aeff7b72f6|1b9b407b20f85050fea0309078a698ee|8ffa142c0017571516642c991ee937a1|312fbec641b03aa8a70433f7e716c66a|77f3544518f381d6f52810200cbb4614|2ce95c48b7527450ae3f39122cef6bea|b7edc6b4ffa9809c1e0c0c1cc4bd732f|1526fecee4ca0865c4080c73a7190481|0db7891a43c90721b551b1ef3ac3dae7|b385bab08f35513f685a85f6abe78ae9|cc2f16c32fbdebff0ce034eee70cd195|b57dd80abd65efe8a49dd53ba3f423e0|7fa10fbc63c7c4bbefa568243bce914e|8aa4026b2342bc26305786d7480d647f|e3879afbe55e38f0fe7b94bc9e49bfe7|9ae527a96db08f03eed38f93d4c75553|c50b96df3968fde7e39ed28744e92747|667c5f3d5d2b697b8929db34079719d6|600fd0b5b946b2befdd47c4383bdf7fa,malignant (4),inferred_from_filename_not_verified_identifier,val,False,val/malignant/malignant (4).png
bag-36b85eee7ad5,grp-36b85eee7ad5,benign,16,train/benign/benign (108)-rotated1-rotated1.png|train/benign/benign (108)-rotated1-rotated2.png|train/benign/benign (108)-rotated1-sharpened.png|train/benign/benign (108)-rotated1.jpg|train/benign/benign (108)-rotated1.png|train/benign/benign (108)-rotated2-rotated1.png|train/benign/benign (108)-rotated2-rotated2.png|train/benign/benign (108)-rotated2-sharpened.png|train/benign/benign (108)-rotated2.jpg|train/benign/benign (108)-rotated2.png|train/benign/benign (108)-sharpened-rotated1.png|train/benign/benign (108)-sharpened-rotated2.png|train/benign/benign (108)-sharpened-sharpened.png|train/benign/benign (108)-sharpened.jpg|train/benign/benign (108)-sharpened.png|train/benign/benign (108).png,d834b83fca634d275404c946330e5791|f3de3ed3003ab87b12fc7f04410ff759|3d2b6f903a8ec768765f5152ed89a81a|86f90542075c9f65dfdf49d25c4b7ba1|9b0a28592b1fdddbc44a48773485f38c|7153ed23f7f3bfd0355ca8a5a6fe79ed|e5a35be73bbd1224db1b2be1c3ad1a88|6d465ec45fb26108e586f6b40ef2b3bc|5e3d4008ca35ba5ae0e5ffac6f0e818f|c5c860662f3e6ea5012330228757f012|66e2a64ba71d2b1cabb7b59531530fdf|4781e195edc5c84594ad8c005698ed3f|f943e547f418ba142776cd7b039695c8|cddee1b50ef67a21b765c3850327f82c|6d465ec45fb26108e586f6b40ef2b3bc|0d6482a5a3f78777b1a40d821f42d2d6,benign (108),inferred_from_filename_not_verified_identifier,train,False,train/benign/benign (108).png
bag-36dff7983250,grp-36dff7983250,malignant,21,train/malignant/malignant (42)-rotated1-rotated1.png|train/malignant/malignant (42)-rotated1-rotated2.png|train/malignant/malignant (42)-rotated1-rotated32.png|train/malignant/malignant (42)-rotated1-sharpened.png|train/malignant/malignant (42)-rotated1.png|train/malignant/malignant (42)-rotated2-rotated1.png|train/malignant/malignant (42)-rotated2-rotated2.png|train/malignant/malignant (42)-rotated2-rotated32.png|train/malignant/malignant (42)-rotated2-sharpened.png|train/malignant/malignant (42)-rotated2.png|train/malignant/malignant (42)-rotated32-rotated1.png|train/malignant/malignant (42)-rotated32-rotated2.png|train/malignant/malignant (42)-rotated32-rotated32.png|train/malignant/malignant (42)-rotated32-sharpened.png|train/malignant/malignant (42)-rotated32.png|train/malignant/malignant (42)-sharpened-rotated1.png|train/malignant/malignant (42)-sharpened-rotated2.png|train/malignant/malignant (42)-sharpened-rotated32.png|train/malignant/malignant (42)-sharpened-sharpened.png|train/malignant/malignant (42)-sharpened.png|train/malignant/malignant (42).png,684baa2555e700193fbf7782778a5ef3|db036fa3f110cffdaaf9c74c6d138f13|772d646a5ae943df39ce835466dcfee6|2235afa1d8e046d352e8c0de6bb74779|39e3cf6b4d8e3d0c33d1b66154b94a2e|61715e718b7197546dbb597bf623c31a|b4062120b953c5b642db5ea56d06aa83|08d6222513465ffe4501312cf4c10837|3dc2cc3f239467626393be3f16544a60|80da992d02e629423a1161cde9d023e8|8713a32cfab8b6845794f7dc63fcbb7b|33e052a57dc97bb7fed534c4cdac4401|2808f2364b4016f8807b2b12fab2aa03|28a3250f456b57b63ad0cecc4ad8a680|d2ce4b81b34780506dadaa027d27c006|6c79745e8de1038f0f6b986e88d30d3a|3fec281c5cec64013c53e16248db0728|b7db9266b2fbd9caff24e3039ba989e8|e7a708bc68722934af15a8d53cc082f9|da97a41458fa0edab387c2f8969d4507|a09a7898089f0748616253458c0b0d73,malignant (42),inferred_from_filename_not_verified_identifier,train,False,train/malignant/malignant (42).png
bag-3a3f3c627704,grp-3a3f3c627704,malignant,21,train/malignant/malignant (130)-rotated1-rotated1.png|train/malignant/malignant (130)-rotated1-rotated2.png|train/malignant/malignant (130)-rotated1-rotated32.png|train/malignant/malignant (130)-rotated1-sharpened.png|train/malignant/malignant (130)-rotated1.png|train/malignant/malignant (130)-rotated2-rotated1.png|train/malignant/malignant (130)-rotated2-rotated2.png|train/malignant/malignant (130)-rotated2-rotated32.png|train/malignant/malignant (130)-rotated2-sharpened.png|train/malignant/malignant (130)-rotated2.png|train/malignant/malignant (130)-rotated32-rotated1.png|train/malignant/malignant (130)-rotated32-rotated2.png|train/malignant/malignant (130)-rotated32-rotated32.png|train/malignant/malignant (130)-rotated32-sharpened.png|train/malignant/malignant (130)-rotated32.png|train/malignant/malignant (130)-sharpened-rotated1.png|train/malignant/malignant (130)-sharpened-rotated2.png|train/malignant/malignant (130)-sharpened-rotated32.png|train/malignant/malignant (130)-sharpened-sharpened.png|train/malignant/malignant (130)-sharpened.png|train/malignant/malignant (130).png,353d7654aa1c322395e7bfbca3bd31c2|f252d9ebee7abe5d5570ab33afaffe42|fe2e99bbf5729feae85aec25e7f3aaa6|0b69c608ea113e1e8c8d5c2417342344|32823b02d4d5898d8c4b58789d5c6b6e|454be90c15f55a2a080e8b4069ee9237|c6cec4c6dca96554bc2e9186161c0481|66f5c4ab762d95426702ce9d11c4b6f1|e821c1ed00b7620a738f3764d4c08e7c|063a7855bb7670c23af5ea068af668ab|265df541169c6c81a44c10d772c75106|1d9593d574fa29f7238f75bc8618b48d|361b61e7f843104b5f7e86d227c2b172|ccf0b76a8b387259a789a5858d3dc53a|ae8dcca7d3aa88b5f9091d86621eb4db|1bc54517e59b7008ee4bc89349ac7cd3|6a76978213c7db694602cd72000bcd12|6a76978213c7db694602cd72000bcd12|1e03c7edcb6868e33fb7c8bc9df16dfc|3dc5a73830d84fce23e48d2d74c2be1d|e0ce3eb36aed2a318b4f42c1c66cad04,malignant (130),inferred_from_filename_not_verified_identifier,train,False,train/malignant/malignant (130).png
bag-3a6947b41170,grp-3a6947b41170,benign,16,train/benign/benign (123)-rotated1-rotated1.png|train/benign/benign (123)-rotated1-rotated2.png|train/benign/benign (123)-rotated1-sharpened.png|train/benign/benign (123)-rotated1.jpg|train/benign/benign (123)-rotated1.png|train/benign/benign (123)-rotated2-rotated1.png|train/benign/benign (123)-rotated2-rotated2.png|train/benign/benign (123)-rotated2-sharpened.png|train/benign/benign (123)-rotated2.jpg|train/benign/benign (123)-rotated2.png|train/benign/benign (123)-sharpened-rotated1.png|train/benign/benign (123)-sharpened-rotated2.png|train/benign/benign (123)-sharpened-sharpened.png|train/benign/benign (123)-sharpened.jpg|train/benign/benign (123)-sharpened.png|train/benign/benign (123).png,1df6037ac52ae4fc939b94731348221f|b3b70b519048549bd07ff65a53ae9f0c|5f790aea66efa0fe0d841280738357cc|9c32cf1d5feeec2e3858bbdcd808e6c3|cfa447f07a3fe518c41032f2cab72eeb|051d559d3e1794bd8f7a00a35c7626cb|d830da74bb614c88b3f9d8c88cd6c43e|4cc4885bbc03d4d985e81e33cc04b865|31663d3e1930526457127698200d8adb|55b67fde949e371ea4c18c7644200cf9|2a59c5a360db83468326dcbf099030ff|fb2b9b96bc0296b63ca3499803f868e3|08c89a3f8e46623ae6743aa0a8a5ae1b|76c191ba1e284a296616413f3d9a980c|91e052a884c829d4e7baebb13cb60b11|250699084c3e5f4aaa3189e4a2060a00,benign (123),inferred_from_filename_not_verified_identifier,train,False,train/benign/benign (123).png
bag-3a88856355fb,grp-3a88856355fb,malignant,21,train/malignant/malignant (146)-rotated1-rotated1.png|train/malignant/malignant (146)-rotated1-rotated2.png|train/malignant/malignant (146)-rotated1-rotated32.png|train/malignant/malignant (146)-rotated1-sharpened.png|train/malignant/malignant (146)-rotated1.png|train/malignant/malignant (146)-rotated2-rotated1.png|train/malignant/malignant (146)-rotated2-rotated2.png|train/malignant/malignant (146)-rotated2-rotated32.png|train/malignant/malignant (146)-rotated2-sharpened.png|train/malignant/malignant (146)-rotated2.png|train/malignant/malignant (146)-rotated32-rotated1.png|train/malignant/malignant (146)-rotated32-rotated2.png|train/malignant/malignant (146)-rotated32-rotated32.png|train/malignant/malignant (146)-rotated32-sharpened.png|train/malignant/malignant (146)-rotated32.png|train/malignant/malignant (146)-sharpened-rotated1.png|train/malignant/malignant (146)-sharpened-rotated2.png|train/malignant/malignant (146)-sharpened-rotated32.png|train/malignant/malignant (146)-sharpened-sharpened.png|train/malignant/malignant (146)-sharpened.png|train/malignant/malignant (146).png,81894c421c094797e7fc7757bc4a61da|2aaf0b654761f06115ed01c3c6346dfe|3d47e80d80ade676c581063e90f10071|5756ebb237f5714ac19746406ee15b73|2bf35dafafeff6d5ed9a54003292fc9d|8590e642257cb934517577a0ce81291c|966d5fcb5322338475883dabc5041256|808b8dda4c19838e116cd883a8786ac8|34467915ba3aba9da1b91cbe4aee517a|5c068abbdd59065ed6b92126f58a5b9c|e611475b5c9ff5cf065f3397b0b74b48|af622a4b92cc3166377492fb26da5c86|326e3d482ff24ccd3968f93ca51b1884|0930dcff2ea13082de6e6d5a484853a7|2773c2d266d353d22c048d4a52f65184|34018470e1cb055c63bb0138be27039c|db716d8413bdc7a8e6a6d19261375520|76e4eafcc0f591cd8fff57af0d35a835|2829ef1aaa79c5bdf3bdd0f59e75ea29|1fab35462fc9417d1a337bda9edd5e0b|b2e295dcf8a81cb4a17188971e135b50,malignant (146),inferred_from_filename_not_verified_identifier,train,False,train/malignant/malignant (146).png
bag-3ce5a2450c38,grp-3ce5a2450c38,benign,16,train/benign/benign (81)-rotated1-rotated1.png|train/benign/benign (81)-rotated1-rotated2.png|train/benign/benign (81)-rotated1-sharpened.png|train/benign/benign (81)-rotated1.jpg|train/benign/benign (81)-rotated1.png|train/benign/benign (81)-rotated2-rotated1.png|train/benign/benign (81)-rotated2-rotated2.png|train/benign/benign (81)-rotated2-sharpened.png|train/benign/benign (81)-rotated2.jpg|train/benign/benign (81)-rotated2.png|train/benign/benign (81)-sharpened-rotated1.png|train/benign/benign (81)-sharpened-rotated2.png|train/benign/benign (81)-sharpened-sharpened.png|train/benign/benign (81)-sharpened.jpg|train/benign/benign (81)-sharpened.png|train/benign/benign (81).png,8e35ef6da1d44dc0163f5af570c24f8f|c123267f7ea51b21b8481d75c80fb7bd|e06e0684c69ec7104a1d2286ddc5b56d|cec5df7558153b0870e0d4de2c7c1721|a81ae74f84b655b397b98f349df688e5|cbf59479a8cbf945d60a63032dcfd0d5|b0b73220df5ddc837451977db9ed5d21|58c660ee913717c9462f29bcd413cb91|2c9b3382c2bd1f9ec4ddf7fee88db175|2c6d0074c30e92c5bed1da85f3402fe0|ea766a4b01412b21ff5b5f57fed444e6|7d0a39e4cabdd18397d52a8d00b2ed7d|d02f62b902dc652b960c5cf8b622603a|49197bd919621e32b54862fed84b9f03|e06e0684c69ec7104a1d2286ddc5b56d|dd9b2654b8c7abbfe69af81390e9ecf3,benign (81),inferred_from_filename_not_verified_identifier,train,False,train/benign/benign (81).png
bag-3dc230412a4e,grp-3dc230412a4e,benign,16,train/benign/benign (114)-rotated1-rotated1.png|train/benign/benign (114)-rotated1-rotated2.png|train/benign/benign (114)-rotated1-sharpened.png|train/benign/benign (114)-rotated1.jpg|train/benign/benign (114)-rotated1.png|train/benign/benign (114)-rotated2-rotated1.png|train/benign/benign (114)-rotated2-rotated2.png|train/benign/benign (114)-rotated2-sharpened.png|train/benign/benign (114)-rotated2.jpg|train/benign/benign (114)-rotated2.png|train/benign/benign (114)-sharpened-rotated1.png|train/benign/benign (114)-sharpened-rotated2.png|train/benign/benign (114)-sharpened-sharpened.png|train/benign/benign (114)-sharpened.jpg|train/benign/benign (114)-sharpened.png|train/benign/benign (114).png,c0ace1ecee336bebf01f54631c6da879|cd461c5b4e2bf3c6a123a4a00a4731dd|d18b60b5e2c6dca2dcb0b5d33dfd117b|d82609493ff3797663aa4126a2114fff|b1354603b87ca3a7fcbbb89113ddfd66|057073acd4b5cf3646311e1a82c1b2c1|de6c178c791affa7ba756f56f1bf0d1f|cc7585ddc3030dd2caf06ef261abfe94|b348a61e9653423b69326d60cb1cd6a7|8aba3cec4c27ffb5b009e66450400ad9|c97b5ed2bc4c07e2924e813ecb3a1c84|c4dbc7722f94fa4ae2e2c138779f0214|b163f2124b08312d732294f28bf98fb6|6eb63505c531656758dee403f338a328|dc511fc59c2ab5f62757c1b60f581882|d7ba569df99d2c6647341c2906614a9f,benign (114),inferred_from_filename_not_verified_identifier,train,False,train/benign/benign (114).png
bag-3e1dc14f4b19,grp-3e1dc14f4b19,benign,16,train/benign/benign (199)-rotated1-rotated1.png|train/benign/benign (199)-rotated1-rotated2.png|train/benign/benign (199)-rotated1-sharpened.png|train/benign/benign (199)-rotated1.jpg|train/benign/benign (199)-rotated1.png|train/benign/benign (199)-rotated2-rotated1.png|train/benign/benign (199)-rotated2-rotated2.png|train/benign/benign (199)-rotated2-sharpened.png|train/benign/benign (199)-rotated2.jpg|train/benign/benign (199)-rotated2.png|train/benign/benign (199)-sharpened-rotated1.png|train/benign/benign (199)-sharpened-rotated2.png|train/benign/benign (199)-sharpened-sharpened.png|train/benign/benign (199)-sharpened.jpg|train/benign/benign (199)-sharpened.png|train/benign/benign (199).png,b408e5c9ffc6573e82dec182fdf81bf2|0bb58d753e9e9b87617227982eabf119|1f5bf10168cb734a7f92599b0776ae03|33f70ac16dc05a0fedbd33d77e347fe6|5258d0a1e7a9b214c11a27f7d77b850b|fca22a50af212869a1904c2d1c7090a4|6ba8a20de19daf3547ca1ebf7edac06a|967326b55286b0d83cbaf8152c0c9c96|d4db3f1f3026673aa8c79c40d8545ebc|d30d88820b8c235f5b6607c1e4c9f160|7ed16e4bf93bbe47709c2ae55dbc6d5f|80885d88a20879657283f5f65bc11827|e88d4a7cef2d9b9189948a0482e4f2db|f0796933127c0e7105313099f0820ac7|464f9455a3ddb176674156ad9728292d|603487ac69c13bf9ac3fe0d7101729bb,benign (199),inferred_from_filename_not_verified_identifier,train,False,train/benign/benign (199).png
bag-3f55aeff67b1,grp-3f55aeff67b1,malignant,21,train/malignant/malignant (63)-rotated1-rotated1.png|train/malignant/malignant (63)-rotated1-rotated2.png|train/malignant/malignant (63)-rotated1-rotated32.png|train/malignant/malignant (63)-rotated1-sharpened.png|train/malignant/malignant (63)-rotated1.png|train/malignant/malignant (63)-rotated2-rotated1.png|train/malignant/malignant (63)-rotated2-rotated2.png|train/malignant/malignant (63)-rotated2-rotated32.png|train/malignant/malignant (63)-rotated2-sharpened.png|train/malignant/malignant (63)-rotated2.png|train/malignant/malignant (63)-rotated32-rotated1.png|train/malignant/malignant (63)-rotated32-rotated2.png|train/malignant/malignant (63)-rotated32-rotated32.png|train/malignant/malignant (63)-rotated32-sharpened.png|train/malignant/malignant (63)-rotated32.png|train/malignant/malignant (63)-sharpened-rotated1.png|train/malignant/malignant (63)-sharpened-rotated2.png|train/malignant/malignant (63)-sharpened-rotated32.png|train/malignant/malignant (63)-sharpened-sharpened.png|train/malignant/malignant (63)-sharpened.png|train/malignant/malignant (63).png,5bd2a992d852b311313247a7e1ebbf53|4c058f4daf2ea4c43467725cd631b696|b878f4c58fff9f65072b32c663a86446|b10cbe727388d29f9c220517d0dd16fb|10df57b8da770b66f180e514028b26a6|dd50c36076cf6590be7dc168c416e0e1|8a1b4c83a29a017b1b994b789e43d7a3|398b642ea9cb1145e4dceea779f8ab22|45258951b1acbdb283a845d15be7de17|9f83ddd7d09e6fe269015fcd291b9bb6|e232df900327869cf7a6d1fc696f4cad|744794a739c4fafd712558c5ee1e9801|bf5549be78382d4608304ff52a141819|5f59fac4720f1890f1d8c73da84e0110|ef64ef7ef527606bbc74d74dddd71c81|48dcc4e78ba3fc427fb184aabce05dcb|f51961bc40501e3bd192448923afa441|7d1690442e9e3faba77af2438e78bfdd|5e87a31499cb758bb549e60f624657a5|c94f03b252712856d101ee6971e1673a|e2717a9a37538119dc1100113a873893,malignant (63),inferred_from_filename_not_verified_identifier,train,False,train/malignant/malignant (63).png
bag-3f64cca94d89,grp-3f64cca94d89,malignant,21,train/malignant/malignant (27)-rotated1-rotated1.png|train/malignant/malignant (27)-rotated1-rotated2.png|train/malignant/malignant (27)-rotated1-rotated32.png|train/malignant/malignant (27)-rotated1-sharpened.png|train/malignant/malignant (27)-rotated1.png|train/malignant/malignant (27)-rotated2-rotated1.png|train/malignant/malignant (27)-rotated2-rotated2.png|train/malignant/malignant (27)-rotated2-rotated32.png|train/malignant/malignant (27)-rotated2-sharpened.png|train/malignant/malignant (27)-rotated2.png|train/malignant/malignant (27)-rotated32-rotated1.png|train/malignant/malignant (27)-rotated32-rotated2.png|train/malignant/malignant (27)-rotated32-rotated32.png|train/malignant/malignant (27)-rotated32-sharpened.png|train/malignant/malignant (27)-rotated32.png|train/malignant/malignant (27)-sharpened-rotated1.png|train/malignant/malignant (27)-sharpened-rotated2.png|train/malignant/malignant (27)-sharpened-rotated32.png|train/malignant/malignant (27)-sharpened-sharpened.png|train/malignant/malignant (27)-sharpened.png|train/malignant/malignant (27).png,1c7ddb69202caf54aaccb81ac9213d2d|8a8f0897ee7013b9e0b0cb7fd7d98e42|306efefadde9474911ab9ed0e0c75e44|aa6e4c5017e8f1e732802a5dbfd6d6b2|f01b89abba2e1f4390946083809e5eb5|59403ce1aea59da7e82e53936536099d|809da018358c90e911789cd02e498ba7|0d351b52b104306561463850bb4bf11a|291d4cf975add0ab0da1a420f113138f|488fe0c39845b52003ce50ea3b925c39|a37f00e8a52f6dd204509fc0fb8331a8|e5ad32e9d3aefb28c81c0e760e12fa14|b650b55f7d6499d29220e5cbe76536bd|e411d9eadfcf8d63d95060a685dc039b|1799a40839ffbb4ac3c2425873fda8b9|c49a145633c8a96f72707e804c5e3a29|493d7394b71a49a29543fe6852e9da2d|6837e2c52bdc99f2a6a53c187849f383|9c2d8119f4b9643029e6ece76e03763a|6ee0c105f045faed34da92d90bd27c8d|d99a95365486b30b6d30f65e7aa282b2,malignant (27),inferred_from_filename_not_verified_identifier,train,False,train/malignant/malignant (27).png
bag-3f9571d6c8f7,grp-3f9571d6c8f7,benign,16,train/benign/benign (88)-rotated1-rotated1.png|train/benign/benign (88)-rotated1-rotated2.png|train/benign/benign (88)-rotated1-sharpened.png|train/benign/benign (88)-rotated1.jpg|train/benign/benign (88)-rotated1.png|train/benign/benign (88)-rotated2-rotated1.png|train/benign/benign (88)-rotated2-rotated2.png|train/benign/benign (88)-rotated2-sharpened.png|train/benign/benign (88)-rotated2.jpg|train/benign/benign (88)-rotated2.png|train/benign/benign (88)-sharpened-rotated1.png|train/benign/benign (88)-sharpened-rotated2.png|train/benign/benign (88)-sharpened-sharpened.png|train/benign/benign (88)-sharpened.jpg|train/benign/benign (88)-sharpened.png|train/benign/benign (88).png,6a665ea29111339699897a1fd69b4b4b|729dba1f354827738cbe08ae9cc07661|fe8f145003c12bf2ec7b8c22048b2cb6|fc9da21ac9fca9c0fc9518f6f56e0f34|06e780fc330abcdb9a93582cd0d5a014|8b446b3e55cac12f32e4420dbf29d672|60b1a5047d5088b56bb253de01c4a898|17d28bd2b476043bef3b4ac7577e96c7|8d4c2b51506e946036d66166f0c05b37|c8e80d56f7c5ed582b213df4ee93186b|7c38264752ca1661b561b1992ce9e47a|674a6d9d479d420c4790f72b66a1cbf9|8fe0772337b58f9c3d2bb07855bd3185|1e1220bf4c235394cee015e9dba293e5|17d28bd2b476043bef3b4ac7577e96c7|69f27df298000886e9fb7bec60560ff6,benign (88),inferred_from_filename_not_verified_identifier,train,False,train/benign/benign (88).png
bag-3fbbe6237260,grp-3fbbe6237260,malignant,21,train/malignant/malignant (112)-rotated1-rotated1.png|train/malignant/malignant (112)-rotated1-rotated2.png|train/malignant/malignant (112)-rotated1-rotated32.png|train/malignant/malignant (112)-rotated1-sharpened.png|train/malignant/malignant (112)-rotated1.png|train/malignant/malignant (112)-rotated2-rotated1.png|train/malignant/malignant (112)-rotated2-rotated2.png|train/malignant/malignant (112)-rotated2-rotated32.png|train/malignant/malignant (112)-rotated2-sharpened.png|train/malignant/malignant (112)-rotated2.png|train/malignant/malignant (112)-rotated32-rotated1.png|train/malignant/malignant (112)-rotated32-rotated2.png|train/malignant/malignant (112)-rotated32-rotated32.png|train/malignant/malignant (112)-rotated32-sharpened.png|train/malignant/malignant (112)-rotated32.png|train/malignant/malignant (112)-sharpened-rotated1.png|train/malignant/malignant (112)-sharpened-rotated2.png|train/malignant/malignant (112)-sharpened-rotated32.png|train/malignant/malignant (112)-sharpened-sharpened.png|train/malignant/malignant (112)-sharpened.png|train/malignant/malignant (112).png,cd2e9884eb6a25711a09ca5fd95310d9|83a15e478b8bea70afecf438dcf1410e|b57871208bc69a47e92ff643caf137ba|a156f2bd269115f9bc00f3867c26d497|e55dd87098cab5e8e88a7df95a7d85e5|5ae21213c562f286d01da62590886c96|5cd010ffbeef2805a6564fddf5e666ab|42ecec2fdd4752e6f4c45334a1c091f2|f9f8a9d944e9c6ff7841744a87ffe8c8|9c69f6cfda8badadd77372b019dfd3dc|2539e3040a705d792a3c6459f6f48e50|f8eacd89edc7a7aa45a49d88173228eb|d113b470a9a2c13e6230291f7b9fa0d7|bada4baec833db02029647bd59020e80|d93fe0bf01051b77e69203fcb4fa3948|31f94c1baa1830afefa49e583b095f73|5aec7b3059492fdbeb932234edcbdc0d|497bdb3ca449575adfa3e01d0f320897|d7b18e1920fc9208f277b9d7f62b8423|2b8f31382e851986b04659561368d1b4|ead0a7bf1d8016152c599d859a619327,malignant (112),inferred_from_filename_not_verified_identifier,train,False,train/malignant/malignant (112).png
bag-4027c5a2cbba,grp-4027c5a2cbba,malignant,21,val/malignant/malignant (9)-rotated1-rotated1.png|val/malignant/malignant (9)-rotated1-rotated2.png|val/malignant/malignant (9)-rotated1-rotated32.png|val/malignant/malignant (9)-rotated1-sharpened.png|val/malignant/malignant (9)-rotated1.png|val/malignant/malignant (9)-rotated2-rotated1.png|val/malignant/malignant (9)-rotated2-rotated2.png|val/malignant/malignant (9)-rotated2-rotated32.png|val/malignant/malignant (9)-rotated2-sharpened.png|val/malignant/malignant (9)-rotated2.png|val/malignant/malignant (9)-rotated32-rotated1.png|val/malignant/malignant (9)-rotated32-rotated2.png|val/malignant/malignant (9)-rotated32-rotated32.png|val/malignant/malignant (9)-rotated32-sharpened.png|val/malignant/malignant (9)-rotated32.png|val/malignant/malignant (9)-sharpened-rotated1.png|val/malignant/malignant (9)-sharpened-rotated2.png|val/malignant/malignant (9)-sharpened-rotated32.png|val/malignant/malignant (9)-sharpened-sharpened.png|val/malignant/malignant (9)-sharpened.png|val/malignant/malignant (9).png,2d6d995e24b421fe2a7cd23e8c61df6d|9dccafdcf7a3ca9595e054800f6a18d5|eba1bd68d48814524a225efe6253b4e2|12c55bf198d01b1c7cd50426f8c312fa|abd90b5cc3ac55342685de745188fd90|e887de104403dd120e2979a7fd407fec|7601672793984cd904934d718bebdfbb|5d9725acc8419b3234aca3305532dd81|890fa3a44d8254990a6e024e5f2cf221|cbd59fd4e50a1dd2a8ec944315794ffa|b41ca231da09fced2747466f5223b638|b41ca231da09fced2747466f5223b638|10c02cbc5d30d4c30ee5de658357088b|223be143fd0f0d57b60b005e6bf88c32|c7201bb84e78fb36a9deb51ab0806c7b|0c682f0f451bb5fea12d7e40d6106fe7|01f050fbc88a2255242768ec0e653ba5|890fa3a44d8254990a6e024e5f2cf221|a1907ec385176440bde2fd5200b7ca57|890fa3a44d8254990a6e024e5f2cf221|f734864349c28f958de036040aa62f45,malignant (9),inferred_from_filename_not_verified_identifier,val,False,val/malignant/malignant (9).png
bag-40705ccafe4f,grp-40705ccafe4f,benign,16,train/benign/benign (80)-rotated1-rotated1.png|train/benign/benign (80)-rotated1-rotated2.png|train/benign/benign (80)-rotated1-sharpened.png|train/benign/benign (80)-rotated1.jpg|train/benign/benign (80)-rotated1.png|train/benign/benign (80)-rotated2-rotated1.png|train/benign/benign (80)-rotated2-rotated2.png|train/benign/benign (80)-rotated2-sharpened.png|train/benign/benign (80)-rotated2.jpg|train/benign/benign (80)-rotated2.png|train/benign/benign (80)-sharpened-rotated1.png|train/benign/benign (80)-sharpened-rotated2.png|train/benign/benign (80)-sharpened-sharpened.png|train/benign/benign (80)-sharpened.jpg|train/benign/benign (80)-sharpened.png|train/benign/benign (80).png,b70e345e1681e275b8c26f6c0d7eb7a3|e013d9fbaae941b10d9eaadb78cdd344|b8ec2e89f2ae36284a5021f87a515f7e|a0a74cfc62ba3cc2d3f77f635be5548d|d4ddd6fc30dbe0993e24bafa66a80e5c|645f85ca0ee8445ab8e8bae399efcded|5de21b19c97b3ec6c1ed68f8d89fd715|a6441119b2e33e10e03570d26f6ad6c1|b257ae4cad7180e7aba39dfa6845833c|3610ecda26ca5506f38083ea3d271f63|21f170512513961b043ac727cb762e19|c86a8eee42b569400eaef2ade8a425a4|07b9b72e2ef6e484e592c47f2fb7e3b1|620ab3568dc05ff5ba925fd11a17fcdd|c0b54d8e38623a727f801ea9e8d26ec7|1d7619b8bb42a5adb541f86cc3debd57,benign (80),inferred_from_filename_not_verified_identifier,train,False,train/benign/benign (80).png
bag-415c1a877f32,grp-415c1a877f32,benign,16,train/benign/benign (44)-rotated1-rotated1.png|train/benign/benign (44)-rotated1-rotated2.png|train/benign/benign (44)-rotated1-sharpened.png|train/benign/benign (44)-rotated1.jpg|train/benign/benign (44)-rotated1.png|train/benign/benign (44)-rotated2-rotated1.png|train/benign/benign (44)-rotated2-rotated2.png|train/benign/benign (44)-rotated2-sharpened.png|train/benign/benign (44)-rotated2.jpg|train/benign/benign (44)-rotated2.png|train/benign/benign (44)-sharpened-rotated1.png|train/benign/benign (44)-sharpened-rotated2.png|train/benign/benign (44)-sharpened-sharpened.png|train/benign/benign (44)-sharpened.jpg|train/benign/benign (44)-sharpened.png|train/benign/benign (44).png,5d1cb7faa1107c5973d6348f5b529805|f2ffe2c92a57320561905dce99a84b25|709fa8477582da49e0e4450207a4d540|9dd55eaba3ee54226f92da6411220fd2|710fc44625c0c373870679b7749d09ab|fe43e73361635ab734caeecef3046d95|15adf02f5df0211e189627d7dc564c1d|83140b6f1c2c7e54e192d03e72d86369|ced6b1f26c8d45e5a4e3c768a121fec5|d851905376d48225cc175e037a4eb5b4|4e111e9495f14ba31666005f1f9b96ff|4ec125382213948a45ca9a6045730193|4c7b68d57a251d11c975856908643719|7cc33efa18e8eba8fd79fb52918800a7|709fa8477582da49e0e4450207a4d540|280fd58a3552f483fbc2da0d2255bfe9,benign (44),inferred_from_filename_not_verified_identifier,train,False,train/benign/benign (44).png
bag-421e5a73bc3f,grp-421e5a73bc3f,benign,16,train/benign/benign (112)-rotated1-rotated1.png|train/benign/benign (112)-rotated1-rotated2.png|train/benign/benign (112)-rotated1-sharpened.png|train/benign/benign (112)-rotated1.jpg|train/benign/benign (112)-rotated1.png|train/benign/benign (112)-rotated2-rotated1.png|train/benign/benign (112)-rotated2-rotated2.png|train/benign/benign (112)-rotated2-sharpened.png|train/benign/benign (112)-rotated2.jpg|train/benign/benign (112)-rotated2.png|train/benign/benign (112)-sharpened-rotated1.png|train/benign/benign (112)-sharpened-rotated2.png|train/benign/benign (112)-sharpened-sharpened.png|train/benign/benign (112)-sharpened.jpg|train/benign/benign (112)-sharpened.png|train/benign/benign (112).png,d175e0182fd8ea7007400ab015da22c0|f90ce1f86f0ca944437c9e4d239de54a|dabd252a7c36aacab59780b9f2dd6d4a|3440bc527935b761885afd094106eeb7|ae83b402b8974703b2a8568960992c7f|bf228491d31afd970c93b5f10dad871e|2a585b35aee8b58a5ab1093efb8a685a|585f7b9c29eec5a57de3921bb9dbfd20|ff0b9f17027ac5ddc38ccf0b9a217a1b|5618877414c4e842eb4a978be60c9b38|9d4e9cd2a3dcb12ae97077fd5f6b0668|6bba21258239bdb581bc6a57f1f1e004|12bb2ed96c111aa440886e2e8ea323fd|e334c7c0be953abbe1a6402be8d6de0c|69f790a0f1911105b6781dee2b5447a7|4d1d87986907ce107759df7887fa6e96,benign (112),inferred_from_filename_not_verified_identifier,train,False,train/benign/benign (112).png
bag-422a2b5cdc20,grp-422a2b5cdc20,benign,16,train/benign/benign (254)-rotated1-rotated1.png|train/benign/benign (254)-rotated1-rotated2.png|train/benign/benign (254)-rotated1-sharpened.png|train/benign/benign (254)-rotated1.jpg|train/benign/benign (254)-rotated1.png|train/benign/benign (254)-rotated2-rotated1.png|train/benign/benign (254)-rotated2-rotated2.png|train/benign/benign (254)-rotated2-sharpened.png|train/benign/benign (254)-rotated2.jpg|train/benign/benign (254)-rotated2.png|train/benign/benign (254)-sharpened-rotated1.png|train/benign/benign (254)-sharpened-rotated2.png|train/benign/benign (254)-sharpened-sharpened.png|train/benign/benign (254)-sharpened.jpg|train/benign/benign (254)-sharpened.png|train/benign/benign (254).png,a43c16741c1fca0bde7712ba0fa83db1|bf4688ac7a1ad90669b67ea6c5dbd65a|0298f6fb82de54aaa376675f99038e55|020fa47d07b6c7cdd9fb475729edbc45|67421a030f72d3335292c1d63fa1497c|c75d52412046ec3dd57620a174f3e68d|3f87430caa2dccc0c63ae8ff30a4128f|64c471ab902c1de5dbb6d58160621ff2|cb4dd52c5291f63a12e693bc596b9257|48e9f36e50e440b1eba4de2532826214|53e2869a590dbc5a5f41b2d320c93edc|ba101372070736e2511c87d2a7611ba7|df2514a6f3e056efbe64b05734b4e07f|37856bb8135a8f4bc0d2020d4460c409|ba101372070736e2511c87d2a7611ba7|c0735a51ad820f7dc5664940d632875e,benign (254),inferred_from_filename_not_verified_identifier,train,False,train/benign/benign (254).png
bag-429008f7c007,grp-429008f7c007,benign,16,train/benign/benign (87)-rotated1-rotated1.png|train/benign/benign (87)-rotated1-rotated2.png|train/benign/benign (87)-rotated1-sharpened.png|train/benign/benign (87)-rotated1.jpg|train/benign/benign (87)-rotated1.png|train/benign/benign (87)-rotated2-rotated1.png|train/benign/benign (87)-rotated2-rotated2.png|train/benign/benign (87)-rotated2-sharpened.png|train/benign/benign (87)-rotated2.jpg|train/benign/benign (87)-rotated2.png|train/benign/benign (87)-sharpened-rotated1.png|train/benign/benign (87)-sharpened-rotated2.png|train/benign/benign (87)-sharpened-sharpened.png|train/benign/benign (87)-sharpened.jpg|train/benign/benign (87)-sharpened.png|train/benign/benign (87).png,717b71859e3b7f43d4047280c16dd464|717b71859e3b7f43d4047280c16dd464|1a4248fbbb6977dd51e7a2fb0d589b34|b4127f9a031e3184a8dffa6e2259c043|bf77545e82ed395db9f1589524cbc465|743bc1f5eff276daab0c7ac7b6f4bd2c|187920b1eb57223b919fcc371ba7c97e|3d1b6d080e467e82d7d998ed4e404de2|6f0a99169009e8cc64c5a2d7e7304438|725dce26598d28194d418adb154e535d|3339a9f79071e026a26d804ac60c0a9b|583f7d2fca3212923e42190c7d6cb00f|403afd0aa27d5c4dd1893d8f9c7aee9b|fc3400801fd83be5943667345f1197b9|3339a9f79071e026a26d804ac60c0a9b|863522db852e6e721505863b4c1126db,benign (87),inferred_from_filename_not_verified_identifier,train,False,train/benign/benign (87).png
bag-42b5d53be929,grp-42b5d53be929,malignant,21,train/malignant/malignant (210)-rotated1-rotated1.png|train/malignant/malignant (210)-rotated1-rotated2.png|train/malignant/malignant (210)-rotated1-rotated32.png|train/malignant/malignant (210)-rotated1-sharpened.png|train/malignant/malignant (210)-rotated1.png|train/malignant/malignant (210)-rotated2-rotated1.png|train/malignant/malignant (210)-rotated2-rotated2.png|train/malignant/malignant (210)-rotated2-rotated32.png|train/malignant/malignant (210)-rotated2-sharpened.png|train/malignant/malignant (210)-rotated2.png|train/malignant/malignant (210)-rotated32-rotated1.png|train/malignant/malignant (210)-rotated32-rotated2.png|train/malignant/malignant (210)-rotated32-rotated32.png|train/malignant/malignant (210)-rotated32-sharpened.png|train/malignant/malignant (210)-rotated32.png|train/malignant/malignant (210)-sharpened-rotated1.png|train/malignant/malignant (210)-sharpened-rotated2.png|train/malignant/malignant (210)-sharpened-rotated32.png|train/malignant/malignant (210)-sharpened-sharpened.png|train/malignant/malignant (210)-sharpened.png|train/malignant/malignant (210).png,ed24825642c2cc3adcba3de2908da53b|7b74f15fbb6b9a87cae5973bde276447|5c966063562baf3c84d96379ba67795f|bdb6ccbd58b750038392911785dd9014|541eb4635e06937d07299dcf10902087|9928e04d5da2be0f9bf4a5e7f5294992|ac99f4f778fe513ff74779600e62a025|75f1c177282de2cd8e757eea6fcfcc71|223be8f80f1ba1dcd13fff5abf5736b0|21aa94fd6281e369f8b96bad47ffdcde|11c1d67fabaea45c21095c0ae7bb6654|cd367e494de27cd779ef5a0f2053f824|27fe6e1e46baf1ed78c2dddba944ac25|42180d40adfe482fec8efd04ff338551|e8226d7f75739bc62792f8c075795129|9fca91e4a358aa429ac7d6b6248f39fb|0f943169528cb71583f2845521430057|34c2939b7034a9c9d42e201388b55082|3f81e7d59910a0cec1b89998024c8624|9fca91e4a358aa429ac7d6b6248f39fb|8c565296f342ce19a7d957d8a1726f09,malignant (210),inferred_from_filename_not_verified_identifier,train,False,train/malignant/malignant (210).png
bag-42fd466fdd75,grp-42fd466fdd75,benign,16,train/benign/benign (289)-rotated1-rotated1.png|train/benign/benign (289)-rotated1-rotated2.png|train/benign/benign (289)-rotated1-sharpened.png|train/benign/benign (289)-rotated1.jpg|train/benign/benign (289)-rotated1.png|train/benign/benign (289)-rotated2-rotated1.png|train/benign/benign (289)-rotated2-rotated2.png|train/benign/benign (289)-rotated2-sharpened.png|train/benign/benign (289)-rotated2.jpg|train/benign/benign (289)-rotated2.png|train/benign/benign (289)-sharpened-rotated1.png|train/benign/benign (289)-sharpened-rotated2.png|train/benign/benign (289)-sharpened-sharpened.png|train/benign/benign (289)-sharpened.jpg|train/benign/benign (289)-sharpened.png|train/benign/benign (289).png,5a14814f34254188d8d075b12fa1a4bc|cfaaae1b661c7e347a7ebe9028c07e7f|fd87041797baacc4ddede81b1dc36a70|c7163149c81ac586bb56978cb36f7c68|a73795da58f265ea391fc7626cb05002|f0bfae319114d3a3d126ea02510774e4|365203b15404c3bb9d9fea1630138755|324e6e2becfffb4cff1050ad32259400|0782f704b645687dc181a3583a014483|1005e117ec2064fe9186261bfd92b677|4144538385e9bfdd56a8175b9815c119|62151e9001fe5f7f0299345f048d3384|7de23c6d4363e9eebb7f7da75055a2dd|968e53a99526e763638df4aa3b52336f|47757c2c974dc0d16c561076c0ba3804|8c5738e0d80b754867c69e00d8858d9e,benign (289),inferred_from_filename_not_verified_identifier,train,False,train/benign/benign (289).png
bag-4329e02e0ae0,grp-4329e02e0ae0,malignant,21,train/malignant/malignant (34)-rotated1-rotated1.png|train/malignant/malignant (34)-rotated1-rotated2.png|train/malignant/malignant (34)-rotated1-rotated32.png|train/malignant/malignant (34)-rotated1-sharpened.png|train/malignant/malignant (34)-rotated1.png|train/malignant/malignant (34)-rotated2-rotated1.png|train/malignant/malignant (34)-rotated2-rotated2.png|train/malignant/malignant (34)-rotated2-rotated32.png|train/malignant/malignant (34)-rotated2-sharpened.png|train/malignant/malignant (34)-rotated2.png|train/malignant/malignant (34)-rotated32-rotated1.png|train/malignant/malignant (34)-rotated32-rotated2.png|train/malignant/malignant (34)-rotated32-rotated32.png|train/malignant/malignant (34)-rotated32-sharpened.png|train/malignant/malignant (34)-rotated32.png|train/malignant/malignant (34)-sharpened-rotated1.png|train/malignant/malignant (34)-sharpened-rotated2.png|train/malignant/malignant (34)-sharpened-rotated32.png|train/malignant/malignant (34)-sharpened-sharpened.png|train/malignant/malignant (34)-sharpened.png|train/malignant/malignant (34).png,49b76b66f75dcb06aee3e275c20cfdb5|d3db892f998a6faa12a22925a9707b61|8e38efa8d9958e9b3bcb2fe93f65ba92|b565d992be3ba08cde6e0a6711594dfa|a35090842fa90f1bc4fe947ce4f2a83f|5d6886ffd2edf1385051fc68908cdc16|3938ffea1aafbdb65f2f8ef067c70588|6ee52c72c7d55232d48271a51597dd1c|1af3ce826e4772c16f2d10bf3c216ba3|7bcea7a52fb4d1f0facbd4445174fbff|e0cb6c23fdf18293e006f135d2adbe92|bfe0fbb0efd0a3298617295205274fcc|99f2656c830e219f2ea64d41641227b0|b1f1cad74bf18f4c720f208af8cb0e9a|7feaa9c4f3636e26cc95c92a552f9ab8|01bdc50ec7e8b8fe6f373d366bdfb9de|f16a229617f1637f46ed0990aa6a141d|87cf9206fe76b5b02cc4d28ce67806d7|67f6f4478151878eb078205c6f67de59|e53ec80610475b0af00e402b366f048c|b0973d53f530e84840e467640473fc17,malignant (34),inferred_from_filename_not_verified_identifier,train,False,train/malignant/malignant (34).png
bag-439703c5f2f7,grp-439703c5f2f7,malignant,21,train/malignant/malignant (101)-rotated1-rotated1.png|train/malignant/malignant (101)-rotated1-rotated2.png|train/malignant/malignant (101)-rotated1-rotated32.png|train/malignant/malignant (101)-rotated1-sharpened.png|train/malignant/malignant (101)-rotated1.png|train/malignant/malignant (101)-rotated2-rotated1.png|train/malignant/malignant (101)-rotated2-rotated2.png|train/malignant/malignant (101)-rotated2-rotated32.png|train/malignant/malignant (101)-rotated2-sharpened.png|train/malignant/malignant (101)-rotated2.png|train/malignant/malignant (101)-rotated32-rotated1.png|train/malignant/malignant (101)-rotated32-rotated2.png|train/malignant/malignant (101)-rotated32-rotated32.png|train/malignant/malignant (101)-rotated32-sharpened.png|train/malignant/malignant (101)-rotated32.png|train/malignant/malignant (101)-sharpened-rotated1.png|train/malignant/malignant (101)-sharpened-rotated2.png|train/malignant/malignant (101)-sharpened-rotated32.png|train/malignant/malignant (101)-sharpened-sharpened.png|train/malignant/malignant (101)-sharpened.png|train/malignant/malignant (101).png,7019025b32ef74952bffde924023443d|ba9fe631157b329b6fca8ef6d972e8ce|dddc7153e4e280b3b900c85e8807075e|958b51a50ed0e5640e2018b4e0ec44e3|ef002e55de03c8faed9ff31eef7978a8|87e2c8aa8270f53d898ef240017d877c|13568b4c3afbaae193cc353b8ee8205c|85061e6a939ac662943d2a04d366bb00|a8f006050007fcdbe8fcbb93b5977d1d|eae0aace561495c8ee9a3724827ecc0a|166601c020304867c5fbce90d91872b1|3f0fc1755bc34cbeafa8f0aeb0a97b27|794e71a0ce713136f04745ea9a313cdc|c88b504d5b22856c75487e9761e5dc71|226d247e74d05b4446905658a2fcd51e|833879a99a5dc0193cc8090c86b28553|72860e9ac0703b2756df86f8c1b4e400|5a81940fe42ee7a7064bcae0c4124d6c|4aebbeca1b0ba85ba1b673fa9154ba97|474cb2401f87d16de05dd6184978b197|fa6c4a1192c581af98f16e02a07f7e53,malignant (101),inferred_from_filename_not_verified_identifier,train,False,train/malignant/malignant (101).png
bag-43ac86d206c4,grp-43ac86d206c4,malignant,21,val/malignant/malignant (6)-rotated1-rotated1.png|val/malignant/malignant (6)-rotated1-rotated2.png|val/malignant/malignant (6)-rotated1-rotated32.png|val/malignant/malignant (6)-rotated1-sharpened.png|val/malignant/malignant (6)-rotated1.png|val/malignant/malignant (6)-rotated2-rotated1.png|val/malignant/malignant (6)-rotated2-rotated2.png|val/malignant/malignant (6)-rotated2-rotated32.png|val/malignant/malignant (6)-rotated2-sharpened.png|val/malignant/malignant (6)-rotated2.png|val/malignant/malignant (6)-rotated32-rotated1.png|val/malignant/malignant (6)-rotated32-rotated2.png|val/malignant/malignant (6)-rotated32-rotated32.png|val/malignant/malignant (6)-rotated32-sharpened.png|val/malignant/malignant (6)-rotated32.png|val/malignant/malignant (6)-sharpened-rotated1.png|val/malignant/malignant (6)-sharpened-rotated2.png|val/malignant/malignant (6)-sharpened-rotated32.png|val/malignant/malignant (6)-sharpened-sharpened.png|val/malignant/malignant (6)-sharpened.png|val/malignant/malignant (6).png,47f95789849cd9bfca360155ce92f2a3|9ee6f8c8150699aef880aab1dfb5d458|4216f1519596b126b7f666f53a9f8916|4278eba95ae057fc744a93705691b072|5ebad1a9603b7a13091a590e9cdf5c86|97553b2369c7954556ef6ed92bb4a71e|85adb063d383ad325f880f98ebd32b5e|f4c03f3f4e59b323ffdefaae7bfb99e6|dec0b08a3b4def5d42e1a26a7e96e0b9|543285f4ada04f4bb00d7bcc470ab446|232a210da30f327ff048e959b89fb0cf|ba0b74ad32ef828e3f1390eaaa1e8014|00b577376479cb4e3dde99cfbe75a054|7625f5c1b85ecee0cee7b223262a33f2|d306682357ee73b0919bbbf2f7c56a17|c433b95ae00e73a1e1dc139c620b806c|9adfa381b3ff35b9e60f768cb507f92c|4e9e501037e313333107cfea0fa8e458|5ede482204e1c3495e536f355e2f5eaf|cbbc1e7071495f6b5168cb62e111d322|e307f8303d70327fd607af713e4f4a57,malignant (6),inferred_from_filename_not_verified_identifier,val,False,val/malignant/malignant (6).png
bag-43ef9268787f,grp-43ef9268787f,malignant,21,train/malignant/malignant (96)-rotated1-rotated1.png|train/malignant/malignant (96)-rotated1-rotated2.png|train/malignant/malignant (96)-rotated1-rotated32.png|train/malignant/malignant (96)-rotated1-sharpened.png|train/malignant/malignant (96)-rotated1.png|train/malignant/malignant (96)-rotated2-rotated1.png|train/malignant/malignant (96)-rotated2-rotated2.png|train/malignant/malignant (96)-rotated2-rotated32.png|train/malignant/malignant (96)-rotated2-sharpened.png|train/malignant/malignant (96)-rotated2.png|train/malignant/malignant (96)-rotated32-rotated1.png|train/malignant/malignant (96)-rotated32-rotated2.png|train/malignant/malignant (96)-rotated32-rotated32.png|train/malignant/malignant (96)-rotated32-sharpened.png|train/malignant/malignant (96)-rotated32.png|train/malignant/malignant (96)-sharpened-rotated1.png|train/malignant/malignant (96)-sharpened-rotated2.png|train/malignant/malignant (96)-sharpened-rotated32.png|train/malignant/malignant (96)-sharpened-sharpened.png|train/malignant/malignant (96)-sharpened.png|train/malignant/malignant (96).png,fd4232c3ca64ecf9e715ba0389430778|b73502f8f8dd46c65e03e9b6c3e8eb8a|183a436c9635e6ed8ce02d94e0608b89|e8c9f04537b374e856c883b0b7bac2d0|0d3e4cb42f7a7119ee78c3091074f43c|90139125564ea277216002011abf4667|17913f8904c83fc605b3230686c7e9ad|3a57db2ee81493991fe5754dbc19bf95|ad4fcc9acf7275d551d0b2440c2aa4a9|ea35a95a2da588a898ff516cc7e3c77a|4ccdb7aafc23c9f0fdd4c0488f5594cf|a5ef8f5b75795a286b4b6aa1d8bd70f7|78a4573474fcdf96cd2e01e68a4bad32|e8c9f04537b374e856c883b0b7bac2d0|89e201c39b167c6d4e3665947c3d24f0|c1c7578fe756f9347b7ed8071a9dc0e4|b6599e78b31e7c7fdd6e6c6265eb62b2|f62689eb8419795300fe335b1b3bdd3b|0f6fec504b8416e0628500ef9013ef06|2e70c13c3c123c3b6d5a179e9e34a2ec|6664cf00e4021a22a97bb3f59ea82fd5,malignant (96),inferred_from_filename_not_verified_identifier,train,False,train/malignant/malignant (96).png
bag-44351e2f9073,grp-44351e2f9073,malignant,21,train/malignant/malignant (54)-rotated1-rotated1.png|train/malignant/malignant (54)-rotated1-rotated2.png|train/malignant/malignant (54)-rotated1-rotated32.png|train/malignant/malignant (54)-rotated1-sharpened.png|train/malignant/malignant (54)-rotated1.png|train/malignant/malignant (54)-rotated2-rotated1.png|train/malignant/malignant (54)-rotated2-rotated2.png|train/malignant/malignant (54)-rotated2-rotated32.png|train/malignant/malignant (54)-rotated2-sharpened.png|train/malignant/malignant (54)-rotated2.png|train/malignant/malignant (54)-rotated32-rotated1.png|train/malignant/malignant (54)-rotated32-rotated2.png|train/malignant/malignant (54)-rotated32-rotated32.png|train/malignant/malignant (54)-rotated32-sharpened.png|train/malignant/malignant (54)-rotated32.png|train/malignant/malignant (54)-sharpened-rotated1.png|train/malignant/malignant (54)-sharpened-rotated2.png|train/malignant/malignant (54)-sharpened-rotated32.png|train/malignant/malignant (54)-sharpened-sharpened.png|train/malignant/malignant (54)-sharpened.png|train/malignant/malignant (54).png,9b6ff28260418f7df64874d1e28fda34|59775a6365f6b153efcda87af204c6e3|088839a25e86732821f5b9ebe6c4012e|01ac538b6c2856994dcec6f27939301f|c161dd2eb6e7012de58bd94f5857f46d|f146781761f970c5873273cf1955d523|fe8277b3de94ade8bdb58d25bd04ec03|74db700d16495cd6ffaf6e14fdbd7849|a7a3bc32dfbe33e3679c619c791c7d8b|93e0f845300ecbd3c18e14526a3840c3|78bc48d55fbc986997348b68641f5921|f02902b34ef6dd85fee07b2acf3087a5|862125ff93d2e1a6c981b4892233ca27|17e7386d470fc681aae74ff27399d8bc|dcfe6cd19e518e521f18a12945bfe983|207eb78861df383776f85929182616d0|2fce7520b294b5debf03b99dba248fbd|d25de3600310332f558e8dd38274288e|cffad9d803c205c62419b7c71e365165|e3b76302eb64507727192672a015459c|d31c3211f80e059e491fb8379371b4ac,malignant (54),inferred_from_filename_not_verified_identifier,train,False,train/malignant/malignant (54).png
bag-45743885718c,grp-45743885718c,benign,16,train/benign/benign (203)-rotated1-rotated1.png|train/benign/benign (203)-rotated1-rotated2.png|train/benign/benign (203)-rotated1-sharpened.png|train/benign/benign (203)-rotated1.jpg|train/benign/benign (203)-rotated1.png|train/benign/benign (203)-rotated2-rotated1.png|train/benign/benign (203)-rotated2-rotated2.png|train/benign/benign (203)-rotated2-sharpened.png|train/benign/benign (203)-rotated2.jpg|train/benign/benign (203)-rotated2.png|train/benign/benign (203)-sharpened-rotated1.png|train/benign/benign (203)-sharpened-rotated2.png|train/benign/benign (203)-sharpened-sharpened.png|train/benign/benign (203)-sharpened.jpg|train/benign/benign (203)-sharpened.png|train/benign/benign (203).png,b5c0088d59c80261c24009c3cc58c584|b74fdbafa6501cbfe07a7bbe4d482290|6429b4a154609d899419ad77b98c3ec0|629c19613b473f63de094ef34ba054ad|ec19b08b8cc1267135e9ffc8d8e4c624|c7b775eb91f110c2903c0ab2853c57ea|7d75c7fc7137df850fede9a6dcdc510c|6659055794224f3046569521f954cac7|4a9558de82f95cf70bc45d40b7d7185e|98e677ec71870fc22c8c313037e6567f|ba2548e47ddbc6b6802cfce51df0e648|9c768422594d80b81f67fe48a819f8a2|5b35b200f6ec7ea1a6e7876b4378f07e|b00df3dcfc3cc11843b22738fe00c633|74b4d80fce8a2036396122bb89a1c149|7d9635f54a322b54d2c46dc70a88d24b,benign (203),inferred_from_filename_not_verified_identifier,train,False,train/benign/benign (203).png
bag-462fa2c009dd,grp-462fa2c009dd,benign,16,train/benign/benign (79)-rotated1-rotated1.png|train/benign/benign (79)-rotated1-rotated2.png|train/benign/benign (79)-rotated1-sharpened.png|train/benign/benign (79)-rotated1.jpg|train/benign/benign (79)-rotated1.png|train/benign/benign (79)-rotated2-rotated1.png|train/benign/benign (79)-rotated2-rotated2.png|train/benign/benign (79)-rotated2-sharpened.png|train/benign/benign (79)-rotated2.jpg|train/benign/benign (79)-rotated2.png|train/benign/benign (79)-sharpened-rotated1.png|train/benign/benign (79)-sharpened-rotated2.png|train/benign/benign (79)-sharpened-sharpened.png|train/benign/benign (79)-sharpened.jpg|train/benign/benign (79)-sharpened.png|train/benign/benign (79).png,d94105daf3f921b7d263db4409738d1a|2b5a591c3a2031e0b9a45ab3adbbfdd7|d2cc33a5b0019040e11184557644473d|d351755efc624b24f2a28d918a55013e|49529146bbbedde554e705fb46ebff93|49529146bbbedde554e705fb46ebff93|4f46154a94e71a800ff8e801635ed5a2|bdf39449bfd4e7c317fa6125f003a0dd|3255f7a75170235cdaa5956077cf213c|f9953e3ec3b886f9b1b963138e679d87|bde5bce84b89edf01583cf1dfa203357|c3d009e7de5dd602e1feaad712ddc537|5ec2d22e36c9f29e0300cc8cf409c58c|2bd59e8f3ce4026bcc2002485fa1aaa0|ad1501bc038840a63ab6e0c2959debf1|3bfcf47d356e6bc2fe370b12187bded4,benign (79),inferred_from_filename_not_verified_identifier,train,False,train/benign/benign (79).png
bag-46a28e47cd80,grp-46a28e47cd80,malignant,21,train/malignant/malignant (64)-rotated1-rotated1.png|train/malignant/malignant (64)-rotated1-rotated2.png|train/malignant/malignant (64)-rotated1-rotated32.png|train/malignant/malignant (64)-rotated1-sharpened.png|train/malignant/malignant (64)-rotated1.png|train/malignant/malignant (64)-rotated2-rotated1.png|train/malignant/malignant (64)-rotated2-rotated2.png|train/malignant/malignant (64)-rotated2-rotated32.png|train/malignant/malignant (64)-rotated2-sharpened.png|train/malignant/malignant (64)-rotated2.png|train/malignant/malignant (64)-rotated32-rotated1.png|train/malignant/malignant (64)-rotated32-rotated2.png|train/malignant/malignant (64)-rotated32-rotated32.png|train/malignant/malignant (64)-rotated32-sharpened.png|train/malignant/malignant (64)-rotated32.png|train/malignant/malignant (64)-sharpened-rotated1.png|train/malignant/malignant (64)-sharpened-rotated2.png|train/malignant/malignant (64)-sharpened-rotated32.png|train/malignant/malignant (64)-sharpened-sharpened.png|train/malignant/malignant (64)-sharpened.png|train/malignant/malignant (64).png,da1f4ccd1eb648f073517b31e57166e4|ee1d9e38bc168eb507d6bca9edf2af51|2a50928e07fc9c959063922e459867a0|5ce0607a939845a9f3cc7c85c2ffa1a1|3cc33441174bd7c7ff5f9bbce127dbb5|bc8de2ff42edf7e48ecb216dd421f02e|fb9b29debd8b30b61e7a067be6096573|1565a4d2bc1747ac19c2e98261b74873|04d890668532a7e76d8041f30a136b08|2d01cd6979d0ff7635f3063c72ad3f1b|afd156a3f70445bfe8d56802eb6436e7|2ec9e1a753a9a3dacd5d6565789b161e|919c0863a06517af3c6d15a6c8982832|386d619a4472d5ae35a291555172c677|2d01cd6979d0ff7635f3063c72ad3f1b|801e5ff8f339fc8879f9331bdfcf3205|de27b9771625cb1bad54f8b9fb886be2|1d2a1555a3255e8a4edc5574c44c2a7d|507bfaff7ba7be5c978b6f6df2d3e293|72c1adc5c1de80f0d5c7a52e5ac9cb8b|d2664029d5fa9e6f58eafac69f3998ec,malignant (64),inferred_from_filename_not_verified_identifier,train,False,train/malignant/malignant (64).png
bag-47aa0926753d,grp-47aa0926753d,benign,16,train/benign/benign (189)-rotated1-rotated1.png|train/benign/benign (189)-rotated1-rotated2.png|train/benign/benign (189)-rotated1-sharpened.png|train/benign/benign (189)-rotated1.jpg|train/benign/benign (189)-rotated1.png|train/benign/benign (189)-rotated2-rotated1.png|train/benign/benign (189)-rotated2-rotated2.png|train/benign/benign (189)-rotated2-sharpened.png|train/benign/benign (189)-rotated2.jpg|train/benign/benign (189)-rotated2.png|train/benign/benign (189)-sharpened-rotated1.png|train/benign/benign (189)-sharpened-rotated2.png|train/benign/benign (189)-sharpened-sharpened.png|train/benign/benign (189)-sharpened.jpg|train/benign/benign (189)-sharpened.png|train/benign/benign (189).png,3fcfb8dd4ecee1cd660dc4b664301550|079842f83d2ffada22da2e1c9b612d59|616b68320c075a30e1551b1a4007ce02|d91d41c393839769e8be4fb046708e81|651f49aebd8eb40cccb674c541fc0b6c|144906f6824ad4c3930934456bce97f5|4c11b96426a53ad79a1163bed1799ae2|77df18cbe99e4a746c88b1794c1579a5|cac636bcc00382eaa7a0528c4c65e099|a64b4284eab4645f782e0a6a25b20139|94ef067abb68dff37f5261e266bf63ed|a15181a9e4b413012971d69b6353d730|fe0062ee79ec9eb8ad4f95632f552aa3|57e0b4f87a1bad456d6f61b15969c086|94ef067abb68dff37f5261e266bf63ed|eafa369c99f42a654f0cbc20289ee5dd,benign (189),inferred_from_filename_not_verified_identifier,train,False,train/benign/benign (189).png
bag-47cda101dff1,grp-47cda101dff1,benign,16,train/benign/benign (267)-rotated1-rotated1.png|train/benign/benign (267)-rotated1-rotated2.png|train/benign/benign (267)-rotated1-sharpened.png|train/benign/benign (267)-rotated1.jpg|train/benign/benign (267)-rotated1.png|train/benign/benign (267)-rotated2-rotated1.png|train/benign/benign (267)-rotated2-rotated2.png|train/benign/benign (267)-rotated2-sharpened.png|train/benign/benign (267)-rotated2.jpg|train/benign/benign (267)-rotated2.png|train/benign/benign (267)-sharpened-rotated1.png|train/benign/benign (267)-sharpened-rotated2.png|train/benign/benign (267)-sharpened-sharpened.png|train/benign/benign (267)-sharpened.jpg|train/benign/benign (267)-sharpened.png|train/benign/benign (267).png,e72546b28d571afa298dfad17e074504|9ed9a6a6f942ec93602009b8a9020612|c108564f00c6b170aac16be257b80433|cc9189bbd6f339e3aa856b8c5f7f72a6|ba84e370ec44e2fb8df89b4e303f3776|ceb1583277712f219d9000de9ec59e86|c41bf0f68f906a6b90fb7e3a628055ab|07d4c1eeef7693f36d250503dcd39856|650c73be132d37673990f94339272e98|b86f89a78ba410019d20e6f6188374e8|dbb75a9349ae4b43becf31de0ec42b62|9ff59bae9121ed10133433e0df046855|c747bcb03b449c7ae7ce2aec3752e063|ead9b00f846c65474768352c07c09809|d6f88f18d4903cc09db01c31d451d68b|31faf9ad1422357bbf34a0188af91ebc,benign (267),inferred_from_filename_not_verified_identifier,train,False,train/benign/benign (267).png
bag-47ddbdc1b1a8,grp-47ddbdc1b1a8,benign,16,train/benign/benign (133)-rotated1-rotated1.png|train/benign/benign (133)-rotated1-rotated2.png|train/benign/benign (133)-rotated1-sharpened.png|train/benign/benign (133)-rotated1.jpg|train/benign/benign (133)-rotated1.png|train/benign/benign (133)-rotated2-rotated1.png|train/benign/benign (133)-rotated2-rotated2.png|train/benign/benign (133)-rotated2-sharpened.png|train/benign/benign (133)-rotated2.jpg|train/benign/benign (133)-rotated2.png|train/benign/benign (133)-sharpened-rotated1.png|train/benign/benign (133)-sharpened-rotated2.png|train/benign/benign (133)-sharpened-sharpened.png|train/benign/benign (133)-sharpened.jpg|train/benign/benign (133)-sharpened.png|train/benign/benign (133).png,ede56b26d520c5a35bc8e7bdf0b48715|fd2f7da62f18f0ef86ee5f17555f21b0|144b60129a1582826e60e4502776118f|2bd211c44c5c33cf7f5ce06e5fe39dbd|3179a76608fb74ab3d794666e2d85e15|ce17b974394ea4fd980b9e4a3c8c27e5|e15e31a80788b5b8762856e98563c26f|891b7396bf1a235195ea43e8913581ec|49cb4252cf31ac75e8658acc4356c80f|68dddccc367705195ddaf2cc90da690c|4c4f74bf39e746d4773fea4a70b58806|c1a9f4b0e30a34bb54a5ac7985982905|c8184c51c400070a4e331dbfecaf49a3|5bfc20a5ef15779053c3c9dfe0b9b482|0fa64d7ec67a019853a9ce7957fa2ff4|f9959dc1c734b434999bbafa2fb6d4e1,benign (133),inferred_from_filename_not_verified_identifier,train,False,train/benign/benign (133).png
bag-484ae08a1107,grp-484ae08a1107,benign,16,train/benign/benign (109)-rotated1-rotated1.png|train/benign/benign (109)-rotated1-rotated2.png|train/benign/benign (109)-rotated1-sharpened.png|train/benign/benign (109)-rotated1.jpg|train/benign/benign (109)-rotated1.png|train/benign/benign (109)-rotated2-rotated1.png|train/benign/benign (109)-rotated2-rotated2.png|train/benign/benign (109)-rotated2-sharpened.png|train/benign/benign (109)-rotated2.jpg|train/benign/benign (109)-rotated2.png|train/benign/benign (109)-sharpened-rotated1.png|train/benign/benign (109)-sharpened-rotated2.png|train/benign/benign (109)-sharpened-sharpened.png|train/benign/benign (109)-sharpened.jpg|train/benign/benign (109)-sharpened.png|train/benign/benign (109).png,48b75b2f3ed9eb5ef95d214f24c06210|471cc47a341740d2cac6df17bc90535d|ff1cee1815a3200f0946ee5738dcce4e|2af40ffb381947da85ceeabb98d5f87f|5448bf062a4a50cba3bdcc46e9a11f1d|ca13ef34055cd69e99bf7d05377b0dda|dfa8289c272bc6e97f9c390601e01db8|86ee3f41662f699dc80c78bb88ddba36|86703c4474cd337e67ff0144cda6d614|2ac988830dfa197ecc94ac1df53b71f9|928bc4c6b955adb3c71dccf4fbb70e97|d09787fbbb931dc14c9a5dfdc4306526|e18607fcdef0f4436bae9a0bc6659408|d2e4c231d2af90cd852036eb28c149c4|5be71d4a590ccae782522fc2c781ce9a|89f0ff5f865c8854ed8f8c34503a0f8b,benign (109),inferred_from_filename_not_verified_identifier,train,False,train/benign/benign (109).png
bag-486399ee3f8e,grp-486399ee3f8e,malignant,21,train/malignant/malignant (203)-rotated1-rotated1.png|train/malignant/malignant (203)-rotated1-rotated2.png|train/malignant/malignant (203)-rotated1-rotated32.png|train/malignant/malignant (203)-rotated1-sharpened.png|train/malignant/malignant (203)-rotated1.png|train/malignant/malignant (203)-rotated2-rotated1.png|train/malignant/malignant (203)-rotated2-rotated2.png|train/malignant/malignant (203)-rotated2-rotated32.png|train/malignant/malignant (203)-rotated2-sharpened.png|train/malignant/malignant (203)-rotated2.png|train/malignant/malignant (203)-rotated32-rotated1.png|train/malignant/malignant (203)-rotated32-rotated2.png|train/malignant/malignant (203)-rotated32-rotated32.png|train/malignant/malignant (203)-rotated32-sharpened.png|train/malignant/malignant (203)-rotated32.png|train/malignant/malignant (203)-sharpened-rotated1.png|train/malignant/malignant (203)-sharpened-rotated2.png|train/malignant/malignant (203)-sharpened-rotated32.png|train/malignant/malignant (203)-sharpened-sharpened.png|train/malignant/malignant (203)-sharpened.png|train/malignant/malignant (203).png,f71cb612dd09e74bbd210d3b88f911e2|c058f0ee0881bf5f7fb453b14b9aa963|223a4975091a21421941711cfa034136|0139fb52c35ff7451c5066ceaa8eecf0|3a76dc959abb25689b84fa852dbd6f08|d4e9678719deabd134612f5c61da5e5f|f48a555b7a655e9f4ecad672e2794336|62e62d0459f00663cc69d6bed15bd96e|f94ea7b5c9900ab1c38914dca28e8755|11b19fca7cef77df0730d096ff5b7b05|a6cd170159a44315b4cc436e102f0348|f190304fbb78126112bbc19c7d99f230|95d43f10e7e4efd07d68d309d3bdee3c|1b5f0828e5b53032d7f96b898aaf7e8d|f8f628f40c0ab1950dc3ed8e4a2c0802|cbdf867ef4257ceb837302cc0c90395b|114eb64ac03a2ef91b7d28d14b1642f7|cd87adc685f0e0ab813e08074d897169|0d406c4fd01143020df275c80d500141|51e54fca53be6bf152acb3025cdcbca4|eb13b1d268b42a05eb0e4ea46a5d1494,malignant (203),inferred_from_filename_not_verified_identifier,train,False,train/malignant/malignant (203).png
bag-4865b72cd26e,grp-4865b72cd26e,benign,16,train/benign/benign (231)-rotated1-rotated1.png|train/benign/benign (231)-rotated1-rotated2.png|train/benign/benign (231)-rotated1-sharpened.png|train/benign/benign (231)-rotated1.jpg|train/benign/benign (231)-rotated1.png|train/benign/benign (231)-rotated2-rotated1.png|train/benign/benign (231)-rotated2-rotated2.png|train/benign/benign (231)-rotated2-sharpened.png|train/benign/benign (231)-rotated2.jpg|train/benign/benign (231)-rotated2.png|train/benign/benign (231)-sharpened-rotated1.png|train/benign/benign (231)-sharpened-rotated2.png|train/benign/benign (231)-sharpened-sharpened.png|train/benign/benign (231)-sharpened.jpg|train/benign/benign (231)-sharpened.png|train/benign/benign (231).png,8e28601ef1b2f725c3d38272f4843c0e|2776d030aeded86882120a2e0578594d|cde43e9656587ea8bab897a347d0783f|e45e6ca5a18d9e00aab464c671fd301f|2593c5ad2015150056753cd8bd7a5c7a|a36247849fe78e1aba6e4cc6c8c1dcda|601e5f4c9630a8dba161b322347728d8|658d206d6074bf3d3bbf3f30f9a2b4db|d7292ab1c28bf1b7bd63a63afd27932b|3ca7ffa3fef47b1db4bac1f8e649ac36|32e12b9bf9bc3452c83383504ffb49f6|6609afe5d12cc26ff2110c421dca2d14|eaf21a260435c448965d77f7027534b2|1dafa68e898bd61579cb71db6cea2431|7f6ef73586b4e6297d7e2123cc64dcc5|4178126b158c24e953ff469c967042ac,benign (231),inferred_from_filename_not_verified_identifier,train,False,train/benign/benign (231).png
bag-49153e3a0fb5,grp-49153e3a0fb5,benign,16,train/benign/benign (204)-rotated1-rotated1.png|train/benign/benign (204)-rotated1-rotated2.png|train/benign/benign (204)-rotated1-sharpened.png|train/benign/benign (204)-rotated1.jpg|train/benign/benign (204)-rotated1.png|train/benign/benign (204)-rotated2-rotated1.png|train/benign/benign (204)-rotated2-rotated2.png|train/benign/benign (204)-rotated2-sharpened.png|train/benign/benign (204)-rotated2.jpg|train/benign/benign (204)-rotated2.png|train/benign/benign (204)-sharpened-rotated1.png|train/benign/benign (204)-sharpened-rotated2.png|train/benign/benign (204)-sharpened-sharpened.png|train/benign/benign (204)-sharpened.jpg|train/benign/benign (204)-sharpened.png|train/benign/benign (204).png,eb38be1b3a666c4f85a2d56bc04fcee8|757319f8220c0e7a9a188674fa7bcc98|e66df15ed1a9aece75aad9a936b87f3e|0982368fcc55a451b76187e0c28941d2|7272d7eb73fe0729c9220d6d70b08043|7519bff88f6c6b2892ad005147d15973|6b06c47ff6aace950c892023e739a262|1d0ebfcff492901e4c0ffb4455089ff3|d290bc4145e37a8fe7308e703583a341|e58a5741ac5e74d79bc084419d2c8073|199ef3459c241192e8526137b81d088f|293f63dd219329358e5cbe8d2f3498c1|482009c5061955e5df84c93958432b8c|5b30ff16f93eb46fcf08316c864911a1|ebe7dde09dd1fda7c4d68334b5e30761|d97e6035a24307511bdfcec4df6c2448,benign (204),inferred_from_filename_not_verified_identifier,train,False,train/benign/benign (204).png
bag-4984859194ce,grp-4984859194ce,benign,16,train/benign/benign (42)-rotated1-rotated1.png|train/benign/benign (42)-rotated1-rotated2.png|train/benign/benign (42)-rotated1-sharpened.png|train/benign/benign (42)-rotated1.jpg|train/benign/benign (42)-rotated1.png|train/benign/benign (42)-rotated2-rotated1.png|train/benign/benign (42)-rotated2-rotated2.png|train/benign/benign (42)-rotated2-sharpened.png|train/benign/benign (42)-rotated2.jpg|train/benign/benign (42)-rotated2.png|train/benign/benign (42)-sharpened-rotated1.png|train/benign/benign (42)-sharpened-rotated2.png|train/benign/benign (42)-sharpened-sharpened.png|train/benign/benign (42)-sharpened.jpg|train/benign/benign (42)-sharpened.png|train/benign/benign (42).png,9cdb1de39a3793803017293daa066e1a|e107caae159050958ebf8dec6cbc8b84|93e7aaf68394174573f6fc402bd72c87|ba724d192af1bf4f5f6bba489c968240|3ba2ba118c12bb4ba3ecaab78213f86f|930a390f0861630489ee43f0ac776773|07135ca41ee926e3cf8c6942cb245e45|cd1f1714f221854cc9991bcfcee92f77|414ec5faa677ef4a09d5b78b470d6d9a|1fd5f817db59a33ba0d10b9104143439|2cd8696ae385ec52cbd3e12508ccf9fc|dca94fd3fb16b0120a07ed19ac22dd5f|bc365ed16308d08280fb8739594887eb|a8a6b1471a9ba70fad4a00e56e82505e|b8f150b02e1501664ea935d857faf6d1|f025f98ac82a5664aed44f358a0f24d8,benign (42),inferred_from_filename_not_verified_identifier,train,False,train/benign/benign (42).png
bag-499c1af6f999,grp-499c1af6f999,benign,16,train/benign/benign (214)-rotated1-rotated1.png|train/benign/benign (214)-rotated1-rotated2.png|train/benign/benign (214)-rotated1-sharpened.png|train/benign/benign (214)-rotated1.jpg|train/benign/benign (214)-rotated1.png|train/benign/benign (214)-rotated2-rotated1.png|train/benign/benign (214)-rotated2-rotated2.png|train/benign/benign (214)-rotated2-sharpened.png|train/benign/benign (214)-rotated2.jpg|train/benign/benign (214)-rotated2.png|train/benign/benign (214)-sharpened-rotated1.png|train/benign/benign (214)-sharpened-rotated2.png|train/benign/benign (214)-sharpened-sharpened.png|train/benign/benign (214)-sharpened.jpg|train/benign/benign (214)-sharpened.png|train/benign/benign (214).png,9c4cd60ce60113b764bcded3a12c7dc9|7bd8997f8f93302d5ff79775629d0b75|b2ca55141928112edcae33e87049c958|d569a0773ec0af85a3ae086a0a589e51|9f8be04b95770bb6cc77c7062092f571|a42d111d18603c179257d5e89937b92e|1f8b8a35715663831bc88f852529e499|dfdfb36a214a8c77c57dfa99bdd1300f|658aa0a8e3d4da1d5ae8c853b6ad5d9b|8f88d4a21a0dd081de43c77beeafe71d|d9a9cfe835b4e0ec2cf152ea8a3b604d|1a6b9c6b8bb4239a4cb8f689ec4a3087|e258cd33cabf5a2ac990fb2e1b95d4de|6709a4bb49cad8fb8d12079132762ada|cfd1b7eea286c0ae072e1d148207d70e|e91111719d7775897ceec4b7c0cde453,benign (214),inferred_from_filename_not_verified_identifier,train,False,train/benign/benign (214).png
bag-49f377bceb04,grp-49f377bceb04,benign,16,train/benign/benign (244)-rotated1-rotated1.png|train/benign/benign (244)-rotated1-rotated2.png|train/benign/benign (244)-rotated1-sharpened.png|train/benign/benign (244)-rotated1.jpg|train/benign/benign (244)-rotated1.png|train/benign/benign (244)-rotated2-rotated1.png|train/benign/benign (244)-rotated2-rotated2.png|train/benign/benign (244)-rotated2-sharpened.png|train/benign/benign (244)-rotated2.jpg|train/benign/benign (244)-rotated2.png|train/benign/benign (244)-sharpened-rotated1.png|train/benign/benign (244)-sharpened-rotated2.png|train/benign/benign (244)-sharpened-sharpened.png|train/benign/benign (244)-sharpened.jpg|train/benign/benign (244)-sharpened.png|train/benign/benign (244).png,8db463bdceea7e7bf625ba75be76efb6|94707c4ce99df5a32869c53f7a3273a6|8befeac40a8d74cafbf05acefaf3e0ab|c4819df06ad79fdfd611a4f50426d83d|95a6a84ff5a7263df3ee697bd184cd2f|183c0bd3263470978a1af8b3619dcc06|35d02bc7b3e7252921fa348a1eefb9b2|64e356abd76f280f88d6bed71e7a948e|8b403ad6cc07538ae0b4b432ab0b8e2b|c01a05be46518e8ec9308ae6cecffe17|d3d309a17c71e9bbfc1da6e8b13df72e|9b37fd4a257e7d08df5fa0625d8d8298|065ab236cedf9adb457feff0c1c78aa6|a9b8019446356225172264155a6f95cf|a51736bcaad27a021ab55a53064489ac|6dae73e5b56519fe2506b6376117b685,benign (244),inferred_from_filename_not_verified_identifier,train,False,train/benign/benign (244).png
bag-4aa1dfcd92ae,grp-4aa1dfcd92ae,benign,16,train/benign/benign (50)-rotated1-rotated1.png|train/benign/benign (50)-rotated1-rotated2.png|train/benign/benign (50)-rotated1-sharpened.png|train/benign/benign (50)-rotated1.jpg|train/benign/benign (50)-rotated1.png|train/benign/benign (50)-rotated2-rotated1.png|train/benign/benign (50)-rotated2-rotated2.png|train/benign/benign (50)-rotated2-sharpened.png|train/benign/benign (50)-rotated2.jpg|train/benign/benign (50)-rotated2.png|train/benign/benign (50)-sharpened-rotated1.png|train/benign/benign (50)-sharpened-rotated2.png|train/benign/benign (50)-sharpened-sharpened.png|train/benign/benign (50)-sharpened.jpg|train/benign/benign (50)-sharpened.png|train/benign/benign (50).png,0c64caf488a2d6d2129aa06b715e930c|e7b498cba0f027d0f9dcb0b186794f4e|5c0591523e7af124d150c43c5a64b3fc|1d9e6f51893d5b39cae9861f3033be76|ca8d913599e0b87598ffe3dd3e6475f6|4adf6bc7b2ec014801208b4cca74aee0|023f8361430ce74c97f29a08745998ea|69222c046b6f2c4887f9e6f3c6cd27eb|5698433bf76af08b5aaab345648b8b78|806b7c0c84e1bf65d9479ef998d46ea8|52ee5807bab1e5eeb0224e2d4dbfc3de|0f4a5fbfbe469fd54f4787ba78a31754|cb89e6576fea8b9cdb1da34a1928c3df|cd93338b843b3a6cd5a5e7b5940f8992|5c0591523e7af124d150c43c5a64b3fc|680333247ff20c5665013168295e52f6,benign (50),inferred_from_filename_not_verified_identifier,train,False,train/benign/benign (50).png
bag-4b7d1bbacba3,grp-4b7d1bbacba3,malignant,21,train/malignant/malignant (21)-rotated1-rotated1.png|train/malignant/malignant (21)-rotated1-rotated2.png|train/malignant/malignant (21)-rotated1-rotated32.png|train/malignant/malignant (21)-rotated1-sharpened.png|train/malignant/malignant (21)-rotated1.png|train/malignant/malignant (21)-rotated2-rotated1.png|train/malignant/malignant (21)-rotated2-rotated2.png|train/malignant/malignant (21)-rotated2-rotated32.png|train/malignant/malignant (21)-rotated2-sharpened.png|train/malignant/malignant (21)-rotated2.png|train/malignant/malignant (21)-rotated32-rotated1.png|train/malignant/malignant (21)-rotated32-rotated2.png|train/malignant/malignant (21)-rotated32-rotated32.png|train/malignant/malignant (21)-rotated32-sharpened.png|train/malignant/malignant (21)-rotated32.png|train/malignant/malignant (21)-sharpened-rotated1.png|train/malignant/malignant (21)-sharpened-rotated2.png|train/malignant/malignant (21)-sharpened-rotated32.png|train/malignant/malignant (21)-sharpened-sharpened.png|train/malignant/malignant (21)-sharpened.png|train/malignant/malignant (21).png,82051051ec3648d39c6dbcc96a7b5d4f|0736be15bc561867d9ba021a9dd5595c|f2dba0ab6988ef5b714547f38c5a8f05|4e47ff1c46f496211b9bd615afec09fc|cb470e30f004e3f748ac5c6e0d87413a|74402d63a9e7fe46d8faa1b13ef81045|0dc77c8329ee9e65beae8a02abf28714|408f8bcd9f630466baf6b92ee27507dd|3830d5b5ddd78f935c1ea39007b8668a|c8109268bc95b0a0163688c9d8126aef|512550f65b2bc736e702a73fc30f1ccc|ba283e9d32d317d972b08a54978c9bc7|7d894d233aa76ff4e3af1abcd54f8ec9|6b4e384c92e1cc23188b7f74401a6eee|c9f728c1820a319c013ccf2d827e4323|b6c71e1e8ae1561550813a74ce9b458a|4326ad049ebe58f3e83e52fbc4d2a9ad|b3dd7987149f9f83805e62b63f37e6c5|65f5cd0098829a19a64616b13dd239ab|4d47c74de44ca5c20db875a88c7d5e26|46beb54d7007fac2217d21b2f6c33e14,malignant (21),inferred_from_filename_not_verified_identifier,train,False,train/malignant/malignant (21).png
bag-4ba0d7b05a4e,grp-4ba0d7b05a4e,benign,16,train/benign/benign (287)-rotated1-rotated1.png|train/benign/benign (287)-rotated1-rotated2.png|train/benign/benign (287)-rotated1-sharpened.png|train/benign/benign (287)-rotated1.jpg|train/benign/benign (287)-rotated1.png|train/benign/benign (287)-rotated2-rotated1.png|train/benign/benign (287)-rotated2-rotated2.png|train/benign/benign (287)-rotated2-sharpened.png|train/benign/benign (287)-rotated2.jpg|train/benign/benign (287)-rotated2.png|train/benign/benign (287)-sharpened-rotated1.png|train/benign/benign (287)-sharpened-rotated2.png|train/benign/benign (287)-sharpened-sharpened.png|train/benign/benign (287)-sharpened.jpg|train/benign/benign (287)-sharpened.png|train/benign/benign (287).png,2ab9c4090628bdb99b1b4e0ec4774318|923cdbeee129cb0125225dd22632f1fa|fa42dc92cd803dafc464562337f1bb16|581903040aa93e3bbdabb833607dd87d|657b3b42cc053a8c40c7dbc37eb92689|bb43c05af98f2aa9af299baa951f5e2a|f233fe534bf010a00080e2bc92e38bcd|3b6529aa52b032d918428ce75ec24b68|2d40e1445fac5365639f7ebb9a31fafc|415e6497a1c076095aa4303f08b4f699|9c4a7ff4ee77905022feb82ab830a4ef|4e69112107805905cd50d879e6020f53|242de4755d51413548d88f00b8ad1cef|82fa61446e05fd46ebaac7dbdd7fd91c|eb831fae429e341e584ef320026cad34|1f724caf413dcc1cce35782b8fb5eaf3,benign (287),inferred_from_filename_not_verified_identifier,train,False,train/benign/benign (287).png
bag-4bc646f89bf5,grp-4bc646f89bf5,benign,16,train/benign/benign (43)-rotated1-rotated1.png|train/benign/benign (43)-rotated1-rotated2.png|train/benign/benign (43)-rotated1-sharpened.png|train/benign/benign (43)-rotated1.jpg|train/benign/benign (43)-rotated1.png|train/benign/benign (43)-rotated2-rotated1.png|train/benign/benign (43)-rotated2-rotated2.png|train/benign/benign (43)-rotated2-sharpened.png|train/benign/benign (43)-rotated2.jpg|train/benign/benign (43)-rotated2.png|train/benign/benign (43)-sharpened-rotated1.png|train/benign/benign (43)-sharpened-rotated2.png|train/benign/benign (43)-sharpened-sharpened.png|train/benign/benign (43)-sharpened.jpg|train/benign/benign (43)-sharpened.png|train/benign/benign (43).png,3fbbaaddc255c4ac2199dc2ca5453a35|c1c531fb61096e45105724952a12b7a1|e25fe3c1e95600560a5c2bf788a21295|43ad22782d60f16b993661d5c0924520|f9f9a007b795e9e0506840be3cb71ef1|90ad8e705a964b0331280789bc10b028|ddc983ed666729b102807d4371dd580f|d836a4c5ee34c09919681835cba5e6a7|43ad22782d60f16b993661d5c0924520|4db43190920d47ee5e0b0336b27081d6|cb09c77710c661c998e554aa03fbbc88|42e64e0a6d9320bee04bb5e7b06e51f4|eaa34d952114d13c635764303f542b01|4a64c8f3053bc2927f626a8b352ab99d|8228f587af8a205cef1c20fe007bda8b|50a11c7b7adb2adaa6a8c50a6eaa0ebd,benign (43),inferred_from_filename_not_verified_identifier,train,False,train/benign/benign (43).png
bag-4c1b0c2bab41,grp-4c1b0c2bab41,benign,16,train/benign/benign (194)-rotated1-rotated1.png|train/benign/benign (194)-rotated1-rotated2.png|train/benign/benign (194)-rotated1-sharpened.png|train/benign/benign (194)-rotated1.jpg|train/benign/benign (194)-rotated1.png|train/benign/benign (194)-rotated2-rotated1.png|train/benign/benign (194)-rotated2-rotated2.png|train/benign/benign (194)-rotated2-sharpened.png|train/benign/benign (194)-rotated2.jpg|train/benign/benign (194)-rotated2.png|train/benign/benign (194)-sharpened-rotated1.png|train/benign/benign (194)-sharpened-rotated2.png|train/benign/benign (194)-sharpened-sharpened.png|train/benign/benign (194)-sharpened.jpg|train/benign/benign (194)-sharpened.png|train/benign/benign (194).png,c6420530d3607ea91c9d55c4ad21b7ee|dbddb9ff5671d47612954930011895da|1af700d822b836d81cf6ae4e55fb5125|8c6d54fef6be07045eb894ac4c84f46e|df81b57c15482bbd35ef1420f63c650c|df81b57c15482bbd35ef1420f63c650c|4ed86fa17ad27f57ab77a87df1cef605|b23938d671d048366c86e797559a0737|0bcea3667d8daed07a815a290d0cc9de|f3d7d27d2ad45978cf1f423530779ee1|f3623beae351a774d28470ce6fdb7713|e5c06cd87541255e5c4d1046df8012c4|8db339017abf4a7949ee4ab509264ab5|d4aed8f15764ba5be94b28cf5addfd92|718d3816a922a922565646272966bc96|821b6732c3e6ef0f8e87e92155cec35d,benign (194),inferred_from_filename_not_verified_identifier,train,False,train/benign/benign (194).png
bag-4c6ac266ec5c,grp-4c6ac266ec5c,benign,16,train/benign/benign (91)-rotated1-rotated1.png|train/benign/benign (91)-rotated1-rotated2.png|train/benign/benign (91)-rotated1-sharpened.png|train/benign/benign (91)-rotated1.jpg|train/benign/benign (91)-rotated1.png|train/benign/benign (91)-rotated2-rotated1.png|train/benign/benign (91)-rotated2-rotated2.png|train/benign/benign (91)-rotated2-sharpened.png|train/benign/benign (91)-rotated2.jpg|train/benign/benign (91)-rotated2.png|train/benign/benign (91)-sharpened-rotated1.png|train/benign/benign (91)-sharpened-rotated2.png|train/benign/benign (91)-sharpened-sharpened.png|train/benign/benign (91)-sharpened.jpg|train/benign/benign (91)-sharpened.png|train/benign/benign (91).png,183409f280ee3d87b6e2029bfe1fa4b8|393e89250ae569007f698c934e93a951|d7b11186bb90b7693cf28ca3688cb99b|909c6c2a0b55b412043b8a07e82806c1|8e72e81bf6a60e6c1db72002069733a3|69999ad51e902226363d1859cecc72d6|583eed49c6a20f49e8cb07c4e0695c6b|a4f652ed507e8c0c001bbd5beb07a1e9|f465e2a3fd3e75e4a5bbe3c2fd222600|2e7e33ad49cfdbeb684ccf5aedeb292d|743bab2741cd9a37aaa09cc2a2988b04|f85dd30127cbb3e2d59efdbcd085a3fd|5b01e001a9dd14478b62c94e968fd91b|154e8fd86c289a1642bc48a9e41155df|028c129ac8a4e84ea57c5df618ee4f59|9d908e8b08ff7dcc0f7cf2dd38acec66,benign (91),inferred_from_filename_not_verified_identifier,train,False,train/benign/benign (91).png
bag-4cd2f0eaa79d,grp-4cd2f0eaa79d,benign,16,train/benign/benign (162)-rotated1-rotated1.png|train/benign/benign (162)-rotated1-rotated2.png|train/benign/benign (162)-rotated1-sharpened.png|train/benign/benign (162)-rotated1.jpg|train/benign/benign (162)-rotated1.png|train/benign/benign (162)-rotated2-rotated1.png|train/benign/benign (162)-rotated2-rotated2.png|train/benign/benign (162)-rotated2-sharpened.png|train/benign/benign (162)-rotated2.jpg|train/benign/benign (162)-rotated2.png|train/benign/benign (162)-sharpened-rotated1.png|train/benign/benign (162)-sharpened-rotated2.png|train/benign/benign (162)-sharpened-sharpened.png|train/benign/benign (162)-sharpened.jpg|train/benign/benign (162)-sharpened.png|train/benign/benign (162).png,73a97b4e333e03c6e8555dcdcccba6cd|15d317804bfe37ffd7c33012c3bd521a|5d915ba9fadf306976bc5647251da3fa|5f2b046b48e546a1e5b8bf0c1972f422|94bc2062bfe166682f9782541bc10e33|ec710124920eb8a519dad203973165f6|2cf4ceecc843c7cd462530f39892a2c3|524d3032e491846cd2f4a8d7dc72ae47|00cfadc43ff4f4e181fdd428e678d904|80ecd830b539a6c4ea60ceafe556fe8d|ea849dc2fc2dade66df4931a466c7028|3aed2da648c70910e1b7492298ea63d8|e816d7d2121ab09d00d9c9b95c5e3183|6c2214bae714fbb6dc46f1cef7aa0830|499db1ad3e8de4ba511eaba93d8915f9|ffd9810fdf0a0aa02888304c06584111,benign (162),inferred_from_filename_not_verified_identifier,train,False,train/benign/benign (162).png
bag-4e1488bd3bc8,grp-4e1488bd3bc8,malignant,21,train/malignant/malignant (102)-rotated1-rotated1.png|train/malignant/malignant (102)-rotated1-rotated2.png|train/malignant/malignant (102)-rotated1-rotated32.png|train/malignant/malignant (102)-rotated1-sharpened.png|train/malignant/malignant (102)-rotated1.png|train/malignant/malignant (102)-rotated2-rotated1.png|train/malignant/malignant (102)-rotated2-rotated2.png|train/malignant/malignant (102)-rotated2-rotated32.png|train/malignant/malignant (102)-rotated2-sharpened.png|train/malignant/malignant (102)-rotated2.png|train/malignant/malignant (102)-rotated32-rotated1.png|train/malignant/malignant (102)-rotated32-rotated2.png|train/malignant/malignant (102)-rotated32-rotated32.png|train/malignant/malignant (102)-rotated32-sharpened.png|train/malignant/malignant (102)-rotated32.png|train/malignant/malignant (102)-sharpened-rotated1.png|train/malignant/malignant (102)-sharpened-rotated2.png|train/malignant/malignant (102)-sharpened-rotated32.png|train/malignant/malignant (102)-sharpened-sharpened.png|train/malignant/malignant (102)-sharpened.png|train/malignant/malignant (102).png,161b478a79b3c62a8423a618191a3a51|29f4b30bcdf86eeaeb814ffb4826d939|94554ba9d6b34b6ab939c980a1062915|b92015f58628ca0425ed19d5b96f5234|5d9a7608849b8d52ff7a60712ee794e3|9e87d47762d25fa6db7e8303d2cc40e5|a4bc6d145483ba248f2032ff3897811e|74894ad5893cc4ca319b72a2f44438aa|ab475d6ce402505d596142b0b504173c|13b529195b4b9289e3f17fbe06739a6e|eaecc778ede1c88e5d7525afbab7e418|71bb12492a17135d52a91b5b85cfdc11|71bb12492a17135d52a91b5b85cfdc11|dafc600eb700777c2bc0a224e819c5a7|77c882ef19c05ec8836ce88bde776155|dbda63d681d9b667bf42b8f7dfa85075|f3f55432270caa7c4ff39c4734ccf36f|6bafcce164f66e5038eaf8fa84639330|3dc51a74ca50144b418430da0d32cba0|beee91459b3d88bcf10b1e63ea2ce8a6|548a67a3b38d8396a00bc1f8afc53bb3,malignant (102),inferred_from_filename_not_verified_identifier,train,False,train/malignant/malignant (102).png
bag-4e4a9427199a,grp-4e4a9427199a,malignant,21,train/malignant/malignant (189)-rotated1-rotated1.png|train/malignant/malignant (189)-rotated1-rotated2.png|train/malignant/malignant (189)-rotated1-rotated32.png|train/malignant/malignant (189)-rotated1-sharpened.png|train/malignant/malignant (189)-rotated1.png|train/malignant/malignant (189)-rotated2-rotated1.png|train/malignant/malignant (189)-rotated2-rotated2.png|train/malignant/malignant (189)-rotated2-rotated32.png|train/malignant/malignant (189)-rotated2-sharpened.png|train/malignant/malignant (189)-rotated2.png|train/malignant/malignant (189)-rotated32-rotated1.png|train/malignant/malignant (189)-rotated32-rotated2.png|train/malignant/malignant (189)-rotated32-rotated32.png|train/malignant/malignant (189)-rotated32-sharpened.png|train/malignant/malignant (189)-rotated32.png|train/malignant/malignant (189)-sharpened-rotated1.png|train/malignant/malignant (189)-sharpened-rotated2.png|train/malignant/malignant (189)-sharpened-rotated32.png|train/malignant/malignant (189)-sharpened-sharpened.png|train/malignant/malignant (189)-sharpened.png|train/malignant/malignant (189).png,4ff1dd680ae77b1eaf4112b47bc2b6a9|f03a28ef4969e59b0bb122b40c8be4cd|fde12c110fdb14b55f1244c761be2062|f76d43180e2d27b90aad7ccfd737fd32|e040b92ec012d4ba8686b8d0350dea33|89cc912d932ef08d3f6e898117677dcd|7ce595d483fc9a77f4b523021db3180a|538ef5d9d58dd407eb9f3f1ee2f16576|0c4565922abcd751564454a36331a73e|6e6656fa67e810c71547255b7bafa095|37a5f5baa8824c4ec4017d1772a7790f|12afd3070ca24d0907e0bcf5d1dd6c18|f0b733a6fd5d23178142629ac4627e25|4da7415bd1406705bd264ca21a8cadbc|40e60a225d56758e31ea42da219a4a2f|ec5cff0028111285230c08de1bb6eb90|aca291d0adb6652ee80cadb83b96fed1|4463fe0d62c0037d62f062cd0a2deb77|adac97e927ff7145bb2c1ba03eb158c9|67eb7b497b3a5fd24e830cf16a5eb1de|e48542c6de068daf0a79c7a5fa68b5e0,malignant (189),inferred_from_filename_not_verified_identifier,train,False,train/malignant/malignant (189).png
bag-4ef74708cb1b,grp-4ef74708cb1b,malignant,21,train/malignant/malignant (178)-rotated1-rotated1.png|train/malignant/malignant (178)-rotated1-rotated2.png|train/malignant/malignant (178)-rotated1-rotated32.png|train/malignant/malignant (178)-rotated1-sharpened.png|train/malignant/malignant (178)-rotated1.png|train/malignant/malignant (178)-rotated2-rotated1.png|train/malignant/malignant (178)-rotated2-rotated2.png|train/malignant/malignant (178)-rotated2-rotated32.png|train/malignant/malignant (178)-rotated2-sharpened.png|train/malignant/malignant (178)-rotated2.png|train/malignant/malignant (178)-rotated32-rotated1.png|train/malignant/malignant (178)-rotated32-rotated2.png|train/malignant/malignant (178)-rotated32-rotated32.png|train/malignant/malignant (178)-rotated32-sharpened.png|train/malignant/malignant (178)-rotated32.png|train/malignant/malignant (178)-sharpened-rotated1.png|train/malignant/malignant (178)-sharpened-rotated2.png|train/malignant/malignant (178)-sharpened-rotated32.png|train/malignant/malignant (178)-sharpened-sharpened.png|train/malignant/malignant (178)-sharpened.png|train/malignant/malignant (178).png,7ca444bb17a0f4fd185e36842a6d9016|d30395b6797f2bd3cfdf84c313006f0c|d79a7cade186e9f67f61363db8ea83ea|35b383285767c4ac39a906d8923e5858|4f26422b72a979affc18c76ca6dcbadd|728b07ccef637c0ea581511e0ef7ac9f|7f0db6dae6054a29e2d4671a1efb4b78|0daa375bb548e3fc695ee08e74ab2dce|591508370429ed4f6176b526061a0dbb|61323220b096b63a765f17201f2a4a4c|17e9b137c19848e3d1a3a6b088a1a550|256d32480977bb639f830416031e4ecb|0ed1207d0c737aae4397426592ed0ccf|1dae9c101d3a1dfb3fef311489e9794c|db6e0bac3e8814a40ce92a91b2608ef8|8338b28a4dadfa918c19385ec991b9f7|f7a7dc4a46913ee6b903c5fd8833c029|2b3583c7ac7c4f3414117e4b53b04937|19db39ba12cd0160773f2c4a1cb788ce|591508370429ed4f6176b526061a0dbb|b4f8cb09cfd01424cf129a40c7413e54,malignant (178),inferred_from_filename_not_verified_identifier,train,False,train/malignant/malignant (178).png
bag-4f3b27a5d050,grp-4f3b27a5d050,benign,16,train/benign/benign (164)-rotated1-rotated1.png|train/benign/benign (164)-rotated1-rotated2.png|train/benign/benign (164)-rotated1-sharpened.png|train/benign/benign (164)-rotated1.jpg|train/benign/benign (164)-rotated1.png|train/benign/benign (164)-rotated2-rotated1.png|train/benign/benign (164)-rotated2-rotated2.png|train/benign/benign (164)-rotated2-sharpened.png|train/benign/benign (164)-rotated2.jpg|train/benign/benign (164)-rotated2.png|train/benign/benign (164)-sharpened-rotated1.png|train/benign/benign (164)-sharpened-rotated2.png|train/benign/benign (164)-sharpened-sharpened.png|train/benign/benign (164)-sharpened.jpg|train/benign/benign (164)-sharpened.png|train/benign/benign (164).png,fbeedce7bba21c93b88dfd687b75cb14|7b26651b8857e7d3a03514b2e877eb7c|fd4a2051c6812cf9dd156d3da889e9c9|be9abf07bafcefc4ef13d8af5fef2a70|bd02d64b5a26e3115f2ad1e6e9cdcb2e|c933b9fe8f6e22c5e32b53948881276d|718f7447be5e5fcf0b37bb48eef7a313|bd3774c1edeed3d5a8c04ed1f7f2c0ec|72270189990566f5427bccbb5dc1121b|da4d96444b032585b957719472b8bb64|d702c9c227637aa310a543b9e5b46304|0ccba4fc273a64e65b0f6e8b9da9af2d|ef82e96625583d98db0cfd5779c4c5a3|882b834af0a32f987df8d58d8653ab9b|0ccba4fc273a64e65b0f6e8b9da9af2d|f22ac57538d9b1d4ab6b17a4fbe1519b,benign (164),inferred_from_filename_not_verified_identifier,train,False,train/benign/benign (164).png
bag-4fcc9f260541,grp-4fcc9f260541,benign,16,train/benign/benign (285)-rotated1-rotated1.png|train/benign/benign (285)-rotated1-rotated2.png|train/benign/benign (285)-rotated1-sharpened.png|train/benign/benign (285)-rotated1.jpg|train/benign/benign (285)-rotated1.png|train/benign/benign (285)-rotated2-rotated1.png|train/benign/benign (285)-rotated2-rotated2.png|train/benign/benign (285)-rotated2-sharpened.png|train/benign/benign (285)-rotated2.jpg|train/benign/benign (285)-rotated2.png|train/benign/benign (285)-sharpened-rotated1.png|train/benign/benign (285)-sharpened-rotated2.png|train/benign/benign (285)-sharpened-sharpened.png|train/benign/benign (285)-sharpened.jpg|train/benign/benign (285)-sharpened.png|train/benign/benign (285).png,9e2463f22269ee56a4d05ae0ffa0f4c4|6c9665e61c6589598230fb4412e2ae44|c4f7ccc4c8c4ea646404bf2b9fa720f7|827643bc0d8a3659e3de78840e78d47a|7907934ef9acf89a6591e7671211912a|ccc202c7fa8668336af740ba1175eb71|a0fee23dad7cd378143df04c56af092c|69b95b21fbbb22ebb52db43e9ad0ee9d|0b7dd1b16dea1633869fe34c34cfd499|e188bf675f23a4acf333f09f12ff8f6f|02969cf8b0e54ac86cb61d047fc2a888|238cccbe45620bb973fae6c62d1bd46f|787c38739a871e4847d8b85cd3a81b34|64d02fda8803e02b8df8a954c6798779|b2c15d7db1eecf4b49aef2284a49ac79|bb84f7adfa096ca66d90ae13e4fc1779,benign (285),inferred_from_filename_not_verified_identifier,train,False,train/benign/benign (285).png
bag-4fd1e0cd29d9,grp-4fd1e0cd29d9,benign,16,train/benign/benign (140)-rotated1-rotated1.png|train/benign/benign (140)-rotated1-rotated2.png|train/benign/benign (140)-rotated1-sharpened.png|train/benign/benign (140)-rotated1.jpg|train/benign/benign (140)-rotated1.png|train/benign/benign (140)-rotated2-rotated1.png|train/benign/benign (140)-rotated2-rotated2.png|train/benign/benign (140)-rotated2-sharpened.png|train/benign/benign (140)-rotated2.jpg|train/benign/benign (140)-rotated2.png|train/benign/benign (140)-sharpened-rotated1.png|train/benign/benign (140)-sharpened-rotated2.png|train/benign/benign (140)-sharpened-sharpened.png|train/benign/benign (140)-sharpened.jpg|train/benign/benign (140)-sharpened.png|train/benign/benign (140).png,92b3b0186916740b0d3450b87baaa479|f92ba417941f870899286abe1fa0fa50|e340f47a00f1031e74a71618b69f5b74|f0a1b797e3d986688ca5b11731efa826|a7aa59fda05b4e5de4dda24122b7bfc3|3ce7235e59449251a09ef6b2e2c64f5e|d52e5627287fc31b4ab42741b0a9a7dc|8eb419334d79a4a106f3abe6d4b458e5|824ede116c65b84adf903c5ec91ab7a5|2e26aea7133c2ad9a7dc4e9b5c0e4db7|e93e2367f17ab7c3fb6dce02991e47e7|8d91710b13ba361e1f0d6d5f2bc592c7|ac330805d720dcea960d2e4ded48ebf2|1c8527cf923f2e3666f2e9d780bd8698|058a5401f50d18a9b0af3ab0d1b2740f|49085bab40b6e940eb12fc73a03c17f8,benign (140),inferred_from_filename_not_verified_identifier,train,False,train/benign/benign (140).png
bag-501a9a65fa8d,grp-501a9a65fa8d,malignant,21,train/malignant/malignant (33)-rotated1-rotated1.png|train/malignant/malignant (33)-rotated1-rotated2.png|train/malignant/malignant (33)-rotated1-rotated32.png|train/malignant/malignant (33)-rotated1-sharpened.png|train/malignant/malignant (33)-rotated1.png|train/malignant/malignant (33)-rotated2-rotated1.png|train/malignant/malignant (33)-rotated2-rotated2.png|train/malignant/malignant (33)-rotated2-rotated32.png|train/malignant/malignant (33)-rotated2-sharpened.png|train/malignant/malignant (33)-rotated2.png|train/malignant/malignant (33)-rotated32-rotated1.png|train/malignant/malignant (33)-rotated32-rotated2.png|train/malignant/malignant (33)-rotated32-rotated32.png|train/malignant/malignant (33)-rotated32-sharpened.png|train/malignant/malignant (33)-rotated32.png|train/malignant/malignant (33)-sharpened-rotated1.png|train/malignant/malignant (33)-sharpened-rotated2.png|train/malignant/malignant (33)-sharpened-rotated32.png|train/malignant/malignant (33)-sharpened-sharpened.png|train/malignant/malignant (33)-sharpened.png|train/malignant/malignant (33).png,87104ed121cb326f9ff87eadea9618c6|20da184687cde13b142c8c9e2e5403cc|a0789ea49698714470c769621a5b772f|17fe3ec7bbaf7c511ae1316fe8326917|6779a041dcba0aec4482e0b82322b917|6d418225c7a9e1ed29bb79ebfef71fd7|993cc0061112025e5adc5e838aeabc1a|370329930fc2dd52d4107ba85a798b1d|4294e71a0e874312623d07e5fdd0bb3b|87104ed121cb326f9ff87eadea9618c6|c798856ff93b6606da58d4eacdf9ffc4|5458806ed084c298c1ff8259a4f4dbef|b841b9b5d7eafdbf1558513360beb351|d419a44eab0b5afdabf2aded60e78a73|99283a7013dc3c2a654e563b887f96e9|d96bd08c44f3620eb2cfef922f71712d|41229f4d4c00540f7c5680c3e4fa1abd|f12cf42028ff0f95c3f3ad514ad3bd26|7445b0fd05036abaa31e6265feeb884a|08208412622f957bc5401650dc224bf5|e291bb05740301afe14ae2cf25df90da,malignant (33),inferred_from_filename_not_verified_identifier,train,False,train/malignant/malignant (33).png
bag-50496116bef4,grp-50496116bef4,malignant,21,train/malignant/malignant (143)-rotated1-rotated1.png|train/malignant/malignant (143)-rotated1-rotated2.png|train/malignant/malignant (143)-rotated1-rotated32.png|train/malignant/malignant (143)-rotated1-sharpened.png|train/malignant/malignant (143)-rotated1.png|train/malignant/malignant (143)-rotated2-rotated1.png|train/malignant/malignant (143)-rotated2-rotated2.png|train/malignant/malignant (143)-rotated2-rotated32.png|train/malignant/malignant (143)-rotated2-sharpened.png|train/malignant/malignant (143)-rotated2.png|train/malignant/malignant (143)-rotated32-rotated1.png|train/malignant/malignant (143)-rotated32-rotated2.png|train/malignant/malignant (143)-rotated32-rotated32.png|train/malignant/malignant (143)-rotated32-sharpened.png|train/malignant/malignant (143)-rotated32.png|train/malignant/malignant (143)-sharpened-rotated1.png|train/malignant/malignant (143)-sharpened-rotated2.png|train/malignant/malignant (143)-sharpened-rotated32.png|train/malignant/malignant (143)-sharpened-sharpened.png|train/malignant/malignant (143)-sharpened.png|train/malignant/malignant (143).png,112bfffd10bddad5a82fe1d0eb9c0c27|02e5f1b059659b39415ac42e71e72827|9c9c19b249225844a4071d81ec1af4c4|3990ee2000b68ceec626eb83a8df6790|fa5ab73d3e1bb79e233c8545797298df|4b7d42a26f52d49f2d59783fef87d0f9|5bb62a79e78893b90cca5e5c1ff73f89|572c3ad744260fe5469adefa6686c42a|5ced2a5c37079d907b55d9ca74e6fce2|ad35059f9a630e9e31f25b37e3b5fbbd|2c4516d5be23c1a2c87e62e2013618f5|bcbe1e1338f3ef4f6e0fdef95597a6f6|082d3c67c550f3973169c53873bcc7b1|8995807dec9b1eb3b321858d85c0ee69|e7ad0f27b64cb22e4a25d95a15725eac|99a447eceb1a02b07788382456fe3dd0|abf9ba9fe368d12a039d8c459c4f0525|b4a839f68ac52d2ad36032abbde5a9b2|6c4ded5bd812ae78a346dede3d697195|42350ab1d7f024da053a0ac64ef6d230|2c64298b20d6ce18ebae5327fb748884,malignant (143),inferred_from_filename_not_verified_identifier,train,False,train/malignant/malignant (143).png
bag-50dfa7518296,grp-50dfa7518296,malignant,21,val/malignant/malignant (5)-rotated1-rotated1.png|val/malignant/malignant (5)-rotated1-rotated2.png|val/malignant/malignant (5)-rotated1-rotated32.png|val/malignant/malignant (5)-rotated1-sharpened.png|val/malignant/malignant (5)-rotated1.png|val/malignant/malignant (5)-rotated2-rotated1.png|val/malignant/malignant (5)-rotated2-rotated2.png|val/malignant/malignant (5)-rotated2-rotated32.png|val/malignant/malignant (5)-rotated2-sharpened.png|val/malignant/malignant (5)-rotated2.png|val/malignant/malignant (5)-rotated32-rotated1.png|val/malignant/malignant (5)-rotated32-rotated2.png|val/malignant/malignant (5)-rotated32-rotated32.png|val/malignant/malignant (5)-rotated32-sharpened.png|val/malignant/malignant (5)-rotated32.png|val/malignant/malignant (5)-sharpened-rotated1.png|val/malignant/malignant (5)-sharpened-rotated2.png|val/malignant/malignant (5)-sharpened-rotated32.png|val/malignant/malignant (5)-sharpened-sharpened.png|val/malignant/malignant (5)-sharpened.png|val/malignant/malignant (5).png,405ed6aba56a1c253c77b448298a9a90|e06117c36a6ad3f632997055b3f845a7|68507200566257dd2bea6346725fc281|851457177cb5af0b49938f6c2a779295|6d2a286f565fd8cbb5c776431abf9162|de63c408bb37af3f4371f8d89b66092e|f0a811a90d4beeba4cd54a139bad2591|3bdcdef19e14a129d18b5a65f594f971|bbb0c456c44fd02bcca0856d01e2fe5c|196872ad47a5d230b7c9a8cae6a5535e|dccd4a2127d417e6f6e85ff2205b82a8|2bcfe5b2b4ba46937fed5b634f24a71f|a7370c1dc66480b0720213a203e13f9f|e807bee34aee94c02bfed0ce26f1a01f|036c7b5a6200815cfce8036ecaeeb7b1|33a131acfa3a1afc7b5c911853d33271|8d7567ec400e94669367a1619d529948|a9088731ddbfaba5aaf2cacd03337eee|67866060549c25d14a972abf5363090c|9d0c62059e14a0baf5bde23344ba028d|45f05265c7146e1ca9a8b1fc5c41f9fe,malignant (5),inferred_from_filename_not_verified_identifier,val,False,val/malignant/malignant (5).png
bag-519327d647fd,grp-519327d647fd,benign,16,train/benign/benign (183)-rotated1-rotated1.png|train/benign/benign (183)-rotated1-rotated2.png|train/benign/benign (183)-rotated1-sharpened.png|train/benign/benign (183)-rotated1.jpg|train/benign/benign (183)-rotated1.png|train/benign/benign (183)-rotated2-rotated1.png|train/benign/benign (183)-rotated2-rotated2.png|train/benign/benign (183)-rotated2-sharpened.png|train/benign/benign (183)-rotated2.jpg|train/benign/benign (183)-rotated2.png|train/benign/benign (183)-sharpened-rotated1.png|train/benign/benign (183)-sharpened-rotated2.png|train/benign/benign (183)-sharpened-sharpened.png|train/benign/benign (183)-sharpened.jpg|train/benign/benign (183)-sharpened.png|train/benign/benign (183).png,cd8cda27da03d0b474c27d59760e2e22|24232bba25e72d29f147ee37528413e2|a60ad8d027bd325bec4ab34e22175272|afbe4b573be458806ff2f69a0491b897|11bbc2759313a9e4d87e13100305e6fb|2eb4a0fb2622a9dce74c04efacff1b75|6a83205ae6f9893fe234d9f5f4156564|d87451adfd18230960d8cb94955074cc|6c186ac71b0b82aa71e63159c11454f9|5c5fc46bd274dab2a4b3620037f14edc|fc7133e4cd6df193d57c51add456e24d|b1878569126fb7a1131dbbb450f97d61|e648829cac430488b503b194091fcc17|b129e36471b131cbdfc0eb3575166836|4339c2729d017896d6e33a65c8de0034|4245754251ce4485e6aca015c096af8a,benign (183),inferred_from_filename_not_verified_identifier,train,False,train/benign/benign (183).png
bag-51a9b84ba782,grp-51a9b84ba782,malignant,21,train/malignant/malignant (128)-rotated1-rotated1.png|train/malignant/malignant (128)-rotated1-rotated2.png|train/malignant/malignant (128)-rotated1-rotated32.png|train/malignant/malignant (128)-rotated1-sharpened.png|train/malignant/malignant (128)-rotated1.png|train/malignant/malignant (128)-rotated2-rotated1.png|train/malignant/malignant (128)-rotated2-rotated2.png|train/malignant/malignant (128)-rotated2-rotated32.png|train/malignant/malignant (128)-rotated2-sharpened.png|train/malignant/malignant (128)-rotated2.png|train/malignant/malignant (128)-rotated32-rotated1.png|train/malignant/malignant (128)-rotated32-rotated2.png|train/malignant/malignant (128)-rotated32-rotated32.png|train/malignant/malignant (128)-rotated32-sharpened.png|train/malignant/malignant (128)-rotated32.png|train/malignant/malignant (128)-sharpened-rotated1.png|train/malignant/malignant (128)-sharpened-rotated2.png|train/malignant/malignant (128)-sharpened-rotated32.png|train/malignant/malignant (128)-sharpened-sharpened.png|train/malignant/malignant (128)-sharpened.png|train/malignant/malignant (128).png,2f2574f7c4f42b9fddd218b7f90ea09d|43b1e53681cc7ab64df0ced5cc9b9b7b|79dbf27d89028aee4f0abe9aded6ee21|6fb806a0509dd98d8908489e36a0cd23|a6394fb71dadb09381683bc46f7de326|5a7c4a6d3d3d2197a88df18defb3e8e5|37fc5247da5edd01ecb24b279ce4f2bd|74b2cf3bff6c1544b0ca0efbb8b028f7|a9f87915aa54ca8349784061e54a823a|6f7aa88894b2741541f475073a88733b|69e8d46ed9815cc894b064388072dcd7|b0c8e0e2c38f0fc67484a1c5f62fe236|4f1f5dc7e246796f9adb2d3e0003c22c|ea49a4358dbbc2ab02de50f4d2474a73|5a1047a98d24ad38c17cfedbda62e4e6|f177f2c6cc506303a76dcedc020af127|b357dc5a739bd9ba4a74825c30cf198b|e079a8686bc3960d2a44d0942cd1acbf|d037c2c70c77e9513ab7d1f04b905a89|4f5b31058294c725c20d6c054a16373d|924cd8dd0b6df52018e5f2634106140b,malignant (128),inferred_from_filename_not_verified_identifier,train,False,train/malignant/malignant (128).png
bag-5220f7f500b9,grp-5220f7f500b9,malignant,21,train/malignant/malignant (31)-rotated1-rotated1.png|train/malignant/malignant (31)-rotated1-rotated2.png|train/malignant/malignant (31)-rotated1-rotated32.png|train/malignant/malignant (31)-rotated1-sharpened.png|train/malignant/malignant (31)-rotated1.png|train/malignant/malignant (31)-rotated2-rotated1.png|train/malignant/malignant (31)-rotated2-rotated2.png|train/malignant/malignant (31)-rotated2-rotated32.png|train/malignant/malignant (31)-rotated2-sharpened.png|train/malignant/malignant (31)-rotated2.png|train/malignant/malignant (31)-rotated32-rotated1.png|train/malignant/malignant (31)-rotated32-rotated2.png|train/malignant/malignant (31)-rotated32-rotated32.png|train/malignant/malignant (31)-rotated32-sharpened.png|train/malignant/malignant (31)-rotated32.png|train/malignant/malignant (31)-sharpened-rotated1.png|train/malignant/malignant (31)-sharpened-rotated2.png|train/malignant/malignant (31)-sharpened-rotated32.png|train/malignant/malignant (31)-sharpened-sharpened.png|train/malignant/malignant (31)-sharpened.png|train/malignant/malignant (31).png,e29038d5ffe1a0c725fdc989605c5b03|3f5c4b34664ee0c54d769f40aa6cde9f|1b866d9dc22091ef6893753013cbf203|c119368ba36e30f5998275132a3f0395|71af0cef2defcb32ece5d63a1da007c5|87a4f0f198098ebc4a1834736a658b68|107a11773da1c4c53dd81ede6d5822f7|27d4681feff9f38aae004f07d7a49162|66bd3242a072d33c762860a429a7f0aa|dcfcd10b55b17b7f47db9fc2b46443fc|9a934a52c65e7b20202cd15ee8d380ad|9a934a52c65e7b20202cd15ee8d380ad|00b561910692498edd4093eb7a082ba5|ab0a455454bbdeb96f10fb7f1955b28d|04d054e94348be2d4a27210a53bccc9f|51483f380142f642ca1130ba33b22b83|125d3dd9c5441a659b4c44d29e3d71bd|4cc4aaba888f39c3098c30ab1392ec90|e59e9fdbb9573bb043e948e5883d1e54|0b59b42ccb58b4ef94726028bef4a48e|a89e0334fb4f102c7ce3de5f7530f49d,malignant (31),inferred_from_filename_not_verified_identifier,train,False,train/malignant/malignant (31).png
bag-53247720769e,grp-53247720769e,benign,16,train/benign/benign (226)-rotated1-rotated1.png|train/benign/benign (226)-rotated1-rotated2.png|train/benign/benign (226)-rotated1-sharpened.png|train/benign/benign (226)-rotated1.jpg|train/benign/benign (226)-rotated1.png|train/benign/benign (226)-rotated2-rotated1.png|train/benign/benign (226)-rotated2-rotated2.png|train/benign/benign (226)-rotated2-sharpened.png|train/benign/benign (226)-rotated2.jpg|train/benign/benign (226)-rotated2.png|train/benign/benign (226)-sharpened-rotated1.png|train/benign/benign (226)-sharpened-rotated2.png|train/benign/benign (226)-sharpened-sharpened.png|train/benign/benign (226)-sharpened.jpg|train/benign/benign (226)-sharpened.png|train/benign/benign (226).png,af37835fe6895ff1baf5168a36bc5eb4|659227bb8e5eb4171ebee32a01ab8f38|58a78ddc348bf89b9ef13f998b935149|172d871cfda394e15504819336784242|ec196a4241be23a3427b50503826c4a5|cd5511a73a116811fcd89b8858768df8|92fd2dfcf6ff1e220fbdf075ff13e9fb|9e4229f065e918a7898516a43104b474|6af3ac5c2ae66088bd53f8967ead74ad|205a3b3294ccae8a4eb0387555e97390|55eafbf8eae9e04ae656ce7e6fe0b3e6|e025a1e3c1ce7f32c554e7be4f77c695|9970d66cc34d627e1b7dcad4d4404a81|e665ddd3931884211fe96dba4e59b285|b2afc75003efd6c5d9191ad5234ec443|e47687fc251c5e7459042e0af3c17df4,benign (226),inferred_from_filename_not_verified_identifier,train,False,train/benign/benign (226).png
bag-5327d62341c7,grp-5327d62341c7,malignant,21,train/malignant/malignant (114)-rotated1-rotated1.png|train/malignant/malignant (114)-rotated1-rotated2.png|train/malignant/malignant (114)-rotated1-rotated32.png|train/malignant/malignant (114)-rotated1-sharpened.png|train/malignant/malignant (114)-rotated1.png|train/malignant/malignant (114)-rotated2-rotated1.png|train/malignant/malignant (114)-rotated2-rotated2.png|train/malignant/malignant (114)-rotated2-rotated32.png|train/malignant/malignant (114)-rotated2-sharpened.png|train/malignant/malignant (114)-rotated2.png|train/malignant/malignant (114)-rotated32-rotated1.png|train/malignant/malignant (114)-rotated32-rotated2.png|train/malignant/malignant (114)-rotated32-rotated32.png|train/malignant/malignant (114)-rotated32-sharpened.png|train/malignant/malignant (114)-rotated32.png|train/malignant/malignant (114)-sharpened-rotated1.png|train/malignant/malignant (114)-sharpened-rotated2.png|train/malignant/malignant (114)-sharpened-rotated32.png|train/malignant/malignant (114)-sharpened-sharpened.png|train/malignant/malignant (114)-sharpened.png|train/malignant/malignant (114).png,7ba1b61fb64c28441cb2d28f4e98095a|9bf1e7bc3b56603f0cc1257577f921c4|a9c9cbf744a36eccdcd13429e4c53c7f|3860a50cae46be85c1a7c28e00fdee4b|685680ee05e3763a736d4b7af5421aa9|649113f4b40c09dadaf322ca13727171|509883cb0af554ec5d912180def69a9f|2c88788de8048b471490483200b204b7|5651f8de3a03b050b073ea673db38cd1|34aafd49d76cef92a440d868a5f56673|eb0d41c105ef02ef483f8535231427d1|1970074a26438f0a10af0756e84291db|5558e61862c383ea85a5511f55ac0d50|7afec29fc68ea2f87608f2a4fad1681d|ccaf5574b1a1c1ba224595a2b8b96d16|ca5f0c77ae6539a662a2a21c768ef827|a902888064754894d82349ac8e414abb|61138b6ef04efa4a4cfdd37837d08dfa|a2a8ba9abaa068ae46cb18734e6f44b6|00c4bfcf9710651e7f0a4c3948e34ded|050d05022295174849edbaef8a4c5a99,malignant (114),inferred_from_filename_not_verified_identifier,train,False,train/malignant/malignant (114).png
bag-53f4ebf48e36,grp-53f4ebf48e36,benign,16,train/benign/benign (175)-rotated1-rotated1.png|train/benign/benign (175)-rotated1-rotated2.png|train/benign/benign (175)-rotated1-sharpened.png|train/benign/benign (175)-rotated1.jpg|train/benign/benign (175)-rotated1.png|train/benign/benign (175)-rotated2-rotated1.png|train/benign/benign (175)-rotated2-rotated2.png|train/benign/benign (175)-rotated2-sharpened.png|train/benign/benign (175)-rotated2.jpg|train/benign/benign (175)-rotated2.png|train/benign/benign (175)-sharpened-rotated1.png|train/benign/benign (175)-sharpened-rotated2.png|train/benign/benign (175)-sharpened-sharpened.png|train/benign/benign (175)-sharpened.jpg|train/benign/benign (175)-sharpened.png|train/benign/benign (175).png,2e389a0e69d41bad1eb71d91bbf3a448|e7c6e17d0937b9d6963e506b9067886f|5c8b563017cf5f04bde9f94b5df718f3|c9e308d52c35a570ad16d480e8380318|023927c998e8dc1c7fa12e951b2c83ed|6b3cd562491f018eb5a82f589f689f1b|a85c544419d08c65b5a50540ce26abfb|7952550067fa2812aaf05e92e1e482e6|4b2e0167e15e3f38928a8bb80a78077f|0d27b65e9a3a750a0f616da6f81958aa|809282a9a6e523cadf6c8b4e30400fa2|2ff26006cd1288e51cece6181a74bf84|11294e4ffa4e6a7e7013cb98d52fb0c2|481b2af8448471696aca370e91c76e1c|6777338714db6a17758cadd6da961c7a|4ba395f63086fcf27b06263463af70b7,benign (175),inferred_from_filename_not_verified_identifier,train,False,train/benign/benign (175).png
bag-560dd50f5f3c,grp-560dd50f5f3c,malignant,21,train/malignant/malignant (162)-rotated1-rotated1.png|train/malignant/malignant (162)-rotated1-rotated2.png|train/malignant/malignant (162)-rotated1-rotated32.png|train/malignant/malignant (162)-rotated1-sharpened.png|train/malignant/malignant (162)-rotated1.png|train/malignant/malignant (162)-rotated2-rotated1.png|train/malignant/malignant (162)-rotated2-rotated2.png|train/malignant/malignant (162)-rotated2-rotated32.png|train/malignant/malignant (162)-rotated2-sharpened.png|train/malignant/malignant (162)-rotated2.png|train/malignant/malignant (162)-rotated32-rotated1.png|train/malignant/malignant (162)-rotated32-rotated2.png|train/malignant/malignant (162)-rotated32-rotated32.png|train/malignant/malignant (162)-rotated32-sharpened.png|train/malignant/malignant (162)-rotated32.png|train/malignant/malignant (162)-sharpened-rotated1.png|train/malignant/malignant (162)-sharpened-rotated2.png|train/malignant/malignant (162)-sharpened-rotated32.png|train/malignant/malignant (162)-sharpened-sharpened.png|train/malignant/malignant (162)-sharpened.png|train/malignant/malignant (162).png,f53b82bf9b8b1c4ef4377b90e9eec231|34eb9fe953f59750950eff44e5a45f74|12b453d7d248e1aec093c6d4f05c6a3a|8264b8a7e679ea966a0a282e5d1c4c63|59726c155315bfcf6a6320caa7cc2f2b|a8a42b348c0a94ac5bc9f436a1158bec|2d9c16042e1371562a7c544af984d1dd|8f190ce8f04d1c6f2f8dab713786d195|2bb7e25a16d59bcb3e3139da998c8a60|b4e97d280c0fd2d0fc7ab485025d8189|bfec90eaf39a09155403beb180fdd3ba|2493776bd670d553d0ca871e4a3aa931|3df5eb97c6ade773cc50ce353b23989e|833e445b8c38b906e83781941454608d|4394bab87dafdada51f4b488edec9218|31700268263684fc0480b7e346ac5a71|06bc5057502cb119b076a24b2dc53a57|e3d7c34619a7e63fe68b07e9857bfda4|4d864aa89c2233b19bb8f13b69a2efc7|516338febf64864c6d02363569fa8bab|cee7d8054ffd674fada4d1adfe6fabcc,malignant (162),inferred_from_filename_not_verified_identifier,train,False,train/malignant/malignant (162).png
bag-566d53c124af,grp-566d53c124af,benign,16,train/benign/benign (148)-rotated1-rotated1.png|train/benign/benign (148)-rotated1-rotated2.png|train/benign/benign (148)-rotated1-sharpened.png|train/benign/benign (148)-rotated1.jpg|train/benign/benign (148)-rotated1.png|train/benign/benign (148)-rotated2-rotated1.png|train/benign/benign (148)-rotated2-rotated2.png|train/benign/benign (148)-rotated2-sharpened.png|train/benign/benign (148)-rotated2.jpg|train/benign/benign (148)-rotated2.png|train/benign/benign (148)-sharpened-rotated1.png|train/benign/benign (148)-sharpened-rotated2.png|train/benign/benign (148)-sharpened-sharpened.png|train/benign/benign (148)-sharpened.jpg|train/benign/benign (148)-sharpened.png|train/benign/benign (148).png,8b3894999163fbe0d9f07134cc6bdb43|b1b7d7e895ee74fe776fc38faeebcf61|6123d3e43cb15418f124356bca9ea375|604c2c7a0bb7a3504e25c15e607e5d2b|be17bd732bee65bf603812008d513a67|38c96915243161039425b0631046730d|11bab091a1d8ea523d4d4e6a135b8faf|c9c483c6d0210aef9419e01d8dfc333c|6c98d5dd903a5b85cfba6338d464b2e1|031ecee99254473d7e73089d2d0490ac|a48c889bd6bb42a1e5e518825d8b393a|92d11eccb0ebbb98fb6b6629eeeadb64|f3e8fdd96be71060d79e711eafd05366|3fe23dc2a10eeebdb19b3a8e5bb742ed|47d52f68b518217fe602e93ebd3f9882|474783cb009097710e65f3789db0ebe6,benign (148),inferred_from_filename_not_verified_identifier,train,False,train/benign/benign (148).png
bag-5695d6a6d942,grp-5695d6a6d942,malignant,21,train/malignant/malignant (28)-rotated1-rotated1.png|train/malignant/malignant (28)-rotated1-rotated2.png|train/malignant/malignant (28)-rotated1-rotated32.png|train/malignant/malignant (28)-rotated1-sharpened.png|train/malignant/malignant (28)-rotated1.png|train/malignant/malignant (28)-rotated2-rotated1.png|train/malignant/malignant (28)-rotated2-rotated2.png|train/malignant/malignant (28)-rotated2-rotated32.png|train/malignant/malignant (28)-rotated2-sharpened.png|train/malignant/malignant (28)-rotated2.png|train/malignant/malignant (28)-rotated32-rotated1.png|train/malignant/malignant (28)-rotated32-rotated2.png|train/malignant/malignant (28)-rotated32-rotated32.png|train/malignant/malignant (28)-rotated32-sharpened.png|train/malignant/malignant (28)-rotated32.png|train/malignant/malignant (28)-sharpened-rotated1.png|train/malignant/malignant (28)-sharpened-rotated2.png|train/malignant/malignant (28)-sharpened-rotated32.png|train/malignant/malignant (28)-sharpened-sharpened.png|train/malignant/malignant (28)-sharpened.png|train/malignant/malignant (28).png,6c6bc9b90f7e9fde6083f3ef46983c7e|ef8e37d7c112de9833ef5ec7d87bb047|24656cf783eab323d803b2dd23f0553f|5c064afabec8f59a6b717bc169ba075c|65c3b26c7747de8c83cdde3946706c4c|80c4cacaf509eff0e2a19701b97152de|382455dee3eaaadd9538189dad35e30c|98722f6ee8c31125e5e91a2ceca2c3ce|836d0c014b93d163f574e295e387b9e4|cdf7b6db9e704053e1ef0697b682aba2|dc0527e81a8526095c88ebb8bfde7b86|98caa867c37690b547c8867cebb9c14d|e050655dacc137760f9d2aab92d41cc4|5c6f80a2e228584902b1830de9535ad7|a5b595907676228918385fc064695a61|93a0074fc8934aaa8a07a341261b0287|e7ebc05436c6a373fe464340ef4e3442|2d22951bccb9048f897dc72a0424820b|84dba6b46c2200c1521357d508cc44ec|357768e37e7f4c7599cb8898ad340e21|cf9283e61bdf76124f434233fa820afd,malignant (28),inferred_from_filename_not_verified_identifier,train,False,train/malignant/malignant (28).png
bag-5736489e8e05,grp-5736489e8e05,benign,16,train/benign/benign (53)-rotated1-rotated1.png|train/benign/benign (53)-rotated1-rotated2.png|train/benign/benign (53)-rotated1-sharpened.png|train/benign/benign (53)-rotated1.jpg|train/benign/benign (53)-rotated1.png|train/benign/benign (53)-rotated2-rotated1.png|train/benign/benign (53)-rotated2-rotated2.png|train/benign/benign (53)-rotated2-sharpened.png|train/benign/benign (53)-rotated2.jpg|train/benign/benign (53)-rotated2.png|train/benign/benign (53)-sharpened-rotated1.png|train/benign/benign (53)-sharpened-rotated2.png|train/benign/benign (53)-sharpened-sharpened.png|train/benign/benign (53)-sharpened.jpg|train/benign/benign (53)-sharpened.png|train/benign/benign (53).png,ac7e3bac64c23159a340892d22566c1b|b913f7bf76b4760581c138d9321e943a|c9e061e29e964865d3203a8db66db5e9|e0c5a28a46ce558594b3037e849e8f9e|87c9c0ded7d82da250c280c1341ebd1d|6e3ebcb99f915a3a7b7c857beb15dffd|6b3f35829b0e35319ce15bc5156afc6a|d4d1e916e0f05d1ec2cf7c0b5911818c|99f03fabecb38a6758e4178b9d019b70|46bcc3254ac1c9f6f9df818ae8d9aaf8|a8ee1b958c2935482563de670bd2da58|7bddd02617456e753646d0d2c4dfa8c1|a639b5a085d7fc57e460dc81eb1320c6|df969de5c0b449bba3f19c9fbb789622|7ebea0f97682537b4287545741a8fc66|fc4ea4858db9142d4bd42f2af94de39a,benign (53),inferred_from_filename_not_verified_identifier,train,False,train/benign/benign (53).png
bag-574cfd600f91,grp-574cfd600f91,malignant,21,train/malignant/malignant (51)-rotated1-rotated1.png|train/malignant/malignant (51)-rotated1-rotated2.png|train/malignant/malignant (51)-rotated1-rotated32.png|train/malignant/malignant (51)-rotated1-sharpened.png|train/malignant/malignant (51)-rotated1.png|train/malignant/malignant (51)-rotated2-rotated1.png|train/malignant/malignant (51)-rotated2-rotated2.png|train/malignant/malignant (51)-rotated2-rotated32.png|train/malignant/malignant (51)-rotated2-sharpened.png|train/malignant/malignant (51)-rotated2.png|train/malignant/malignant (51)-rotated32-rotated1.png|train/malignant/malignant (51)-rotated32-rotated2.png|train/malignant/malignant (51)-rotated32-rotated32.png|train/malignant/malignant (51)-rotated32-sharpened.png|train/malignant/malignant (51)-rotated32.png|train/malignant/malignant (51)-sharpened-rotated1.png|train/malignant/malignant (51)-sharpened-rotated2.png|train/malignant/malignant (51)-sharpened-rotated32.png|train/malignant/malignant (51)-sharpened-sharpened.png|train/malignant/malignant (51)-sharpened.png|train/malignant/malignant (51).png,af1638f496729032935e2e0074f185a8|63d5a7bb00d5ed1bb47634d9fd03b267|af1638f496729032935e2e0074f185a8|73d637a6cd86deb5c6e26a3cf33ff9b7|f7700a1b4bb2d0137b1d848987d3f3c6|73631e725e184b9efb792dc71adf82dd|d17f4f24f3dc201d1bed27655064ff0a|65c1662e8089b270d3873a74af2b769f|1120e42794db417e3cb3b29895953d04|59408b73060d8ac5693d1aa2ade9031c|4b162690b497f7fbb4ed71c131672ae4|781d9fc52cbb62a0ce5ebe713ffcffa7|84d33e7da6b1c74da8c8b98442ffda80|9bc107b6c1018f7b32b05ed683fac6eb|b71c1fdc0082eb586d634df6104b0c19|d0c5bd58330011f083559ab16b416cbb|84acc0309bf32e9e6d13c7daec3032d4|dae22589ca0e06e8128215106ab9e5df|64a479afcc289f2986f6e370875e7f00|fa2ba7b8aa23394be5674d3f77732a37|c0a0f9099fc8355a0806b7524085dc14,malignant (51),inferred_from_filename_not_verified_identifier,train,False,train/malignant/malignant (51).png
bag-5858f6840c55,grp-5858f6840c55,benign,16,train/benign/benign (245)-rotated1-rotated1.png|train/benign/benign (245)-rotated1-rotated2.png|train/benign/benign (245)-rotated1-sharpened.png|train/benign/benign (245)-rotated1.jpg|train/benign/benign (245)-rotated1.png|train/benign/benign (245)-rotated2-rotated1.png|train/benign/benign (245)-rotated2-rotated2.png|train/benign/benign (245)-rotated2-sharpened.png|train/benign/benign (245)-rotated2.jpg|train/benign/benign (245)-rotated2.png|train/benign/benign (245)-sharpened-rotated1.png|train/benign/benign (245)-sharpened-rotated2.png|train/benign/benign (245)-sharpened-sharpened.png|train/benign/benign (245)-sharpened.jpg|train/benign/benign (245)-sharpened.png|train/benign/benign (245).png,5ed0c36f1693ec6672d23031c52e4d58|7be5703dfeafff054fea28fc7ca65a01|6f2f95f87a026bafefdba4bd07b7a053|9099f6acf112560752d6046a2a560f8a|b297495303c048c2936d61130ffa0588|ed613589dd6130e2ec1997e789b98183|0136349580e45cc628cee3fdf9cd336b|4eca9716942e5a30dfe2e97416853ad3|c47278269cc5aa04ab224ac99b434421|5b70b0e9a2922d3e000a3983bf61cf00|b37e61936349f814b23b62fc686b6d77|0c3447a5521eab67de36291d9e4a3cc8|cd06995a4f1dc349fde877083e7db218|f7bdce496a48f2aa5af4241de5709e17|a67d3507f0355a61708561ef3077fb8a|6689ce27efb4662fe6ad6338a26feba9,benign (245),inferred_from_filename_not_verified_identifier,train,False,train/benign/benign (245).png
bag-5a0180473dc2,grp-5a0180473dc2,benign,16,train/benign/benign (160)-rotated1-rotated1.png|train/benign/benign (160)-rotated1-rotated2.png|train/benign/benign (160)-rotated1-sharpened.png|train/benign/benign (160)-rotated1.jpg|train/benign/benign (160)-rotated1.png|train/benign/benign (160)-rotated2-rotated1.png|train/benign/benign (160)-rotated2-rotated2.png|train/benign/benign (160)-rotated2-sharpened.png|train/benign/benign (160)-rotated2.jpg|train/benign/benign (160)-rotated2.png|train/benign/benign (160)-sharpened-rotated1.png|train/benign/benign (160)-sharpened-rotated2.png|train/benign/benign (160)-sharpened-sharpened.png|train/benign/benign (160)-sharpened.jpg|train/benign/benign (160)-sharpened.png|train/benign/benign (160).png,08e0766640ba6489b550d1d91b874a87|012bdbda2cb5c2b0c5559c3f2053a8be|0b65c61c8f3858a6b3dc0e14dd82f62c|b4db265ce8ef73a609bae551af13d2bb|4a316101f192046d346e956766b2ac2d|b1f6bba6c57ff319e12e59b90b52ffb0|aadb09a100d42a7fd998c275d9769d0c|f0230950c16b1bb792329a95b42eed47|b4db265ce8ef73a609bae551af13d2bb|7d45411489f8acf6eb2173261d43926f|ec764981b0bc760baace424a1c9f7dfc|1d0c6ffd0286b8088ccdd1c4dd3ba611|e7415ab02c06d0594bc43fa6a6cf0072|bc3f06a3f0edc63908d7431ceece005b|368379786a6d40a7205dba1862a75588|97b9224a31782b05b09db1f777ef5aaa,benign (160),inferred_from_filename_not_verified_identifier,train,False,train/benign/benign (160).png
bag-5b3a3e2157ea,grp-5b3a3e2157ea,malignant,21,train/malignant/malignant (123)-rotated1-rotated1.png|train/malignant/malignant (123)-rotated1-rotated2.png|train/malignant/malignant (123)-rotated1-rotated32.png|train/malignant/malignant (123)-rotated1-sharpened.png|train/malignant/malignant (123)-rotated1.png|train/malignant/malignant (123)-rotated2-rotated1.png|train/malignant/malignant (123)-rotated2-rotated2.png|train/malignant/malignant (123)-rotated2-rotated32.png|train/malignant/malignant (123)-rotated2-sharpened.png|train/malignant/malignant (123)-rotated2.png|train/malignant/malignant (123)-rotated32-rotated1.png|train/malignant/malignant (123)-rotated32-rotated2.png|train/malignant/malignant (123)-rotated32-rotated32.png|train/malignant/malignant (123)-rotated32-sharpened.png|train/malignant/malignant (123)-rotated32.png|train/malignant/malignant (123)-sharpened-rotated1.png|train/malignant/malignant (123)-sharpened-rotated2.png|train/malignant/malignant (123)-sharpened-rotated32.png|train/malignant/malignant (123)-sharpened-sharpened.png|train/malignant/malignant (123)-sharpened.png|train/malignant/malignant (123).png,a44e8d555164b297b64ed0f1ed319ed9|afaa4605e3be4f519d2ef44a21a4a180|edc859f5c885e48dfd38052c7a3b06de|e06eae83796cdb671f3a629bfe76e35b|483fdd29518b05b23807adc7ffe16d5d|d4f32a398850400037b6f3a9597749e4|bc6af9ee02ce323e82e0ed3d186c5012|2779c9d9752e4b4b082ad19e2c4fd67a|499bb20a55c180ec63110aa70b1dfa7d|edc859f5c885e48dfd38052c7a3b06de|60acf42fd53bcaac74d0223446ec727e|dc36fd5884dac3f459ea0185e22927c2|46528b439039e3d3c128a4f6c8cdff82|4704814e53d1d53a9a38a8f5c14c052f|bdf74df62011363a6cbeaf95e7f82da0|2ec922844f56e94ed79defb54a8529d2|6cf2e59dbbcb3311bdf9c4211802f45d|65eef3c09692b6db198844fa0bf2b29f|18c38f22c92a6c8793d48acc4cf737aa|ecc336bc0ef49a2b0f29448080508791|53fe3531112ea4c7ce688e3f1e395c84,malignant (123),inferred_from_filename_not_verified_identifier,train,False,train/malignant/malignant (123).png
bag-5c1f139e5794,grp-5c1f139e5794,benign,16,train/benign/benign (107)-rotated1-rotated1.png|train/benign/benign (107)-rotated1-rotated2.png|train/benign/benign (107)-rotated1-sharpened.png|train/benign/benign (107)-rotated1.jpg|train/benign/benign (107)-rotated1.png|train/benign/benign (107)-rotated2-rotated1.png|train/benign/benign (107)-rotated2-rotated2.png|train/benign/benign (107)-rotated2-sharpened.png|train/benign/benign (107)-rotated2.jpg|train/benign/benign (107)-rotated2.png|train/benign/benign (107)-sharpened-rotated1.png|train/benign/benign (107)-sharpened-rotated2.png|train/benign/benign (107)-sharpened-sharpened.png|train/benign/benign (107)-sharpened.jpg|train/benign/benign (107)-sharpened.png|train/benign/benign (107).png,e44e094ea027541675186f80ca4d7741|e545d5006e5dda31c2749753917d63c5|2ac2ba46cb291259a694d5f6b609a679|7f491702902754639ada582bfa84e8b1|3091d152827743d848e0f5b4177f0172|76549e229421216320f1785a73d58dbf|0e008735af85047c6474cedf333b9ffd|49fb2b2c388d10d6fc6849b0ce664130|f69af401df2c42d104326d59903419e8|936dc3108dcfb5f64bcdb0f6e986294e|f762f32147a9dad4434cde0ae71320e0|97f33eb5ebc1870abe3b2df8cf30b337|6bf55e7a93b309fb44b7f87fff6c72ca|b7044e6395a3559b0b1af7a0ce2442a6|49fb2b2c388d10d6fc6849b0ce664130|9d2d5e8b2657d9661258f787b0c9b8af,benign (107),inferred_from_filename_not_verified_identifier,train,False,train/benign/benign (107).png
bag-5d5bf49b8bc7,grp-5d5bf49b8bc7,benign,16,train/benign/benign (219)-rotated1-rotated1.png|train/benign/benign (219)-rotated1-rotated2.png|train/benign/benign (219)-rotated1-sharpened.png|train/benign/benign (219)-rotated1.jpg|train/benign/benign (219)-rotated1.png|train/benign/benign (219)-rotated2-rotated1.png|train/benign/benign (219)-rotated2-rotated2.png|train/benign/benign (219)-rotated2-sharpened.png|train/benign/benign (219)-rotated2.jpg|train/benign/benign (219)-rotated2.png|train/benign/benign (219)-sharpened-rotated1.png|train/benign/benign (219)-sharpened-rotated2.png|train/benign/benign (219)-sharpened-sharpened.png|train/benign/benign (219)-sharpened.jpg|train/benign/benign (219)-sharpened.png|train/benign/benign (219).png,e40b63ad37a811dd071bb15cb3965987|738eb2aff0b0f811316a4de326518815|1d07d69a3a7884ce968fc4ecc66243a0|210bc7f631f77a367beda7a9135dd560|3a261d0f8b2372f58ad7cf8e5590acd0|5759d7f9101c1922d4a9b56d1c2a531d|ff18f545a69febcc4de4040f04c74102|43015bef34d49d643b2c03cb34b7ad9e|cdf52b4d72432711d5781cac0a57343c|05e818cd8f1b0073f095b39cf65e658e|68679b583fff38115ec991304605c474|0817b7d09864af2b396c6afef1c744d7|5fa1d858a83421d4f769f59fd5ee3cd5|575201f5abe464e03f695bcac71491ce|288c83589aa64d2d156ad1e30482e0c8|f83d63fc1c971916805aa3f356918871,benign (219),inferred_from_filename_not_verified_identifier,train,False,train/benign/benign (219).png
bag-5ec530d8d3a5,grp-5ec530d8d3a5,benign,16,train/benign/benign (215)-rotated1-rotated1.png|train/benign/benign (215)-rotated1-rotated2.png|train/benign/benign (215)-rotated1-sharpened.png|train/benign/benign (215)-rotated1.jpg|train/benign/benign (215)-rotated1.png|train/benign/benign (215)-rotated2-rotated1.png|train/benign/benign (215)-rotated2-rotated2.png|train/benign/benign (215)-rotated2-sharpened.png|train/benign/benign (215)-rotated2.jpg|train/benign/benign (215)-rotated2.png|train/benign/benign (215)-sharpened-rotated1.png|train/benign/benign (215)-sharpened-rotated2.png|train/benign/benign (215)-sharpened-sharpened.png|train/benign/benign (215)-sharpened.jpg|train/benign/benign (215)-sharpened.png|train/benign/benign (215).png,ab1b9ad83474e4952027769b4b58b79f|52c56eb246f4b1344792fa5f042c9575|32dfaf530f9dd3fc7ea53e0e60150d19|612173287eafed21a2456208ef39b793|7f3cf5281a974216efd1b6cda3476558|d2415a2f33db9c107ecb2668a324e065|5273b6c213e217e3f927dab7fb7dc93b|32dfaf530f9dd3fc7ea53e0e60150d19|9b67aaf1bad051034ce067ddbd0c4c94|5c731e384c2d821717f934b3d1560f57|231482c0b330ee113b79817d5b4ec6e0|94998ebbe70aafe3fcea0b660a87cfe6|3fbebc957fa3656e0a9189d16cf2c095|12508fe0ebd99078148897dc45710872|0f314b6aa19ef16038177bc034504b18|c993b309a702bc31243279bb95388343,benign (215),inferred_from_filename_not_verified_identifier,train,False,train/benign/benign (215).png
bag-5f0e5636a950,grp-5f0e5636a950,malignant,21,train/malignant/malignant (81)-rotated1-rotated1.png|train/malignant/malignant (81)-rotated1-rotated2.png|train/malignant/malignant (81)-rotated1-rotated32.png|train/malignant/malignant (81)-rotated1-sharpened.png|train/malignant/malignant (81)-rotated1.png|train/malignant/malignant (81)-rotated2-rotated1.png|train/malignant/malignant (81)-rotated2-rotated2.png|train/malignant/malignant (81)-rotated2-rotated32.png|train/malignant/malignant (81)-rotated2-sharpened.png|train/malignant/malignant (81)-rotated2.png|train/malignant/malignant (81)-rotated32-rotated1.png|train/malignant/malignant (81)-rotated32-rotated2.png|train/malignant/malignant (81)-rotated32-rotated32.png|train/malignant/malignant (81)-rotated32-sharpened.png|train/malignant/malignant (81)-rotated32.png|train/malignant/malignant (81)-sharpened-rotated1.png|train/malignant/malignant (81)-sharpened-rotated2.png|train/malignant/malignant (81)-sharpened-rotated32.png|train/malignant/malignant (81)-sharpened-sharpened.png|train/malignant/malignant (81)-sharpened.png|train/malignant/malignant (81).png,915009dd7b418650679ac4ab50d73782|4f2067f3721c21ecc454f9374a41f4bc|d7836c6fd4efe923c66c94d403ac3f17|5c38cc8acfc9550898daca3b27e65456|d5a438de840b87a2e13e8ca9b242d9e5|2a4a0c784cea5898328f3c0d576f34f3|7a734262373a9b749a8fac98b84c72b1|e06ec48a5b0cb3e56ec7cd56917081b5|a84fdcd6662b2a8d893762715e1032bf|5efab1d78f95ef9ea055b3c3d0da775a|9ff6b68e9d719d25d5182ecf789b7418|a357524fa7dc9fa4001d6efa5673aa18|1c568d56c11337305776a32c262efb0d|5c38cc8acfc9550898daca3b27e65456|8d6d4edbb51bb9eb90398ee2d3a20787|a30739f88d6e6f0104a7316793442787|6144079ec56b17ddbc57be487989ee2c|e0b7fc25ba4f2356b2b200d5ad8b1c6d|07eccad9746ea0f1dadba33c4a5e02cd|88e75e3d2e2d623014ee525d674cac4f|79dd8f35856d39ed966ad79efda67767,malignant (81),inferred_from_filename_not_verified_identifier,train,False,train/malignant/malignant (81).png
bag-5f642accb0ea,grp-5f642accb0ea,benign,16,train/benign/benign (75)-rotated1-rotated1.png|train/benign/benign (75)-rotated1-rotated2.png|train/benign/benign (75)-rotated1-sharpened.png|train/benign/benign (75)-rotated1.jpg|train/benign/benign (75)-rotated1.png|train/benign/benign (75)-rotated2-rotated1.png|train/benign/benign (75)-rotated2-rotated2.png|train/benign/benign (75)-rotated2-sharpened.png|train/benign/benign (75)-rotated2.jpg|train/benign/benign (75)-rotated2.png|train/benign/benign (75)-sharpened-rotated1.png|train/benign/benign (75)-sharpened-rotated2.png|train/benign/benign (75)-sharpened-sharpened.png|train/benign/benign (75)-sharpened.jpg|train/benign/benign (75)-sharpened.png|train/benign/benign (75).png,4182cf47461b59c1d576d6c2c76f19a3|293f26593d3288296aeb1eca21b85cd3|4447c5fe8a06880cb52a1227eca6d77e|714ff51a9a7e3a334e2ff0ee804ce8f9|48c4a3f44a6a876eca7927f6d6b17b1b|1ef038686328816b00b3359c757892b5|14835515ce499c62e8b92daafc5def6b|b79ef270e45cfa1fc4ea5e19ca1149a7|0ba2659fb832079c64d822a57a62b857|48c4a3f44a6a876eca7927f6d6b17b1b|6b4e343c56045b881e03cbd47a4c40be|f17279e89e199e11f4786cd38bce196f|5490105fdaa933de610d216770f54289|31433ad281eaae9b91b48e376fa4581e|adab5f48dc630d2150c2e1e755618276|31505740617f7bdec7e798e5adb9fba9,benign (75),inferred_from_filename_not_verified_identifier,train,False,train/benign/benign (75).png
bag-605396755bcb,grp-605396755bcb,benign,16,train/benign/benign (274)-rotated1-rotated1.png|train/benign/benign (274)-rotated1-rotated2.png|train/benign/benign (274)-rotated1-sharpened.png|train/benign/benign (274)-rotated1.jpg|train/benign/benign (274)-rotated1.png|train/benign/benign (274)-rotated2-rotated1.png|train/benign/benign (274)-rotated2-rotated2.png|train/benign/benign (274)-rotated2-sharpened.png|train/benign/benign (274)-rotated2.jpg|train/benign/benign (274)-rotated2.png|train/benign/benign (274)-sharpened-rotated1.png|train/benign/benign (274)-sharpened-rotated2.png|train/benign/benign (274)-sharpened-sharpened.png|train/benign/benign (274)-sharpened.jpg|train/benign/benign (274)-sharpened.png|train/benign/benign (274).png,0c24f767720dfc59c3fb8757a2f1e347|57c0509866aa23af2e9687e0b738d96b|63df74b4533f285e2147a24f31c05a16|5e1fdb2dea1e20979e99a8c0ef281b19|a0927b782bb2956fbc27a460747187a5|ae2af97fd77a19aae0af07b9a3b66263|b5e61172a0bb026fb419173f8e7449ee|df4f6ab18c482b3755c99ae90ac9f735|7c81ee3577e1e4a5958994c3f211244f|562c2c7c04920e771df525d88764144a|aaa7e79230f6ab769f26423f95d3d451|656426fe4ea755a0cf602bbddafba46c|d18e0381348ca1806225704b730caba9|31be10b55a840c377131b4d707362b7a|7939aaf7e99cdf2ceb1ee8473da58cb1|a0e98e8f52ff856004c0327c62bfa548,benign (274),inferred_from_filename_not_verified_identifier,train,False,train/benign/benign (274).png
bag-6068d35baf16,grp-6068d35baf16,benign,16,train/benign/benign (67)-rotated1-rotated1.png|train/benign/benign (67)-rotated1-rotated2.png|train/benign/benign (67)-rotated1-sharpened.png|train/benign/benign (67)-rotated1.jpg|train/benign/benign (67)-rotated1.png|train/benign/benign (67)-rotated2-rotated1.png|train/benign/benign (67)-rotated2-rotated2.png|train/benign/benign (67)-rotated2-sharpened.png|train/benign/benign (67)-rotated2.jpg|train/benign/benign (67)-rotated2.png|train/benign/benign (67)-sharpened-rotated1.png|train/benign/benign (67)-sharpened-rotated2.png|train/benign/benign (67)-sharpened-sharpened.png|train/benign/benign (67)-sharpened.jpg|train/benign/benign (67)-sharpened.png|train/benign/benign (67).png,f2fffc112f808d3752d46869fec8d530|df6c7bd161a1ab4f12c52d3e1cb24786|fee160e149552d4011a9f66bdbe4b4de|1a1ab2da7c1caf17c8aecdbf787dbd4d|c439d06cae79961d0418eef688c0b679|b14196c7383d1b739080b5d8cf524568|7201b374af1c932c526e11017897f316|33330e4daae07544351b1087fd3aa602|2bc5260b0c3ade2204437f11990bc4e3|0e5cbce4073b9979fe327377a90a8d67|97971c82bd4ca92584abc02f230d0437|09d2647eb7c17f4320aa409c7540bb50|4148176b68eae90902c793fa36eeef7a|9b2a47e3c582d04f4561fb9598e953d8|825ea2250041c33954faf492517a6272|22989c88b2e326b3c2a1d2bd17d73dd2,benign (67),inferred_from_filename_not_verified_identifier,train,False,train/benign/benign (67).png
bag-6100735ffd73,grp-6100735ffd73,benign,16,train/benign/benign (167)-rotated1-rotated1.png|train/benign/benign (167)-rotated1-rotated2.png|train/benign/benign (167)-rotated1-sharpened.png|train/benign/benign (167)-rotated1.jpg|train/benign/benign (167)-rotated1.png|train/benign/benign (167)-rotated2-rotated1.png|train/benign/benign (167)-rotated2-rotated2.png|train/benign/benign (167)-rotated2-sharpened.png|train/benign/benign (167)-rotated2.jpg|train/benign/benign (167)-rotated2.png|train/benign/benign (167)-sharpened-rotated1.png|train/benign/benign (167)-sharpened-rotated2.png|train/benign/benign (167)-sharpened-sharpened.png|train/benign/benign (167)-sharpened.jpg|train/benign/benign (167)-sharpened.png|train/benign/benign (167).png,912227baa3c35fbd5314152b12a6d473|106844ddc9ac0d5c05595848e4a449da|893a6be2536cc5012733ebc9af50ef88|f308c84507e88eb3d71645269f404d50|62646fe0f94f4e84358ea5d2096bbefb|7fa893f467896be0730a77c29101cfba|3c63f07d88ad3bc4a81756117bca3425|e05e4af06106f9d0902915aaff96d69d|57ab6c0efa452e1d67b6c6212e079ec6|626533d3a9f53f784e3383d2230fef16|97decef070c896744340f0e698a664dc|9f9dc8f0bda6cd7e267c5018149e3bb5|863206f94c8bf816b8d8edd031600774|641a9b18a93343268667a12ff87c0aad|5a9970e3d85698dc26fcb362f2dddf65|d1d338ab18098542ffd666294cfda263,benign (167),inferred_from_filename_not_verified_identifier,train,False,train/benign/benign (167).png
bag-6168ae39b944,grp-6168ae39b944,benign,16,train/benign/benign (166)-rotated1-rotated1.png|train/benign/benign (166)-rotated1-rotated2.png|train/benign/benign (166)-rotated1-sharpened.png|train/benign/benign (166)-rotated1.jpg|train/benign/benign (166)-rotated1.png|train/benign/benign (166)-rotated2-rotated1.png|train/benign/benign (166)-rotated2-rotated2.png|train/benign/benign (166)-rotated2-sharpened.png|train/benign/benign (166)-rotated2.jpg|train/benign/benign (166)-rotated2.png|train/benign/benign (166)-sharpened-rotated1.png|train/benign/benign (166)-sharpened-rotated2.png|train/benign/benign (166)-sharpened-sharpened.png|train/benign/benign (166)-sharpened.jpg|train/benign/benign (166)-sharpened.png|train/benign/benign (166).png,ef37997c95c8928de4bbf82e6664f9bc|30cd3c4f0efa0ca99cbc4433bff4a21b|f8882d780f64272ea4e8cbae09c2a5e3|3258c1bb95d5b12f843692247dc58091|d55bd2eb602347e6281df0a13116f35a|69f04daff94f707cbf7a9c6f3e069cd0|ef7814b90751dc248acdbc09d2e896d4|c24d83064a956b6052da4bb0388fcf7c|d71e8057f79cee910e20d6809be39ae9|53a1b951401de129549f7a086286243b|613f066d3965ba4f39c1be606c6c11b4|5cacc500b8364e7fca2932f7b584bec6|c613b15d0a203051b89bcd2ea4d5a4d9|4ab3958bd6aaa06a9fea0534d996b565|f8882d780f64272ea4e8cbae09c2a5e3|6cdabb7ff81f5414538ea6fc386c2d5e,benign (166),inferred_from_filename_not_verified_identifier,train,False,train/benign/benign (166).png
bag-61bda1351332,grp-61bda1351332,benign,16,train/benign/benign (191)-rotated1-rotated1.png|train/benign/benign (191)-rotated1-rotated2.png|train/benign/benign (191)-rotated1-sharpened.png|train/benign/benign (191)-rotated1.jpg|train/benign/benign (191)-rotated1.png|train/benign/benign (191)-rotated2-rotated1.png|train/benign/benign (191)-rotated2-rotated2.png|train/benign/benign (191)-rotated2-sharpened.png|train/benign/benign (191)-rotated2.jpg|train/benign/benign (191)-rotated2.png|train/benign/benign (191)-sharpened-rotated1.png|train/benign/benign (191)-sharpened-rotated2.png|train/benign/benign (191)-sharpened-sharpened.png|train/benign/benign (191)-sharpened.jpg|train/benign/benign (191)-sharpened.png|train/benign/benign (191).png,ae078614b3a6258fb1d2eb6d33128ab3|ef252c6fedfc46aefcdacad1393d4d94|c18e09740460566841f97c4292ca5b95|4fffbd270dc03d5a518d567d549fd140|057ed4b6efab1a69e99730464bd5e6dd|2ac0cf893d31718424ea04072421d559|e61e63e63fc28c810a5bac6c1d7337ec|b688b1427045c06fd25992824778e076|654f9e83eb5b315a749470f34c8875cd|e7ddc87b0ce3532d4c9e51efda1a2e30|1f76036ee6221458bf4cea30d0190adb|a64381045448b89d5c8643558f1fbdd6|7310edd2e78ff8b236e73f14372be769|772e4365c1d7486c747cc8137cbe16b8|45a20e2f199e42654b30a02d8d01e6ef|d23eea33524351853aeac5efd7b4dc8b,benign (191),inferred_from_filename_not_verified_identifier,train,False,train/benign/benign (191).png
bag-61c0b4c1bcd4,grp-61c0b4c1bcd4,benign,16,train/benign/benign (288)-rotated1-rotated1.png|train/benign/benign (288)-rotated1-rotated2.png|train/benign/benign (288)-rotated1-sharpened.png|train/benign/benign (288)-rotated1.jpg|train/benign/benign (288)-rotated1.png|train/benign/benign (288)-rotated2-rotated1.png|train/benign/benign (288)-rotated2-rotated2.png|train/benign/benign (288)-rotated2-sharpened.png|train/benign/benign (288)-rotated2.jpg|train/benign/benign (288)-rotated2.png|train/benign/benign (288)-sharpened-rotated1.png|train/benign/benign (288)-sharpened-rotated2.png|train/benign/benign (288)-sharpened-sharpened.png|train/benign/benign (288)-sharpened.jpg|train/benign/benign (288)-sharpened.png|train/benign/benign (288).png,d4e1461f9cb5610d612a8184cdd1a303|c3a0cc02a4fcf701b20a16c655c4df91|4522c545a3b23a89d38b8964ac858b2f|66d0aef3fd9c06b5bd3ebd07488c0786|12df155859ce3bb00b8cc04873841e87|cfd177ae525859637e0f28b0b00d2fea|0b5e6576ff9c9954210ec30e7599172f|23b5ac6b3fec9b241a00227ad701e4c7|8e476e774477bc941237437e72be5585|cac13fed80d737990bcfdd94a0b75337|bc8456f1bc8ac61e91ac799717759b4a|a0f117e5a8a6cfe9c8608f8e569af359|46e2b04b02c6a41cda8b3efc5fa80693|0739ed6b6502d751bad2bfd01b248b34|a0f117e5a8a6cfe9c8608f8e569af359|eed0fed066194ef4a374ac2d97aee2e2,benign (288),inferred_from_filename_not_verified_identifier,train,False,train/benign/benign (288).png
bag-626776a39609,grp-626776a39609,malignant,21,train/malignant/malignant (207)-rotated1-rotated1.png|train/malignant/malignant (207)-rotated1-rotated2.png|train/malignant/malignant (207)-rotated1-rotated32.png|train/malignant/malignant (207)-rotated1-sharpened.png|train/malignant/malignant (207)-rotated1.png|train/malignant/malignant (207)-rotated2-rotated1.png|train/malignant/malignant (207)-rotated2-rotated2.png|train/malignant/malignant (207)-rotated2-rotated32.png|train/malignant/malignant (207)-rotated2-sharpened.png|train/malignant/malignant (207)-rotated2.png|train/malignant/malignant (207)-rotated32-rotated1.png|train/malignant/malignant (207)-rotated32-rotated2.png|train/malignant/malignant (207)-rotated32-rotated32.png|train/malignant/malignant (207)-rotated32-sharpened.png|train/malignant/malignant (207)-rotated32.png|train/malignant/malignant (207)-sharpened-rotated1.png|train/malignant/malignant (207)-sharpened-rotated2.png|train/malignant/malignant (207)-sharpened-rotated32.png|train/malignant/malignant (207)-sharpened-sharpened.png|train/malignant/malignant (207)-sharpened.png|train/malignant/malignant (207).png,2b5c5aeb46f42705cf34fbf63b1b53b7|bbac9faaa8d96baf0ab155eee0fe8067|bc1860dcea6aebbdc9a0a68d0e09c315|06d3e52b1c18c04c165fa82dda27190b|c86e7dcf41c0f7c49e0f7d5a854dbaad|1a5812743cd1344e78090ecf914a2bc2|b63ac8c5157bf792454b96689bf456a5|d16cc54540e3aead853c91f749934913|59d7073dae4a139616e3fc6ef184ce30|3244e6cd2300fa1ef9ab2e35f78be32b|f0bf1116a91f0186dbddae50cb399cf6|250f6a92cfffdcb3c1970599d910d1da|9443b573829e0cdcfe867da631cb7d09|c966b28dc59f627bb643b7bb745b695c|b6708f8f6883a45a6fe3909de37959b1|3cf78fefd7fc1116f582ca683cfaf8fc|6cf207cca0d117831b93b4bf79603313|2ee4c3f20796d14e3c63826b5c8de15b|74fe0ccf270332573bbf5a23abe6f15f|70b11897abce28d123d0f65fc2dc0b72|287ca6d0c9546a426b03adefb0caf46b,malignant (207),inferred_from_filename_not_verified_identifier,train,False,train/malignant/malignant (207).png
bag-64e77f9d7746,grp-64e77f9d7746,benign,16,train/benign/benign (157)-rotated1-rotated1.png|train/benign/benign (157)-rotated1-rotated2.png|train/benign/benign (157)-rotated1-sharpened.png|train/benign/benign (157)-rotated1.jpg|train/benign/benign (157)-rotated1.png|train/benign/benign (157)-rotated2-rotated1.png|train/benign/benign (157)-rotated2-rotated2.png|train/benign/benign (157)-rotated2-sharpened.png|train/benign/benign (157)-rotated2.jpg|train/benign/benign (157)-rotated2.png|train/benign/benign (157)-sharpened-rotated1.png|train/benign/benign (157)-sharpened-rotated2.png|train/benign/benign (157)-sharpened-sharpened.png|train/benign/benign (157)-sharpened.jpg|train/benign/benign (157)-sharpened.png|train/benign/benign (157).png,3d46d0d8e096ab5bfbaba50676a87bc2|06d03829471855a91c1eab44711c9208|85016f6e7868fbb24c2f9dda302bcd57|40e95b8600602e1a0d1ba864a3e03012|2e2277c877ebe7e0ab7105dff5ec7e47|22cf6a33e5d0b9c4df9652c86313afb7|d7716523506d1c343c2d62fa8277d8b8|6e6dc94400febced8cefec4ec6aad7c2|bc20889c459720c458465a8a5a7417dd|360e4d9c7a1cb782877f63a274aad486|8811bf260c7b23724e5b61b869de37e8|efa1e2537026fcebd233a1792003b903|f8169a49be04ebf0ab154d23f110f995|e38a79836075f672de6ea0e5c0c34b68|16a8c76c14330b3b89a03717fc377d26|4b5fa55ec3c4a241516239f272f2054b,benign (157),inferred_from_filename_not_verified_identifier,train,False,train/benign/benign (157).png
bag-6548a9f4222b,grp-6548a9f4222b,malignant,21,train/malignant/malignant (76)-rotated1-rotated1.png|train/malignant/malignant (76)-rotated1-rotated2.png|train/malignant/malignant (76)-rotated1-rotated32.png|train/malignant/malignant (76)-rotated1-sharpened.png|train/malignant/malignant (76)-rotated1.png|train/malignant/malignant (76)-rotated2-rotated1.png|train/malignant/malignant (76)-rotated2-rotated2.png|train/malignant/malignant (76)-rotated2-rotated32.png|train/malignant/malignant (76)-rotated2-sharpened.png|train/malignant/malignant (76)-rotated2.png|train/malignant/malignant (76)-rotated32-rotated1.png|train/malignant/malignant (76)-rotated32-rotated2.png|train/malignant/malignant (76)-rotated32-rotated32.png|train/malignant/malignant (76)-rotated32-sharpened.png|train/malignant/malignant (76)-rotated32.png|train/malignant/malignant (76)-sharpened-rotated1.png|train/malignant/malignant (76)-sharpened-rotated2.png|train/malignant/malignant (76)-sharpened-rotated32.png|train/malignant/malignant (76)-sharpened-sharpened.png|train/malignant/malignant (76)-sharpened.png|train/malignant/malignant (76).png,a2c948ecc2de8af9e7023fccf86d99b7|90094bfdefe2bdcca57af05259fae73f|be58b2d5cfa7430b2db617a64caa82c0|7f3dc2ee380325e43038195f45b81275|3002156a4b801867213405c396016951|968f7cb0bf9bd90d0eee4dfe891e1d91|84069f4903b922139a172903bb88574a|74221b0307a76253c9eefd646c4c3148|eda084fa82b5c52487afb16ae8872f46|617f0ba6ef33fd44ececce6918c2a5dc|b0771839e43474ea3faddbf83c295c97|5d843182308db4f44f31b8323d1de496|51c5b229531975668c2257dfcfe5cb68|178e87fdf2d8d07c2ffffe2b78399f4f|46a1b7aae1e2d70e2dbe4588158ddf73|07f96b4e272d1e79ef49dae619336e56|b43541b7ace5979705a9220cf3156f1f|dc3fec0ac01aa031e036a8cf943f72c2|e7292c8aec3c1e02d9a41f1c7be4f905|8855552a821c9cbfc785bcfe0b4e2c54|cbce403f840fd9618c78841600b2eeed,malignant (76),inferred_from_filename_not_verified_identifier,train,False,train/malignant/malignant (76).png
bag-66a224ddeb9d,grp-66a224ddeb9d,benign,16,train/benign/benign (78)-rotated1-rotated1.png|train/benign/benign (78)-rotated1-rotated2.png|train/benign/benign (78)-rotated1-sharpened.png|train/benign/benign (78)-rotated1.jpg|train/benign/benign (78)-rotated1.png|train/benign/benign (78)-rotated2-rotated1.png|train/benign/benign (78)-rotated2-rotated2.png|train/benign/benign (78)-rotated2-sharpened.png|train/benign/benign (78)-rotated2.jpg|train/benign/benign (78)-rotated2.png|train/benign/benign (78)-sharpened-rotated1.png|train/benign/benign (78)-sharpened-rotated2.png|train/benign/benign (78)-sharpened-sharpened.png|train/benign/benign (78)-sharpened.jpg|train/benign/benign (78)-sharpened.png|train/benign/benign (78).png,6dbdccbf701d1570a77c763aa973f78f|ad50b7359831fdf8cf69185683544bec|c1bc4031d3c5defe762314a7cfa5a18d|4d4c3cd50ed81ca18de8fe3b1fe61fb1|dd2bf34bc010b1953155988f12eba0c8|a03a09fe5a09eb1fefb145c547d0d1f0|25aa5ef4ff1fbe51eb40aa65cbc2b745|8b1d3273c02e0c83068fc2920f44f65a|036ee6cd619fcdc2e75cd715650b73c4|ff0f9ea9d32a61691cf0e5c3a88d0099|9cd4fb86fafcc589692ad9c5cf4f1886|957c3d3c9f1054dfd08f078d6aa4b6d7|56af32b47df12f4f4250cff204c22ef1|9de3de9c990d46d3d5bbb4e4750c9a35|66c3d67a59f7226ddd0df2057642668a|9ddbcc7650b0c34749008456a5ebdf37,benign (78),inferred_from_filename_not_verified_identifier,train,False,train/benign/benign (78).png
bag-671d7ef1e574,grp-671d7ef1e574,malignant,21,train/malignant/malignant (87)-rotated1-rotated1.png|train/malignant/malignant (87)-rotated1-rotated2.png|train/malignant/malignant (87)-rotated1-rotated32.png|train/malignant/malignant (87)-rotated1-sharpened.png|train/malignant/malignant (87)-rotated1.png|train/malignant/malignant (87)-rotated2-rotated1.png|train/malignant/malignant (87)-rotated2-rotated2.png|train/malignant/malignant (87)-rotated2-rotated32.png|train/malignant/malignant (87)-rotated2-sharpened.png|train/malignant/malignant (87)-rotated2.png|train/malignant/malignant (87)-rotated32-rotated1.png|train/malignant/malignant (87)-rotated32-rotated2.png|train/malignant/malignant (87)-rotated32-rotated32.png|train/malignant/malignant (87)-rotated32-sharpened.png|train/malignant/malignant (87)-rotated32.png|train/malignant/malignant (87)-sharpened-rotated1.png|train/malignant/malignant (87)-sharpened-rotated2.png|train/malignant/malignant (87)-sharpened-rotated32.png|train/malignant/malignant (87)-sharpened-sharpened.png|train/malignant/malignant (87)-sharpened.png|train/malignant/malignant (87).png,eb4cb535cfce0054885c52e4121aa2bb|ef13887f5705a5d1e5943db87713b17f|24dbd047d90312ebcf3308fe763630b6|d0e169ec86bc0673694b8fd3baffbea6|8107db7ef250f0849eb4caa0fa62485c|da7b0ecb7424b81224a59538a5a44c8a|aded2f22cca8253215797b7263a5f214|66a79e848714ae9e6cb8fa5110f65592|20633b5febfbba78cf1b6d40aebb5b25|1e8f36f97a5bcb5eab2da57762d508f3|0cae0ea47729427139dccd714aeb3699|5a1fe85fc5f2464854e9d955261571b0|cd1e1427be5291b4e73b1f35cea9edcd|9a0adcac12ec7ace4576e64242b9c721|aa480305db4419e4b7a5d583f8fb3126|1ffcc971c8eefac7a7ff726870cc4cd0|28981d4a10316ee5eeb6404703135fee|ae5637bd0c521b492ef88240a79c5c9e|b02144d5ed9786d2801e50421f6ca8a8|ae5637bd0c521b492ef88240a79c5c9e|686c9a4e8af610f79c4d6c9f5ee8b592,malignant (87),inferred_from_filename_not_verified_identifier,train,False,train/malignant/malignant (87).png
bag-6722199b841f,grp-6722199b841f,malignant,21,train/malignant/malignant (172)-rotated1-rotated1.png|train/malignant/malignant (172)-rotated1-rotated2.png|train/malignant/malignant (172)-rotated1-rotated32.png|train/malignant/malignant (172)-rotated1-sharpened.png|train/malignant/malignant (172)-rotated1.png|train/malignant/malignant (172)-rotated2-rotated1.png|train/malignant/malignant (172)-rotated2-rotated2.png|train/malignant/malignant (172)-rotated2-rotated32.png|train/malignant/malignant (172)-rotated2-sharpened.png|train/malignant/malignant (172)-rotated2.png|train/malignant/malignant (172)-rotated32-rotated1.png|train/malignant/malignant (172)-rotated32-rotated2.png|train/malignant/malignant (172)-rotated32-rotated32.png|train/malignant/malignant (172)-rotated32-sharpened.png|train/malignant/malignant (172)-rotated32.png|train/malignant/malignant (172)-sharpened-rotated1.png|train/malignant/malignant (172)-sharpened-rotated2.png|train/malignant/malignant (172)-sharpened-rotated32.png|train/malignant/malignant (172)-sharpened-sharpened.png|train/malignant/malignant (172)-sharpened.png|train/malignant/malignant (172).png,df2e6d2608e24a6bc52b5cc92655a819|fec374a44c693c32883a7c5772b0314d|f79802bae1c01513a1d32b11c525af49|ea54a75e9be111fc43a27f8717a6b3ed|df224d17eb97b0fb925f8e54335a5c48|1de1e6411ba89cefcfbcbb56f546c914|362419065838fe200a674e2bcd1fe6e8|909e23f5d532c31535660001a69a5c68|865cc9fa94131c976ee4a2a592511194|2477adc0ae4b28058c52e6c4c8d63c41|78b8e851b36031dda9286154b7289996|3c5268ece2e135244d3a32126cb71e2c|806a35d3db981f281fad008809281ab3|71ad67a7ab281b1b41567dd8bf79ff98|9d3604815222495ce34a5f35623122de|ee64c332e59241a3dba35fe9f357cb93|67741b00c25832931416fa8f42d78dbe|749c885d5d2ff51467bc9fa89ad02509|dde6a06d45b5f609029783c52903001e|71ad67a7ab281b1b41567dd8bf79ff98|2a07162cdf3d7e40a6e748464b2eb20c,malignant (172),inferred_from_filename_not_verified_identifier,train,False,train/malignant/malignant (172).png
bag-681a70ea379b,grp-681a70ea379b,benign,16,train/benign/benign (51)-rotated1-rotated1.png|train/benign/benign (51)-rotated1-rotated2.png|train/benign/benign (51)-rotated1-sharpened.png|train/benign/benign (51)-rotated1.jpg|train/benign/benign (51)-rotated1.png|train/benign/benign (51)-rotated2-rotated1.png|train/benign/benign (51)-rotated2-rotated2.png|train/benign/benign (51)-rotated2-sharpened.png|train/benign/benign (51)-rotated2.jpg|train/benign/benign (51)-rotated2.png|train/benign/benign (51)-sharpened-rotated1.png|train/benign/benign (51)-sharpened-rotated2.png|train/benign/benign (51)-sharpened-sharpened.png|train/benign/benign (51)-sharpened.jpg|train/benign/benign (51)-sharpened.png|train/benign/benign (51).png,3ab3929076fce6aa2ae2b07aff132af9|4a4a5538f689e9c4e75a9eb07211c460|95e582c4c8672c530656190ad7accb92|11307e2e394043b8f837de40ab7f73b6|8887a1de5bad4b6f6aae85711b27eef1|68cc802c073efb7fe4b6bd17094a11e3|c30b7c8e2911496388fada7ad8f32f43|c48c7ffaffba2c54ef5eced5574a8153|9766fb893b59045c534f4d9a0713b5bf|746c5fd367a465b98bc1627188b05f1b|29725c6a3f2513c01e36b11cdf250969|a9d14daaf75842ef710ad6d74c88457f|9cb08ef79e6bdabe75f1777798d0fd48|e8c7c46a339aa6781d013203be1a54ef|da9c5768d506a902a55bf8471b3451e1|6b383e7620c43dc10de1e5da0853dd65,benign (51),inferred_from_filename_not_verified_identifier,train,False,train/benign/benign (51).png
bag-6918d447aeca,grp-6918d447aeca,benign,16,val/benign/benign (22)-rotated1-rotated1.png|val/benign/benign (22)-rotated1-rotated2.png|val/benign/benign (22)-rotated1-sharpened.png|val/benign/benign (22)-rotated1.jpg|val/benign/benign (22)-rotated1.png|val/benign/benign (22)-rotated2-rotated1.png|val/benign/benign (22)-rotated2-rotated2.png|val/benign/benign (22)-rotated2-sharpened.png|val/benign/benign (22)-rotated2.jpg|val/benign/benign (22)-rotated2.png|val/benign/benign (22)-sharpened-rotated1.png|val/benign/benign (22)-sharpened-rotated2.png|val/benign/benign (22)-sharpened-sharpened.png|val/benign/benign (22)-sharpened.jpg|val/benign/benign (22)-sharpened.png|val/benign/benign (22).png,fc69d62dc28745a9575afb0458804ce0|cd6435002ebe948df958365e0c070794|d471917ede016dcd53d892d35f418beb|ae2a440cef331b1e6d63e394c9adc54b|1cf06a29b7140337dedab181a6dcd87d|e4f854eff4a3411da6fe1eb5b46a3363|d4f61bb5a9f2a60af4e1518924a75c85|e32557ffcfee1cf71d8deca2d459f81e|2475a273bfc86256f985e80ec318eabf|69ddebc939a082f50857dbe51f63a11e|996f382040062accceb1d97f9e4d38d8|6fa936a648808fcf3f1a3522653c8f67|73097514108e891e89bc32295fe5034b|71967fbfa95408d70cb50d55d3180d16|47c32a24949933c1b289a2df0b3d2b17|5aa0a224724994b34555a280a26adf6a,benign (22),inferred_from_filename_not_verified_identifier,val,False,val/benign/benign (22).png
bag-693ff99eb4da,grp-693ff99eb4da,benign,16,train/benign/benign (152)-rotated1-rotated1.png|train/benign/benign (152)-rotated1-rotated2.png|train/benign/benign (152)-rotated1-sharpened.png|train/benign/benign (152)-rotated1.jpg|train/benign/benign (152)-rotated1.png|train/benign/benign (152)-rotated2-rotated1.png|train/benign/benign (152)-rotated2-rotated2.png|train/benign/benign (152)-rotated2-sharpened.png|train/benign/benign (152)-rotated2.jpg|train/benign/benign (152)-rotated2.png|train/benign/benign (152)-sharpened-rotated1.png|train/benign/benign (152)-sharpened-rotated2.png|train/benign/benign (152)-sharpened-sharpened.png|train/benign/benign (152)-sharpened.jpg|train/benign/benign (152)-sharpened.png|train/benign/benign (152).png,13f3a5943caa7e4571b675040fe88bb3|52a850a85f75f583865fe0b69947e2ed|85d6f56f6cd44fea99b18574cdb88bd9|49110d8ed59a8410e9860a437283212d|56bb36c92654229b4d3811c82d694a8f|18920ccdc03a9abe58299724c939caaf|27b2b14e6f6b5733913ca7d544c5648a|d025c93f94cf96e6dfd92c0efce09adf|48836b916d2240d14b902f91fbb253cb|06fec1c0354680e6ba982d016c3a9825|2270250243a24ceae93e2ff1db300c04|3c03a1b4bd62b7c06fef50b2c378abf0|e972c61e52e913423be77af1ae2f1680|5768bf0a82bc0d2eeaec9ef80f3b31d8|75219d97f7ee33348d7f5e7c75e440af|7faf7a361996955fb3b931285a2c9185,benign (152),inferred_from_filename_not_verified_identifier,train,False,train/benign/benign (152).png
bag-69437bcb469f,grp-69437bcb469f,benign,16,val/benign/benign (11)-rotated1-rotated1.png|val/benign/benign (11)-rotated1-rotated2.png|val/benign/benign (11)-rotated1-sharpened.png|val/benign/benign (11)-rotated1.jpg|val/benign/benign (11)-rotated1.png|val/benign/benign (11)-rotated2-rotated1.png|val/benign/benign (11)-rotated2-rotated2.png|val/benign/benign (11)-rotated2-sharpened.png|val/benign/benign (11)-rotated2.jpg|val/benign/benign (11)-rotated2.png|val/benign/benign (11)-sharpened-rotated1.png|val/benign/benign (11)-sharpened-rotated2.png|val/benign/benign (11)-sharpened-sharpened.png|val/benign/benign (11)-sharpened.jpg|val/benign/benign (11)-sharpened.png|val/benign/benign (11).png,d50a3d4eeec3563cd7a26cb7acb0ef21|13a4bbe28abe63c646351fc844be474f|3d96f5864060633b0d5c7db57b42b1a9|48d2db019b7d734ec3a47206701247b5|65c62570a058d39eb0c14bf0944f39f2|cad970937340faa2f59cbeb0de7b4e76|ea46fc11ec49b4fafcc8e38593d544fc|03ec6a7fb0b4d46bb28bad61e3fd3777|de1b02c4112229fed44af531794f58d5|89a8479d60ec56ed9c9e79a55da4004d|722a55bac2749fba888bdbda2a9f4303|71916e86ecbc96d6c8ad304e0640598d|71e456a094b12343a9ecbe5c1484907e|448f956f53ea0b914d21d05682104aa0|71916e86ecbc96d6c8ad304e0640598d|4c823c9aeb7567d2e2cceac0494a636c,benign (11),inferred_from_filename_not_verified_identifier,val,False,val/benign/benign (11).png
bag-6b1058bb2768,grp-6b1058bb2768,malignant,21,train/malignant/malignant (107)-rotated1-rotated1.png|train/malignant/malignant (107)-rotated1-rotated2.png|train/malignant/malignant (107)-rotated1-rotated32.png|train/malignant/malignant (107)-rotated1-sharpened.png|train/malignant/malignant (107)-rotated1.png|train/malignant/malignant (107)-rotated2-rotated1.png|train/malignant/malignant (107)-rotated2-rotated2.png|train/malignant/malignant (107)-rotated2-rotated32.png|train/malignant/malignant (107)-rotated2-sharpened.png|train/malignant/malignant (107)-rotated2.png|train/malignant/malignant (107)-rotated32-rotated1.png|train/malignant/malignant (107)-rotated32-rotated2.png|train/malignant/malignant (107)-rotated32-rotated32.png|train/malignant/malignant (107)-rotated32-sharpened.png|train/malignant/malignant (107)-rotated32.png|train/malignant/malignant (107)-sharpened-rotated1.png|train/malignant/malignant (107)-sharpened-rotated2.png|train/malignant/malignant (107)-sharpened-rotated32.png|train/malignant/malignant (107)-sharpened-sharpened.png|train/malignant/malignant (107)-sharpened.png|train/malignant/malignant (107).png,484874d8fc4bf1ab98874eeeb45f0584|1145530f76a6656887ddb2cdd25c8a5f|322c2ca177995619af8fe5cff1b32bda|7808ab966e537c8319817a00f979e6df|b5193df5c6bd42f79075b52ca4655822|f68d67b79cd17c48f283b3b0b534b5d0|d99662e26550c70a271074ee1eedd1a6|77e52c96af258c84fc424fc5e53c41d4|70651697773b56495c6d0bcad4844307|dca1a7c45903a9490bb317b01630138c|54d8d04f189d011ba8b2804ab2bd0f87|3d9e69b5f490d56ea2a6865e670e8600|3e0e956da426057bf070a6992bff6959|70651697773b56495c6d0bcad4844307|2d4f47679fa2e4f8d8a74de07183d484|f90b7f6bbd51c4fc665de3051f48d779|44bf03ba3bc963989433217e2cbdb245|d5263445eba7dd9fcee9e5d7deea5446|aac191751354b6169406ab8e213f14a5|c2f2986105b7584aadefbdbe5b4d0d44|79ee9412901430d98aac56d400317f97,malignant (107),inferred_from_filename_not_verified_identifier,train,False,train/malignant/malignant (107).png
bag-6b562fcc8b72,grp-6b562fcc8b72,malignant,21,train/malignant/malignant (174)-rotated1-rotated1.png|train/malignant/malignant (174)-rotated1-rotated2.png|train/malignant/malignant (174)-rotated1-rotated32.png|train/malignant/malignant (174)-rotated1-sharpened.png|train/malignant/malignant (174)-rotated1.png|train/malignant/malignant (174)-rotated2-rotated1.png|train/malignant/malignant (174)-rotated2-rotated2.png|train/malignant/malignant (174)-rotated2-rotated32.png|train/malignant/malignant (174)-rotated2-sharpened.png|train/malignant/malignant (174)-rotated2.png|train/malignant/malignant (174)-rotated32-rotated1.png|train/malignant/malignant (174)-rotated32-rotated2.png|train/malignant/malignant (174)-rotated32-rotated32.png|train/malignant/malignant (174)-rotated32-sharpened.png|train/malignant/malignant (174)-rotated32.png|train/malignant/malignant (174)-sharpened-rotated1.png|train/malignant/malignant (174)-sharpened-rotated2.png|train/malignant/malignant (174)-sharpened-rotated32.png|train/malignant/malignant (174)-sharpened-sharpened.png|train/malignant/malignant (174)-sharpened.png|train/malignant/malignant (174).png,53ae9e54b5ec4d821607b7089b2665b2|be0ae49fe7bae19aff5b1386935a4c83|a161c252d2944ca2938dbd1c5cac8479|7ecff4826161dff5276aebe18c22b141|b921ad4b8778b33cf0d7d2c707ed2871|46f056b88cf6cb5e88f7ee5e0649e3a6|1d6b6c7514e0ae9ff6a59239fcdbd2ca|3990bc387951c767f3e0416b02f9c541|54c24005d1d20d9df86b837d607ed546|f1fe9b64d48e137c5ce95f793dd770c7|e958bbc5470be06f4cc8f1b0069b71ca|af5d0a3e1950a54fde24c0a538329cff|85f432df9980430e4f5208005fc17faf|a906d10dbdff51f6396ebe08dd8cea07|bdd356fc3fbaaa70d3cb654af9cb3970|649512fcec76118c80b1e5d00aeb31e0|790706d547a81b375db95c8b2a6d35e7|34f8a9c7c2ab854bef6396c6c7e0a871|1d0d7f579f253bffecf356f2d31c0d40|fce0b1397ac6842dc9da24ff4cd7380d|2e105fc969e663e8f7c5c531d7d1b8b9,malignant (174),inferred_from_filename_not_verified_identifier,train,False,train/malignant/malignant (174).png
bag-6e92437323f4,grp-6e92437323f4,malignant,21,train/malignant/malignant (79)-rotated1-rotated1.png|train/malignant/malignant (79)-rotated1-rotated2.png|train/malignant/malignant (79)-rotated1-rotated32.png|train/malignant/malignant (79)-rotated1-sharpened.png|train/malignant/malignant (79)-rotated1.png|train/malignant/malignant (79)-rotated2-rotated1.png|train/malignant/malignant (79)-rotated2-rotated2.png|train/malignant/malignant (79)-rotated2-rotated32.png|train/malignant/malignant (79)-rotated2-sharpened.png|train/malignant/malignant (79)-rotated2.png|train/malignant/malignant (79)-rotated32-rotated1.png|train/malignant/malignant (79)-rotated32-rotated2.png|train/malignant/malignant (79)-rotated32-rotated32.png|train/malignant/malignant (79)-rotated32-sharpened.png|train/malignant/malignant (79)-rotated32.png|train/malignant/malignant (79)-sharpened-rotated1.png|train/malignant/malignant (79)-sharpened-rotated2.png|train/malignant/malignant (79)-sharpened-rotated32.png|train/malignant/malignant (79)-sharpened-sharpened.png|train/malignant/malignant (79)-sharpened.png|train/malignant/malignant (79).png,bac6c9316673da32ba41a71756a7f19a|7c04265fbe13408ec5052e8886754dfa|bc66691bbafe59db0e4138655b796c94|a711a91b7f1f20a7ad1e70623875729d|ddffa8e588fdeeef7fdd74ef181bb75a|0cd48a464f213f47ca0823b095086f93|efc09a121466a0371b8dded54e633772|cb4656b6292d7a2c8cca71b839d1a597|3bb53a865fc39249858b8a6a0156a8b8|997ce4e6fba5ad2242bc4becda4ba63d|2b72f45966ddec8af48e7dd4620a032a|d3ecf2d87d0b65f0d3306b832c68036e|b846b95c6c141374faaeb85f337a65c9|369db2d18ad696f27a033cf8c423cee3|b588b8cd03be454b353e6d07f918fb6e|678a284657cc23d2a7cd138f6bd64539|cddb6ae25a3328e0e644e23ef63335a4|5d2d870780c967013c37cd1a601f83f5|ad198cf832932b83d22f2732d3bcf5da|5d2d870780c967013c37cd1a601f83f5|663d57d5fe0e38f2daf7b5901a3efcd6,malignant (79),inferred_from_filename_not_verified_identifier,train,False,train/malignant/malignant (79).png
bag-6ea5e0b03bda,grp-6ea5e0b03bda,benign,16,train/benign/benign (280)-rotated1-rotated1.png|train/benign/benign (280)-rotated1-rotated2.png|train/benign/benign (280)-rotated1-sharpened.png|train/benign/benign (280)-rotated1.jpg|train/benign/benign (280)-rotated1.png|train/benign/benign (280)-rotated2-rotated1.png|train/benign/benign (280)-rotated2-rotated2.png|train/benign/benign (280)-rotated2-sharpened.png|train/benign/benign (280)-rotated2.jpg|train/benign/benign (280)-rotated2.png|train/benign/benign (280)-sharpened-rotated1.png|train/benign/benign (280)-sharpened-rotated2.png|train/benign/benign (280)-sharpened-sharpened.png|train/benign/benign (280)-sharpened.jpg|train/benign/benign (280)-sharpened.png|train/benign/benign (280).png,19f036187c3f66201f698bf143e35c90|70e87ad7482fca3abbad46fba72a77b2|6ca995e338975624efff31141cb146c6|79e347be37e4678d4baac8ed86bce491|8c2ebf155f0dc3fc985df955cad60665|282c85ecedc7d8f951011cffaa3849df|2ffe3736ab98ca4cb12a560b56fee8b6|d620e1d9a4d702314ebbdb486ade794c|0e0a59608db3ebe0d14602395995965e|f74bdaf8a4ed9efee937d259454c322d|6b4f11b40feb56915463ddf1902699e7|5113d8741016ec5d46ce98643265a319|deb6cc8a082df7fbb2accffbb56a805c|21da651fc2efa809dff0ec69f1e6f8d1|b1c2b34611d9af476c9a2cc00802e5ca|30a158b951bab7b6be77114f9db5e2b8,benign (280),inferred_from_filename_not_verified_identifier,train,False,train/benign/benign (280).png
bag-6f3035e874ed,grp-6f3035e874ed,malignant,21,train/malignant/malignant (66)-rotated1-rotated1.png|train/malignant/malignant (66)-rotated1-rotated2.png|train/malignant/malignant (66)-rotated1-rotated32.png|train/malignant/malignant (66)-rotated1-sharpened.png|train/malignant/malignant (66)-rotated1.png|train/malignant/malignant (66)-rotated2-rotated1.png|train/malignant/malignant (66)-rotated2-rotated2.png|train/malignant/malignant (66)-rotated2-rotated32.png|train/malignant/malignant (66)-rotated2-sharpened.png|train/malignant/malignant (66)-rotated2.png|train/malignant/malignant (66)-rotated32-rotated1.png|train/malignant/malignant (66)-rotated32-rotated2.png|train/malignant/malignant (66)-rotated32-rotated32.png|train/malignant/malignant (66)-rotated32-sharpened.png|train/malignant/malignant (66)-rotated32.png|train/malignant/malignant (66)-sharpened-rotated1.png|train/malignant/malignant (66)-sharpened-rotated2.png|train/malignant/malignant (66)-sharpened-rotated32.png|train/malignant/malignant (66)-sharpened-sharpened.png|train/malignant/malignant (66)-sharpened.png|train/malignant/malignant (66).png,9ac8e4fe48c8d11cbf75d69832d7e489|3cf09cb29c520ae6c211e420065d282d|2d760177ab2aa37e9aec5f536fd2ee94|d694a5d3f3d8d183f386ce51a83be5d8|d57e73d5ab1e663ae1199e2b2a8dd936|e783d8060d297f8b2aa0fb98578590ed|b24ee42c9d92f166bd8636b04ab2525a|cc95ca6b4f69d2f91a8f329e04ccb854|a2b3ec1360fc337dbdccf9134b42e399|0fcde74508268e8f813497a2bd372950|6a305e020b4cd9e439daab4761b1663d|df017da94da318634477edd06f8780dc|e42e79560a08ca86d29dcd35041cc16f|73e5cc13afaa4a427ca3e2ad2ad9b54b|2b4eefb5d1dbeda10e17c7a76c2ef3c3|3bd3f48a3a5e76f7dd4914a5be8a5c30|2e97bd55aefaf42e2e83abe922b60734|3086eadffcd6d092f475b57efceb7cf9|2e731cbe5654c786d63720d06139f91c|77bf065f5065a29a6336e33d6b7bb0fe|cb1f4866738238bebc4fbc501352bb55,malignant (66),inferred_from_filename_not_verified_identifier,train,False,train/malignant/malignant (66).png
bag-6f66ae71bafc,grp-6f66ae71bafc,malignant,21,train/malignant/malignant (18)-rotated32-rotated1.png|train/malignant/malignant (18)-rotated32-rotated2.png|train/malignant/malignant (18)-rotated32-rotated32.png|train/malignant/malignant (18)-rotated32-sharpened.png|train/malignant/malignant (18)-rotated32.png|train/malignant/malignant (18)-sharpened-rotated1.png|train/malignant/malignant (18)-sharpened-rotated2.png|train/malignant/malignant (18)-sharpened-rotated32.png|train/malignant/malignant (18)-sharpened-sharpened.png|train/malignant/malignant (18)-sharpened.png|val/malignant/malignant (18)-rotated1-rotated1.png|val/malignant/malignant (18)-rotated1-rotated2.png|val/malignant/malignant (18)-rotated1-rotated32.png|val/malignant/malignant (18)-rotated1-sharpened.png|val/malignant/malignant (18)-rotated1.png|val/malignant/malignant (18)-rotated2-rotated1.png|val/malignant/malignant (18)-rotated2-rotated2.png|val/malignant/malignant (18)-rotated2-rotated32.png|val/malignant/malignant (18)-rotated2-sharpened.png|val/malignant/malignant (18)-rotated2.png|val/malignant/malignant (18).png,ee7c322b39a7abf2988bde0a26819824|abd0a6e38b92308f9a5120712abd5ea2|ee7c322b39a7abf2988bde0a26819824|3df5e9af5570d5f36df838ceef90d420|8b27a72bdf41091c177a5bae803d3c88|6f7c845ce4a92fb8bae5d0e68b68f76f|67c6749e3a18a0decd1fc3c36c89cc3c|5a420a87c2bca310f55d0e761e2c7121|951857a5e163d3a683e0bcca73d1b059|370e6c6fd50515189cf77fd841ef484e|fc6ee95f2a5e3b514d806f85e321db12|26537143db721c597d91e4c4b0b6ab8b|21cef93b0fabb885a47e1e5dc46a7833|accf8b6b5bd5e96ac1a79e472fe94a5b|3803b7265fc1278609eed4aeb0eec12b|5192506f71ede6aa8d97e87376b7d364|daf729279d5a5462f8c38f5b79055d35|b7fd39af833fc4c8fdcd90cda7c4d901|ab90d0f3c9a4e0107089338dee9db9e2|c3f75770664c93088122957175d2e4c0|1e8cb8e5b39dba9d0a83623df5b22560,malignant (18),inferred_from_filename_not_verified_identifier,train|val,True,val/malignant/malignant (18).png
bag-6f8af75ba499,grp-6f8af75ba499,malignant,21,train/malignant/malignant (24)-rotated1-rotated1.png|train/malignant/malignant (24)-rotated1-rotated2.png|train/malignant/malignant (24)-rotated1-rotated32.png|train/malignant/malignant (24)-rotated1-sharpened.png|train/malignant/malignant (24)-rotated1.png|train/malignant/malignant (24)-rotated2-rotated1.png|train/malignant/malignant (24)-rotated2-rotated2.png|train/malignant/malignant (24)-rotated2-rotated32.png|train/malignant/malignant (24)-rotated2-sharpened.png|train/malignant/malignant (24)-rotated2.png|train/malignant/malignant (24)-rotated32-rotated1.png|train/malignant/malignant (24)-rotated32-rotated2.png|train/malignant/malignant (24)-rotated32-rotated32.png|train/malignant/malignant (24)-rotated32-sharpened.png|train/malignant/malignant (24)-rotated32.png|train/malignant/malignant (24)-sharpened-rotated1.png|train/malignant/malignant (24)-sharpened-rotated2.png|train/malignant/malignant (24)-sharpened-rotated32.png|train/malignant/malignant (24)-sharpened-sharpened.png|train/malignant/malignant (24)-sharpened.png|train/malignant/malignant (24).png,88d084a9a01bc8ad0756706a4e20dd63|57b497695b53f1bfd802c8ed58aba1f2|f1a58fd39d2692ba8d292a780805f617|dbe125caefa360b99f02ced27819448e|0e8113dc09b2b908f2c33d50e078452d|56b1a0ca0423f4ed4169dca9c00c8ff3|c411e6a4c2933d00fd343ed9402958a6|44937636ac1230051115570e45fc174e|1c9b599566b4f60560395b141e99d4c1|83d8cbe3b90bc0d3b984ddc71ed40be9|478202d86a56805571ff3038c9586d8a|fde76ebde583cb9d0c414f6d9b9daf98|2efc6270c87ee3e83475f0883958ea0f|9bf9a963fb6fd9fa0e65e20bfd28aae8|12961578e9350d7153afe4b6791ed402|dce09cf93534a2ad02f5fffe8752d80b|71f52ec3fe16c3c724c6ab1a2f9140ec|749014be34a09f63e6786b32bda4d1ad|7dbb38ec0fbe20776e6dea08281013bb|dbe125caefa360b99f02ced27819448e|492a32398b7b04bf0956a543dbfa0922,malignant (24),inferred_from_filename_not_verified_identifier,train,False,train/malignant/malignant (24).png
bag-703df397d7bb,grp-703df397d7bb,malignant,21,train/malignant/malignant (204)-rotated1-rotated1.png|train/malignant/malignant (204)-rotated1-rotated2.png|train/malignant/malignant (204)-rotated1-rotated32.png|train/malignant/malignant (204)-rotated1-sharpened.png|train/malignant/malignant (204)-rotated1.png|train/malignant/malignant (204)-rotated2-rotated1.png|train/malignant/malignant (204)-rotated2-rotated2.png|train/malignant/malignant (204)-rotated2-rotated32.png|train/malignant/malignant (204)-rotated2-sharpened.png|train/malignant/malignant (204)-rotated2.png|train/malignant/malignant (204)-rotated32-rotated1.png|train/malignant/malignant (204)-rotated32-rotated2.png|train/malignant/malignant (204)-rotated32-rotated32.png|train/malignant/malignant (204)-rotated32-sharpened.png|train/malignant/malignant (204)-rotated32.png|train/malignant/malignant (204)-sharpened-rotated1.png|train/malignant/malignant (204)-sharpened-rotated2.png|train/malignant/malignant (204)-sharpened-rotated32.png|train/malignant/malignant (204)-sharpened-sharpened.png|train/malignant/malignant (204)-sharpened.png|train/malignant/malignant (204).png,19d173f76fb61ca1c8873646c3f800a7|83a353c6726b5cb98761ca6429992acc|b50bb487603a3c7f43d751ad70a5218a|3fc6e2f6e024fea72e195d5e056589b3|e2b36523c4407b4848c3cb6a17e93052|2be498402176802a626297c930393e3b|40740835713a28489a2c24e211085187|460666708c29372f7b5b18a93444a8e5|c596e1c082f692e3fa0161c2f5de63b7|906b7e02adadc38805239075dea74061|20c0432a136b67fd036c029bf497176f|eca0f0a8659b30b7f2ebe74f5427a6b0|94790bf6bb80888ebf1b1103b2a8ea85|a0092682f77e1295b0662b8f40476784|407cd7dd51f7585dca8e6150ef3ee421|0b7b6737c2a5cfeb2cd85c0f2add2ff1|26ff787768d8ff20a1e93fd06031e4a0|76ce26a52b3112dd9f62232a7a284290|81947050a874a56b452426a33501595a|66e40ebd25310a85badfa479a48606ab|b3bb71c6995fa03bf75c49bd7f513e78,malignant (204),inferred_from_filename_not_verified_identifier,train,False,train/malignant/malignant (204).png
bag-7079baf6a31c,grp-7079baf6a31c,malignant,21,train/malignant/malignant (111)-rotated1-rotated1.png|train/malignant/malignant (111)-rotated1-rotated2.png|train/malignant/malignant (111)-rotated1-rotated32.png|train/malignant/malignant (111)-rotated1-sharpened.png|train/malignant/malignant (111)-rotated1.png|train/malignant/malignant (111)-rotated2-rotated1.png|train/malignant/malignant (111)-rotated2-rotated2.png|train/malignant/malignant (111)-rotated2-rotated32.png|train/malignant/malignant (111)-rotated2-sharpened.png|train/malignant/malignant (111)-rotated2.png|train/malignant/malignant (111)-rotated32-rotated1.png|train/malignant/malignant (111)-rotated32-rotated2.png|train/malignant/malignant (111)-rotated32-rotated32.png|train/malignant/malignant (111)-rotated32-sharpened.png|train/malignant/malignant (111)-rotated32.png|train/malignant/malignant (111)-sharpened-rotated1.png|train/malignant/malignant (111)-sharpened-rotated2.png|train/malignant/malignant (111)-sharpened-rotated32.png|train/malignant/malignant (111)-sharpened-sharpened.png|train/malignant/malignant (111)-sharpened.png|train/malignant/malignant (111).png,fd2f179fdd7eb59ecd1e70aa183b643a|f1f5318b907ff4794740a265cf2e3e96|cc5fa0880fd472e16ea61f01ffbcfd2c|9a1ceea688eda75aa62485d36d6bb167|4f69bdbfd30468e910f30cc3d83c8c08|fb74363ebc77584aa8422167c6f32134|460f8d7fea54ff55d6a740c70467c130|656134ba96975536d8fd54bd60754d49|7997a4146a17a512c8f48236b1a2e271|a1fb159e77085c71d48e19d5aa05c375|20b478aa090d23c1acadd9cada9b18d9|421322f9dc7a32f45474fc043a80d9f9|ddc04fa598b954af4adfbe916f2a2251|bc57962d4f82ffe666b49468aedf235d|b69438ec6d13c0d286bc2b9ffdbdfede|237d1e0440cb3f596a70c810baa30e71|d420a845874260c25b3d71aeecc4028f|fc40eadc19bdf474ada1b8b796d51ef5|91b15a7c0d69bd42a2651dedaaaeff2d|41b360074e970cc8bbc5c277f0eaff69|a4c38a27b20c36fe8d798d6ae38fa9bd,malignant (111),inferred_from_filename_not_verified_identifier,train,False,train/malignant/malignant (111).png
bag-708c8d6038ba,grp-708c8d6038ba,benign,16,train/benign/benign (85)-rotated1-rotated1.png|train/benign/benign (85)-rotated1-rotated2.png|train/benign/benign (85)-rotated1-sharpened.png|train/benign/benign (85)-rotated1.jpg|train/benign/benign (85)-rotated1.png|train/benign/benign (85)-rotated2-rotated1.png|train/benign/benign (85)-rotated2-rotated2.png|train/benign/benign (85)-rotated2-sharpened.png|train/benign/benign (85)-rotated2.jpg|train/benign/benign (85)-rotated2.png|train/benign/benign (85)-sharpened-rotated1.png|train/benign/benign (85)-sharpened-rotated2.png|train/benign/benign (85)-sharpened-sharpened.png|train/benign/benign (85)-sharpened.jpg|train/benign/benign (85)-sharpened.png|train/benign/benign (85).png,dbd2274f1fe5a2102a201ec4e811cbcd|2f2b88e5f13d8420207a4736024e3037|20ac0221070859ec7ab3ae087f386bc6|f5ff3965caae1a19e96b813471049104|8dec7229ffca9a435e05abfc028fe855|cc3319eda239866b510c9d4559750fef|d5ef901dde5ddbed6a9ce7d65a2e61c4|2ef1a00569a9c8957307a09273c9987a|5091315a62b3178da19b7cca69cb305c|d81a3a570ac96d428d643e412a5a7093|cb7b99acacef56fcb8a089cef7d9e398|cd0f643173d8332b0a7d0a1f23713452|9f2679c4e343aea05c438063023bea64|63938e0129ea05c923f1d225a319d4e6|3b563a695ab9530483d48e2d403db6f4|9d609d2e2cc971623255a038e9da9c40,benign (85),inferred_from_filename_not_verified_identifier,train,False,train/benign/benign (85).png
bag-7097e0e7b300,grp-7097e0e7b300,benign,16,train/benign/benign (70)-rotated1-rotated1.png|train/benign/benign (70)-rotated1-rotated2.png|train/benign/benign (70)-rotated1-sharpened.png|train/benign/benign (70)-rotated1.jpg|train/benign/benign (70)-rotated1.png|train/benign/benign (70)-rotated2-rotated1.png|train/benign/benign (70)-rotated2-rotated2.png|train/benign/benign (70)-rotated2-sharpened.png|train/benign/benign (70)-rotated2.jpg|train/benign/benign (70)-rotated2.png|train/benign/benign (70)-sharpened-rotated1.png|train/benign/benign (70)-sharpened-rotated2.png|train/benign/benign (70)-sharpened-sharpened.png|train/benign/benign (70)-sharpened.jpg|train/benign/benign (70)-sharpened.png|train/benign/benign (70).png,03454c8b08c5f8f6cf107186f118b1ea|6b1302570caa02e222755c34eed4f4c0|e9cc04b479189c2a509642d29f69fb7e|e23164414caf1f86d0f9eb31f227fd6e|adc9e103ebacca9c39e21a328f539f5e|4092fcb467e55839379b74e967018b9c|035be8d0483fb926e120b6e438fbcb35|d95a617a842dc4330afde672d5e2b907|9cb2772a9c28d95838e93c7f5d92b90a|8f5fc013311ce0cbbea06b0a3524a9b1|94804c27359f0ebcd4677836592125af|2241ff922ff26cf31a2f67e27d67430b|c855e63e96dce88b59502667d357f184|57bb60f3fa6dcfa4679b7e52b5d4a570|6de56f8372a19988240dd0fd209879b3|d4da37b3e1d5385eb243ce5dc1e7c244,benign (70),inferred_from_filename_not_verified_identifier,train,False,train/benign/benign (70).png
bag-71941ab5439d,grp-71941ab5439d,benign,16,train/benign/benign (186)-rotated1-rotated1.png|train/benign/benign (186)-rotated1-rotated2.png|train/benign/benign (186)-rotated1-sharpened.png|train/benign/benign (186)-rotated1.jpg|train/benign/benign (186)-rotated1.png|train/benign/benign (186)-rotated2-rotated1.png|train/benign/benign (186)-rotated2-rotated2.png|train/benign/benign (186)-rotated2-sharpened.png|train/benign/benign (186)-rotated2.jpg|train/benign/benign (186)-rotated2.png|train/benign/benign (186)-sharpened-rotated1.png|train/benign/benign (186)-sharpened-rotated2.png|train/benign/benign (186)-sharpened-sharpened.png|train/benign/benign (186)-sharpened.jpg|train/benign/benign (186)-sharpened.png|train/benign/benign (186).png,8e0e1955b23613fec1d0696e2460195b|8c45c8241c3961df802ae5ad052c1d8f|590d1335d93ee2fa1e12ebab4494726a|0884f7f5759bd0113dbc6614a3180649|b5bdeed35c0456edb7a65ed291657f61|aec1151568e574506161cfbd489632a7|fa91afc0f24bff2ac77eb44638ed7dd0|2e068d6708debe601693de157d3a605c|634563f8898e1bfcd2a1fcc956082c52|8a811d9498e7f19657cbf6c59af66018|04d8c62db79b5e740bc0edf931d7908e|cc45f4caf4a8abc2a3b87dcd3b632a21|810ee1ac638303564a85f19dc4d41e34|987f91414d38b48ec2030a0df3846cd0|6843ef8556b06703f8e9b6791f5dfcc6|53fe4b1e8df8174a93a17973b53350c8,benign (186),inferred_from_filename_not_verified_identifier,train,False,train/benign/benign (186).png
bag-72f96fffde33,grp-72f96fffde33,benign,16,train/benign/benign (54)-rotated1-rotated1.png|train/benign/benign (54)-rotated1-rotated2.png|train/benign/benign (54)-rotated1-sharpened.png|train/benign/benign (54)-rotated1.jpg|train/benign/benign (54)-rotated1.png|train/benign/benign (54)-rotated2-rotated1.png|train/benign/benign (54)-rotated2-rotated2.png|train/benign/benign (54)-rotated2-sharpened.png|train/benign/benign (54)-rotated2.jpg|train/benign/benign (54)-rotated2.png|train/benign/benign (54)-sharpened-rotated1.png|train/benign/benign (54)-sharpened-rotated2.png|train/benign/benign (54)-sharpened-sharpened.png|train/benign/benign (54)-sharpened.jpg|train/benign/benign (54)-sharpened.png|train/benign/benign (54).png,76db99297c0e32f594a469000213be08|213ff40c2c3f0471735d7e92d2cea6ab|70327689bca040ba5acb5b7af34658cc|96ed210efe4a81576f6e9120edace92b|0e61d4200b094460e570b9faee88a887|ef983cf1c4b2c2af87d9564ffd2b6264|6f9a094360455abd320575b2e5b8e81d|9ad726bca11176738972d49e7b099b1b|a1ee485265b9b4cf85d5ecfcd66f6917|98a1a9d5bde3573524ac6fa72c154762|a65c019284c85284410dd4860b6c14ba|1dcdd20b1a2fe5f9f7842495262907e8|9fe2e91b7a4cb3d1f57862ec4e98f49e|2e3c34329a5cfd911b8e3dfa4a0813c9|91f2bebb0ba945dccdd3b63a7b01acef|e940ca583f1ec59fd829185c819bc0f9,benign (54),inferred_from_filename_not_verified_identifier,train,False,train/benign/benign (54).png
bag-73087d9f7392,grp-73087d9f7392,benign,16,train/benign/benign (170)-rotated1-rotated1.png|train/benign/benign (170)-rotated1-rotated2.png|train/benign/benign (170)-rotated1-sharpened.png|train/benign/benign (170)-rotated1.jpg|train/benign/benign (170)-rotated1.png|train/benign/benign (170)-rotated2-rotated1.png|train/benign/benign (170)-rotated2-rotated2.png|train/benign/benign (170)-rotated2-sharpened.png|train/benign/benign (170)-rotated2.jpg|train/benign/benign (170)-rotated2.png|train/benign/benign (170)-sharpened-rotated1.png|train/benign/benign (170)-sharpened-rotated2.png|train/benign/benign (170)-sharpened-sharpened.png|train/benign/benign (170)-sharpened.jpg|train/benign/benign (170)-sharpened.png|train/benign/benign (170).png,009cd7a61cfd3e420e01e31f3346ad63|b049a19e4af2af441cf92526b0b93f83|a1583022d0d5ffc10ba7218a5dd1fac7|15d4ef9f1d80a3d4796fe700fee681fa|e40375bf2f61d32697571422b14e96cf|50bbc963bd6065bd9480bd08fedbb9df|b9deb62f4a50f8b12fca6d1200bf1996|5402fbdc01a5c148f37ba8dc33c00235|9d85074bd5cef8e0dbf58e458d029bf6|6c6ebd33087583dfc8172e15c2bc106b|5e3a5cd7ff596f728a079f79633ed3af|e4ec661be217842ad2df603c47157be3|f568b2930bd058288f9f9a0d804f5ea8|6a115d4d61dc9344ae667376bea13252|e440d43d320b182e2fc482643479bf2e|6f5a0c7f39b49ada0260ccb693c82ca9,benign (170),inferred_from_filename_not_verified_identifier,train,False,train/benign/benign (170).png
bag-732af17c271d,grp-732af17c271d,malignant,21,train/malignant/malignant (89)-rotated1-rotated1.png|train/malignant/malignant (89)-rotated1-rotated2.png|train/malignant/malignant (89)-rotated1-rotated32.png|train/malignant/malignant (89)-rotated1-sharpened.png|train/malignant/malignant (89)-rotated1.png|train/malignant/malignant (89)-rotated2-rotated1.png|train/malignant/malignant (89)-rotated2-rotated2.png|train/malignant/malignant (89)-rotated2-rotated32.png|train/malignant/malignant (89)-rotated2-sharpened.png|train/malignant/malignant (89)-rotated2.png|train/malignant/malignant (89)-rotated32-rotated1.png|train/malignant/malignant (89)-rotated32-rotated2.png|train/malignant/malignant (89)-rotated32-rotated32.png|train/malignant/malignant (89)-rotated32-sharpened.png|train/malignant/malignant (89)-rotated32.png|train/malignant/malignant (89)-sharpened-rotated1.png|train/malignant/malignant (89)-sharpened-rotated2.png|train/malignant/malignant (89)-sharpened-rotated32.png|train/malignant/malignant (89)-sharpened-sharpened.png|train/malignant/malignant (89)-sharpened.png|train/malignant/malignant (89).png,ee2247c2d02ffcc7e031c919d52b174a|9f453da25fefb8295567e2a6c44e7da0|d6c39593e65b3a116655d1309c655155|08aed177e09543ec1aaad3c985ccb855|1743d09875e7e74852f7ce49509d246c|f1d67236684cfdcb85a7f1c7579f315e|c2725ba9e0c783a622dbe59908180286|16a1f6ecd8e9cd850a43758f3f3edc99|f177171b173237e7e5c92fccc51117d2|6c0c2d950c20abf21c29e6f9fde69563|d175561c2663c7a1027472223a8cd5e4|acd0bea8326d0298a77183937c9fd183|4f19b03a9d67cce97bca70c16910c35e|0961e56b32ffec4811d3b3fe823528a0|0379d6fea5a365564d106552de0386c5|29bfd41fbb16e23070350d5c97b5655e|71f7fbc40eb61588aa2e48dc5358f8aa|56158fbd59429b8e6474c7d3cf71458c|52a273bd744f0b648746b741b2017b45|2e9d2c28c7f379d63ed682338adce523|cfc6995d3948ead51d603669c063455c,malignant (89),inferred_from_filename_not_verified_identifier,train,False,train/malignant/malignant (89).png
bag-738a6429525a,grp-738a6429525a,malignant,21,train/malignant/malignant (142)-rotated1-rotated1.png|train/malignant/malignant (142)-rotated1-rotated2.png|train/malignant/malignant (142)-rotated1-rotated32.png|train/malignant/malignant (142)-rotated1-sharpened.png|train/malignant/malignant (142)-rotated1.png|train/malignant/malignant (142)-rotated2-rotated1.png|train/malignant/malignant (142)-rotated2-rotated2.png|train/malignant/malignant (142)-rotated2-rotated32.png|train/malignant/malignant (142)-rotated2-sharpened.png|train/malignant/malignant (142)-rotated2.png|train/malignant/malignant (142)-rotated32-rotated1.png|train/malignant/malignant (142)-rotated32-rotated2.png|train/malignant/malignant (142)-rotated32-rotated32.png|train/malignant/malignant (142)-rotated32-sharpened.png|train/malignant/malignant (142)-rotated32.png|train/malignant/malignant (142)-sharpened-rotated1.png|train/malignant/malignant (142)-sharpened-rotated2.png|train/malignant/malignant (142)-sharpened-rotated32.png|train/malignant/malignant (142)-sharpened-sharpened.png|train/malignant/malignant (142)-sharpened.png|train/malignant/malignant (142).png,687f6a70e221b8c27fc3d3bb15eb9bbb|aa4fe683bf38caa63a4f5603f11a0281|0e5bbdce823db904a569cfb0713253e5|6916d6316e2e0477969f8d26c27e4709|0eb08056046ca6d506fb5be5ac77becd|148bfe243f600f37d44f5dfc2454d25d|148bfe243f600f37d44f5dfc2454d25d|43d18c63e243a5bfa5d5c084a0e3a140|e021690cfefb17ac5c16bf1facc61ad5|00b20a2365c2c7c39a31d249e28814d6|667539dbc91aee760e0e1d0c7fbd4ba3|e7c4002805fdc165db8ae214d71ec7f3|0036de3a59a84ad2394f6aa9ecfccd46|ab86788e2e7894e23dfa763dcf8c7492|dca1e65f98f5e402efd386b55f25affd|f75b232981c61447d29228f4f3aa9e98|73772d3b37e2336b71a3a44b03c28dcd|ed4041e9a3310861b7a102fc6b6e4b11|43a97ef0ca6b9b229456c7a30881dd05|2d916191f300ea410c144548040c8ab0|5c7a845544d0b4816d72d87a343af283,malignant (142),inferred_from_filename_not_verified_identifier,train,False,train/malignant/malignant (142).png
bag-73aa485a4b0d,grp-73aa485a4b0d,benign,16,train/benign/benign (227)-rotated1-rotated1.png|train/benign/benign (227)-rotated1-rotated2.png|train/benign/benign (227)-rotated1-sharpened.png|train/benign/benign (227)-rotated1.jpg|train/benign/benign (227)-rotated1.png|train/benign/benign (227)-rotated2-rotated1.png|train/benign/benign (227)-rotated2-rotated2.png|train/benign/benign (227)-rotated2-sharpened.png|train/benign/benign (227)-rotated2.jpg|train/benign/benign (227)-rotated2.png|train/benign/benign (227)-sharpened-rotated1.png|train/benign/benign (227)-sharpened-rotated2.png|train/benign/benign (227)-sharpened-sharpened.png|train/benign/benign (227)-sharpened.jpg|train/benign/benign (227)-sharpened.png|train/benign/benign (227).png,4db92cfbab6201f33cf3e65f9a981d95|a40e8f08c91ad78db48d11f612f0cb98|3164f09714a883689d5089a319a11c42|71260c645dce928ba74edb4258cccc8b|3617ddef482e2761661989f4ce435fd6|b32af46a6e33ad03b90db05b9a2fa9a3|02fac967ded7df84a66becca052d1557|2a23c0de7461e206407995ffe901a035|03a0d89ccdbead9646349e37188f8a1d|b1f4ae070c709789f0fb176c8d0e8bf4|179b3215679c5642e5a5b28b90850667|d89285139e1b069c1d0ba10face2cec7|776409e67d443c23c8a3e6c65448b033|de7282810cb00058c7d0fc0c595347fa|179b3215679c5642e5a5b28b90850667|e5b307317dae3ba5045a5986038b9601,benign (227),inferred_from_filename_not_verified_identifier,train,False,train/benign/benign (227).png
bag-73c4808f749f,grp-73c4808f749f,malignant,21,train/malignant/malignant (29)-rotated1-rotated1.png|train/malignant/malignant (29)-rotated1-rotated2.png|train/malignant/malignant (29)-rotated1-rotated32.png|train/malignant/malignant (29)-rotated1-sharpened.png|train/malignant/malignant (29)-rotated1.png|train/malignant/malignant (29)-rotated2-rotated1.png|train/malignant/malignant (29)-rotated2-rotated2.png|train/malignant/malignant (29)-rotated2-rotated32.png|train/malignant/malignant (29)-rotated2-sharpened.png|train/malignant/malignant (29)-rotated2.png|train/malignant/malignant (29)-rotated32-rotated1.png|train/malignant/malignant (29)-rotated32-rotated2.png|train/malignant/malignant (29)-rotated32-rotated32.png|train/malignant/malignant (29)-rotated32-sharpened.png|train/malignant/malignant (29)-rotated32.png|train/malignant/malignant (29)-sharpened-rotated1.png|train/malignant/malignant (29)-sharpened-rotated2.png|train/malignant/malignant (29)-sharpened-rotated32.png|train/malignant/malignant (29)-sharpened-sharpened.png|train/malignant/malignant (29)-sharpened.png|train/malignant/malignant (29).png,51c46cef6ade1d03caccdda6fb9f51ee|bfc0cc9c113b66a340f5f286b04bb334|60bbeb3530980ce3a842f3349eafba30|b2a8ba93603b2d03e5385a94d244b608|c30d2d830aae6e85ada7c198f79a9c8a|eaf917d1a60f2e3db15a14a007ccfdc0|d8f64446c8a17f6280842b23a5615058|fe0b1681694c131cb09ff3bacbae46e9|1190f937c68d6caa8a8f4d9d71549648|44cd98f6530626bf63d46b8bf8bca2a9|1fa4a66155ff54a762393be51487daac|89bb196151f1ca0f53706a927ffa8d18|63b09a955c2702af90fbb6305588e312|23514f630bd78453d79fdd65ba8467af|5de6f6dd19477eb597374ab0482d1e32|94e81a4b7e46f8ed0a5363c8a1306c87|b42a439e2b438b9d20355b35e51b178d|3eaa8ae88b79c712b9662f2bd2ecf38d|0faf560af9d9f4bb9732b34cbde999ba|85dc145ca92fcd9e44b37e7457ca007a|213513665d10b3b91e61693a925355a2,malignant (29),inferred_from_filename_not_verified_identifier,train,False,train/malignant/malignant (29).png
bag-740418d474c9,grp-740418d474c9,malignant,21,train/malignant/malignant (70)-rotated1-rotated1.png|train/malignant/malignant (70)-rotated1-rotated2.png|train/malignant/malignant (70)-rotated1-rotated32.png|train/malignant/malignant (70)-rotated1-sharpened.png|train/malignant/malignant (70)-rotated1.png|train/malignant/malignant (70)-rotated2-rotated1.png|train/malignant/malignant (70)-rotated2-rotated2.png|train/malignant/malignant (70)-rotated2-rotated32.png|train/malignant/malignant (70)-rotated2-sharpened.png|train/malignant/malignant (70)-rotated2.png|train/malignant/malignant (70)-rotated32-rotated1.png|train/malignant/malignant (70)-rotated32-rotated2.png|train/malignant/malignant (70)-rotated32-rotated32.png|train/malignant/malignant (70)-rotated32-sharpened.png|train/malignant/malignant (70)-rotated32.png|train/malignant/malignant (70)-sharpened-rotated1.png|train/malignant/malignant (70)-sharpened-rotated2.png|train/malignant/malignant (70)-sharpened-rotated32.png|train/malignant/malignant (70)-sharpened-sharpened.png|train/malignant/malignant (70)-sharpened.png|train/malignant/malignant (70).png,d29a02c5dc96585dece53cca00fb57b3|f0c2f09817dbf88a43058f2de0e723a1|93b2dce24fb389efe73fb96352df6614|ab19634ac71ebe6cb18e0ffde41d96d4|e474972004949950b9e9c2bc817f9cda|6a7678e2ed5766eca435200d9fa44aac|d4416d56930cb06b012b1cfb1980fa4b|104e37c282514a7df8e41fa5b80fc39e|ff3d4320019a1fc2618a2ece922883a4|4ece217c0c04d1025ff540d3d26f34e2|8d22a790bfc571ef34308813cc5ae411|d1b8c8e0231839e81535e73e5a28eb5a|aaeb53eda4f8e5c92582316723e5d076|ccda34bec5e05afc83be464d216f470f|d8e801640b530ded3c4322bfa342f1e3|1688e18e86cfc4ab160f2a6262f46cad|1688e18e86cfc4ab160f2a6262f46cad|e35430a28039db3a62dbcc5cb0f4b95e|62b8bffb6eecee4fa52aaa6232619b87|b801adbe2dd91aa2ae0638009263e8ea|34409f122992a15c7b825b12b7ffb992,malignant (70),inferred_from_filename_not_verified_identifier,train,False,train/malignant/malignant (70).png
bag-743753c4d89f,grp-743753c4d89f,malignant,21,train/malignant/malignant (50)-rotated1-rotated1.png|train/malignant/malignant (50)-rotated1-rotated2.png|train/malignant/malignant (50)-rotated1-rotated32.png|train/malignant/malignant (50)-rotated1-sharpened.png|train/malignant/malignant (50)-rotated1.png|train/malignant/malignant (50)-rotated2-rotated1.png|train/malignant/malignant (50)-rotated2-rotated2.png|train/malignant/malignant (50)-rotated2-rotated32.png|train/malignant/malignant (50)-rotated2-sharpened.png|train/malignant/malignant (50)-rotated2.png|train/malignant/malignant (50)-rotated32-rotated1.png|train/malignant/malignant (50)-rotated32-rotated2.png|train/malignant/malignant (50)-rotated32-rotated32.png|train/malignant/malignant (50)-rotated32-sharpened.png|train/malignant/malignant (50)-rotated32.png|train/malignant/malignant (50)-sharpened-rotated1.png|train/malignant/malignant (50)-sharpened-rotated2.png|train/malignant/malignant (50)-sharpened-rotated32.png|train/malignant/malignant (50)-sharpened-sharpened.png|train/malignant/malignant (50)-sharpened.png|train/malignant/malignant (50).png,5be9486b04e5e4651f4021c34d1e19d3|ee74cac099081c2f6c79548a89dc8070|ee74cac099081c2f6c79548a89dc8070|dcfd27115d0e88300d30a4062f10411f|93caa55834c4eb576568d9e1dd777e21|157754664e20afffe73d7811094d2424|157754664e20afffe73d7811094d2424|8a9fffa39aa77f99e8d8bcbdcc53a526|8c3d24d5aa196f7d2e28b6873b30ee1a|e6075c55da7998ea0cb37d4156207177|95853d244827032d758bc6e30162cefc|60a24d9e05f7ccb4af2b63e81fd6d66e|5712b0c6da7224d7fe08b487cd1c1359|9a1b17c92f74d8a23fdadc6a7b326e4b|96f27ee5131da540fac0a216fb32f881|e292df91aba70ab1b75ad1f33e31a638|2e3b51d8838de53a2e4a5dfb169b6d6a|5c2f9cccd5c04d1dd62e2d955b21df83|31ce2fc9bfd5562a09a226493672ec18|8c3d24d5aa196f7d2e28b6873b30ee1a|660c557b87e947714aaaaab32b6ee128,malignant (50),inferred_from_filename_not_verified_identifier,train,False,train/malignant/malignant (50).png
bag-744efdef6a20,grp-744efdef6a20,malignant,21,train/malignant/malignant (22)-rotated1-rotated1.png|train/malignant/malignant (22)-rotated1-rotated2.png|train/malignant/malignant (22)-rotated1-rotated32.png|train/malignant/malignant (22)-rotated1-sharpened.png|train/malignant/malignant (22)-rotated1.png|train/malignant/malignant (22)-rotated2-rotated1.png|train/malignant/malignant (22)-rotated2-rotated2.png|train/malignant/malignant (22)-rotated2-rotated32.png|train/malignant/malignant (22)-rotated2-sharpened.png|train/malignant/malignant (22)-rotated2.png|train/malignant/malignant (22)-rotated32-rotated1.png|train/malignant/malignant (22)-rotated32-rotated2.png|train/malignant/malignant (22)-rotated32-rotated32.png|train/malignant/malignant (22)-rotated32-sharpened.png|train/malignant/malignant (22)-rotated32.png|train/malignant/malignant (22)-sharpened-rotated1.png|train/malignant/malignant (22)-sharpened-rotated2.png|train/malignant/malignant (22)-sharpened-rotated32.png|train/malignant/malignant (22)-sharpened-sharpened.png|train/malignant/malignant (22)-sharpened.png|train/malignant/malignant (22).png,c4e23374b82a2661a2007dd50bb517e0|50503b8f86c242ab2d2310bf7304651e|c4e23374b82a2661a2007dd50bb517e0|aaba7243db637c34668e21bfa16fd5cd|55dea614284c54a83a32790f50b8dce2|9586ef138d1a540f173806834e6dc135|2d97e318221b618beb380b64fa4707c3|0b4ec86c7dfe20f959cc4e5dbc4aacb4|81f96f33918f2587db99b4af9474af5b|451f74558e65a12a93cba7364a607ea7|438d4bc1c3683ffe25eaaf00dcdb1f88|e20a8559eece361685914f97daa97e4f|f89dd3f20fb0e737a9c3db7a7c33b907|fdac6610b1748b35c8265faf5cbd7f38|5dfd43eab74a7be3607f8444f670e23f|ce7807f04da7bec98359fb678a8c46ee|52bb2ca0ebaa3bfb034e44331e785087|7538c0da7747963e11945ea47a27c507|93af493af526bfad9f92a2c2e54251eb|aaba7243db637c34668e21bfa16fd5cd|234640bbcc9e19440b4d58763de59a20,malignant (22),inferred_from_filename_not_verified_identifier,train,False,train/malignant/malignant (22).png
bag-74796471334a,grp-74796471334a,malignant,21,train/malignant/malignant (46)-rotated1-rotated1.png|train/malignant/malignant (46)-rotated1-rotated2.png|train/malignant/malignant (46)-rotated1-rotated32.png|train/malignant/malignant (46)-rotated1-sharpened.png|train/malignant/malignant (46)-rotated1.png|train/malignant/malignant (46)-rotated2-rotated1.png|train/malignant/malignant (46)-rotated2-rotated2.png|train/malignant/malignant (46)-rotated2-rotated32.png|train/malignant/malignant (46)-rotated2-sharpened.png|train/malignant/malignant (46)-rotated2.png|train/malignant/malignant (46)-rotated32-rotated1.png|train/malignant/malignant (46)-rotated32-rotated2.png|train/malignant/malignant (46)-rotated32-rotated32.png|train/malignant/malignant (46)-rotated32-sharpened.png|train/malignant/malignant (46)-rotated32.png|train/malignant/malignant (46)-sharpened-rotated1.png|train/malignant/malignant (46)-sharpened-rotated2.png|train/malignant/malignant (46)-sharpened-rotated32.png|train/malignant/malignant (46)-sharpened-sharpened.png|train/malignant/malignant (46)-sharpened.png|train/malignant/malignant (46).png,c8e6a201287c14791ca62f680d699fd4|3566243b87e85c180f20e147f192843b|4c2a73f0a45f902fdb13661cae962100|263c70e29e613c09f471225cae6df346|b844f163fb0f673149a7e9579655f4b8|22db2074f162139359b3cbe5972850ce|84a6b2ee4164d9ce4743b0defb42351c|445e0528f734fc4523fae5ba523cabd2|660f72099847e47809ccc1482e25c1f6|4824365821f032310751198bce2f51cb|3bdccd68e663e2f32ee582058c729967|8982af361b2ce1182fb3917993440d2d|fb1a5dfc605e1633ab848b4c17f13801|5a44acce5a98ee97eedc95492cf32fd6|fecb3a7d27bfd38e4f91c9f61093572e|a65e3aafe95ba8b04670439d961f6ab2|73ff4d564d51b1ef39d80ce2b75fe437|5d3936a5fc0d37c5bb4c83036bba3bdd|3d76c9135fc5d0e06c568d5e1a5a763e|a65e3aafe95ba8b04670439d961f6ab2|791929fee8b2a98ef8216f6869c7f79b,malignant (46),inferred_from_filename_not_verified_identifier,train,False,train/malignant/malignant (46).png
bag-752cca650365,grp-752cca650365,malignant,21,train/malignant/malignant (131)-rotated1-rotated1.png|train/malignant/malignant (131)-rotated1-rotated2.png|train/malignant/malignant (131)-rotated1-rotated32.png|train/malignant/malignant (131)-rotated1-sharpened.png|train/malignant/malignant (131)-rotated1.png|train/malignant/malignant (131)-rotated2-rotated1.png|train/malignant/malignant (131)-rotated2-rotated2.png|train/malignant/malignant (131)-rotated2-rotated32.png|train/malignant/malignant (131)-rotated2-sharpened.png|train/malignant/malignant (131)-rotated2.png|train/malignant/malignant (131)-rotated32-rotated1.png|train/malignant/malignant (131)-rotated32-rotated2.png|train/malignant/malignant (131)-rotated32-rotated32.png|train/malignant/malignant (131)-rotated32-sharpened.png|train/malignant/malignant (131)-rotated32.png|train/malignant/malignant (131)-sharpened-rotated1.png|train/malignant/malignant (131)-sharpened-rotated2.png|train/malignant/malignant (131)-sharpened-rotated32.png|train/malignant/malignant (131)-sharpened-sharpened.png|train/malignant/malignant (131)-sharpened.png|train/malignant/malignant (131).png,3890c938caa9450f72f4f50bf1594379|563302978f61619560606a30702714eb|b96a6727985fdaa7856e55b9b06e837d|be4e57495bc82379661212a746fe43bd|3665c94360c37e27dce17a14dc205d69|ee0c1e49a4fb24a54f813454b9598151|d20341d8b9a3147dfe7aa0bd691e5b5a|f8bb5f5e2546d8418c3a596c7f7d6c92|b45cb294ff9da7e674a89b62c501ae81|007c1ca0cbcf1261b131029e3ec055a2|846df192213ec6674014c82cec974950|883974282d7bb9dba73d5092cb3aa5bd|407c79e91d65e8bfc816676d3c57b4e0|246d1855427ce3f89a856b44c74e36e4|dcb00c0161874729b0aa1a2dab6f82f2|cb014ba87b0e6d59327822f250fc109e|cb014ba87b0e6d59327822f250fc109e|b78cd4a85ae6dc68a5df53ae7d27279c|2c46268cf8dcfa03f12ba7a67cc38f2c|9afc9282dacd0a7810bf623929428669|3c7267e725ce541cbe954ff0102e1a6e,malignant (131),inferred_from_filename_not_verified_identifier,train,False,train/malignant/malignant (131).png
bag-75f345f990ca,grp-75f345f990ca,malignant,21,train/malignant/malignant (191)-rotated1-rotated1.png|train/malignant/malignant (191)-rotated1-rotated2.png|train/malignant/malignant (191)-rotated1-rotated32.png|train/malignant/malignant (191)-rotated1-sharpened.png|train/malignant/malignant (191)-rotated1.png|train/malignant/malignant (191)-rotated2-rotated1.png|train/malignant/malignant (191)-rotated2-rotated2.png|train/malignant/malignant (191)-rotated2-rotated32.png|train/malignant/malignant (191)-rotated2-sharpened.png|train/malignant/malignant (191)-rotated2.png|train/malignant/malignant (191)-rotated32-rotated1.png|train/malignant/malignant (191)-rotated32-rotated2.png|train/malignant/malignant (191)-rotated32-rotated32.png|train/malignant/malignant (191)-rotated32-sharpened.png|train/malignant/malignant (191)-rotated32.png|train/malignant/malignant (191)-sharpened-rotated1.png|train/malignant/malignant (191)-sharpened-rotated2.png|train/malignant/malignant (191)-sharpened-rotated32.png|train/malignant/malignant (191)-sharpened-sharpened.png|train/malignant/malignant (191)-sharpened.png|train/malignant/malignant (191).png,c1e72bb5324f6bf30dbdb38ea3e735c1|6cd50bc0e401de0f04bae981831a9015|70b3ada255ea908e46c2910858d67454|9b14226d8913fd17a33a3c2080ef65f2|9f3e53761d9fc42b522d83c18364d8df|cd8eba0d29111de5ce59edff69fc36dc|13e57ec787eb6cc2bfe9ee0710e7932e|2db0931bffa46632b9b9072a4a48d3a6|e241dbd680f5e7ff14de199a72201962|ec627c9492c821794739a9b02667d6ea|979394d756c6205d3349646caece846a|253b3958b4e8a4b478cbd3681280c726|4f939a02b8ac572c7037c575bc7edd34|d632f685d9f30030bea8bb4a9bb5a8cf|4beff7f8e81a0215d813aee7974a2b71|9d7cf90841a941faeee4cb5a46a5e89a|194c91355c680e7ee8bee5a90680f313|4758c2af0666c877078eef3200938086|224773464ce88c2029071e20299e5ea9|737779a37a8c2ea77f95963ed91e7370|f2e6ee1cae7387fe9f103a01817e6140,malignant (191),inferred_from_filename_not_verified_identifier,train,False,train/malignant/malignant (191).png
bag-7608ff7796db,grp-7608ff7796db,benign,16,train/benign/benign (149)-rotated1-rotated1.png|train/benign/benign (149)-rotated1-rotated2.png|train/benign/benign (149)-rotated1-sharpened.png|train/benign/benign (149)-rotated1.jpg|train/benign/benign (149)-rotated1.png|train/benign/benign (149)-rotated2-rotated1.png|train/benign/benign (149)-rotated2-rotated2.png|train/benign/benign (149)-rotated2-sharpened.png|train/benign/benign (149)-rotated2.jpg|train/benign/benign (149)-rotated2.png|train/benign/benign (149)-sharpened-rotated1.png|train/benign/benign (149)-sharpened-rotated2.png|train/benign/benign (149)-sharpened-sharpened.png|train/benign/benign (149)-sharpened.jpg|train/benign/benign (149)-sharpened.png|train/benign/benign (149).png,9fc61446f18b75240d1b3af7d4414fbd|caf84e08274b916d4e941908fd07865d|30807dc0c63d22a81e242005f4ce6cfa|7e6331581fa7691f5918bdc8bfc2dffc|7ea580a0057292c81aa1d0b18d37fe9f|58ed96bf3ade4c3002669c2c39aff4eb|3e1bf1bbe3a388128763defd12e9150c|3d30c5fd27ee2e2b40958387b5996378|8743ff96e3ddd28972499c8620d93dc6|58af2a2c23e7d4fc651543202ce83fcd|298474ff3b5aab2a1de40ddfbdbaaeda|da8acfd6fb224e7e5fd27cb687ab83b8|4c3d6933ab74bd2e832fd83f00d080fd|dd1f012b3929563d8727e3ff4c8dafde|298474ff3b5aab2a1de40ddfbdbaaeda|d3412453e4b66cf20fe1e74794fa0810,benign (149),inferred_from_filename_not_verified_identifier,train,False,train/benign/benign (149).png
bag-76a3449808b1,grp-76a3449808b1,benign,16,train/benign/benign (197)-rotated1-rotated1.png|train/benign/benign (197)-rotated1-rotated2.png|train/benign/benign (197)-rotated1-sharpened.png|train/benign/benign (197)-rotated1.jpg|train/benign/benign (197)-rotated1.png|train/benign/benign (197)-rotated2-rotated1.png|train/benign/benign (197)-rotated2-rotated2.png|train/benign/benign (197)-rotated2-sharpened.png|train/benign/benign (197)-rotated2.jpg|train/benign/benign (197)-rotated2.png|train/benign/benign (197)-sharpened-rotated1.png|train/benign/benign (197)-sharpened-rotated2.png|train/benign/benign (197)-sharpened-sharpened.png|train/benign/benign (197)-sharpened.jpg|train/benign/benign (197)-sharpened.png|train/benign/benign (197).png,9accd107ab3dd78270d08072f79abed1|9c0c8202da577239f7c370c19a07548e|143e036ce233687075d1898df36f83de|ec8fd8fe7099cb56168a34c9d9f33af2|1e07148756f2edc95c0032ed6c787ae1|bfc8541fabed80cca28175a320fbec7e|ed059fcc2c1e4408482d7ef85ebc589f|5e6f52a30f5dd4cc63fae8d0d417d7d4|b97a81264ffcf5f984ccada811a92ffe|2831c95056b49bb9bd659d66c24790b0|90129275dd5d7197b0cffc482bbab743|f9c4ec2f8927a540488b9866787bc78e|535ae8062626759b38563be464686a87|0dbd4e319539f7190034b0b0e36f0462|49ee6216d99a93514d3ee6e96714c968|e82bb33cdef9ada8eac2efc39ad9e5af,benign (197),inferred_from_filename_not_verified_identifier,train,False,train/benign/benign (197).png
bag-77687eacca02,grp-77687eacca02,malignant,53,val/malignant/malignant (1)-rotated1-rotated1-rotated1.png|val/malignant/malignant (1)-rotated1-rotated1-rotated2.png|val/malignant/malignant (1)-rotated1-rotated1-rotated32.png|val/malignant/malignant (1)-rotated1-rotated1-sharpened.png|val/malignant/malignant (1)-rotated1-rotated1.png|val/malignant/malignant (1)-rotated1-rotated2-rotated1.png|val/malignant/malignant (1)-rotated1-rotated2-rotated2.png|val/malignant/malignant (1)-rotated1-rotated2-rotated32.png|val/malignant/malignant (1)-rotated1-rotated2-sharpened.png|val/malignant/malignant (1)-rotated1-rotated2.png|val/malignant/malignant (1)-rotated1-rotated32-rotated1.png|val/malignant/malignant (1)-rotated1-rotated32-rotated2.png|val/malignant/malignant (1)-rotated1-rotated32-rotated32.png|val/malignant/malignant (1)-rotated1-rotated32-sharpened.png|val/malignant/malignant (1)-rotated1-rotated32.png|val/malignant/malignant (1)-rotated1-sharpened-rotated1.png|val/malignant/malignant (1)-rotated1-sharpened-rotated2.png|val/malignant/malignant (1)-rotated1-sharpened-rotated32.png|val/malignant/malignant (1)-rotated1-sharpened-sharpened.png|val/malignant/malignant (1)-rotated1-sharpened.png|val/malignant/malignant (1)-rotated1.png|val/malignant/malignant (1)-rotated2-rotated1.png|val/malignant/malignant (1)-rotated2-rotated2.png|val/malignant/malignant (1)-rotated2-rotated32.png|val/malignant/malignant (1)-rotated2-sharpened.png|val/malignant/malignant (1)-rotated2.png|val/malignant/malignant (1)-rotated32-rotated1.png|val/malignant/malignant (1)-rotated32-rotated2.png|val/malignant/malignant (1)-rotated32-rotated32.png|val/malignant/malignant (1)-rotated32-sharpened.png|val/malignant/malignant (1)-rotated32.png|val/malignant/malignant (1)-sharpened-rotated1-rotated1.png|val/malignant/malignant (1)-sharpened-rotated1-rotated2.png|val/malignant/malignant (1)-sharpened-rotated1-rotated32.png|val/malignant/malignant (1)-sharpened-rotated1-sharpened.png|val/malignant/malignant (1)-sharpened-rotated1.png|val/malignant/malignant (1)-sharpened-rotated2-rotated1.png|val/malignant/malignant (1)-sharpened-rotated2-rotated2.png|val/malignant/malignant (1)-sharpened-rotated2-rotated32.png|val/malignant/malignant (1)-sharpened-rotated2-sharpened.png|val/malignant/malignant (1)-sharpened-rotated2.png|val/malignant/malignant (1)-sharpened-rotated32-rotated1.png|val/malignant/malignant (1)-sharpened-rotated32-rotated2.png|val/malignant/malignant (1)-sharpened-rotated32-rotated32.png|val/malignant/malignant (1)-sharpened-rotated32-sharpened.png|val/malignant/malignant (1)-sharpened-rotated32.png|val/malignant/malignant (1)-sharpened-sharpened-rotated1.png|val/malignant/malignant (1)-sharpened-sharpened-rotated2.png|val/malignant/malignant (1)-sharpened-sharpened-rotated32.png|val/malignant/malignant (1)-sharpened-sharpened-sharpened.png|val/malignant/malignant (1)-sharpened-sharpened.png|val/malignant/malignant (1)-sharpened.png|val/malignant/malignant (1).png,e77ecb5b4aab7153f66dab4fffd853f3|f362ec5558dfafd80fd7e22ec1341dec|752ac880e59794203d04d781bb5be74a|b472a2c3c48557ee7d621f677df9aad6|d4a3b0158f5114faf3ea962c8d2cd159|125411dc604d058e113bb737b85a337c|e653364a3ee3077a1ca2bd79092ecc8c|e653364a3ee3077a1ca2bd79092ecc8c|8ce89202f6d1bea6fdf9f5efdf6350a0|66aed10cb5437820fb48cca06e3e5b74|fe9df200ab39323f6c50c7e45363294e|171c8690df27f83ed09b4c8a3eb1499f|fd7e058912e79aebd10f61c426319b21|c5b477f527ae361fc52b2e56fefa5cdc|e28f0a92ae2ac62f821ba4bedf42943c|011ee2882cfe5892d2595bcad4d7e284|b39df36e38cb36156f3fee084a91263c|a2f5f7122663f7f7f8dbb5cadb208ffb|5bd5db41d489abe90f40aa5069f19493|ae4b45ea2c1d93ecfdadef9d820e4415|30993fb2631a9d43f5e7c384df854cd8|2d46ed3fabd37fcb279b862c76b2de60|b616783936be7da9939304ee88757093|22b31a9beb229d09354766f2e39130c7|ae4b45ea2c1d93ecfdadef9d820e4415|b631ed2638cc7dfd464eba2bec396d21|5ebc69945e03db0b44e6a4afa6cfeb5d|5870cffcd39361adc0bead059441dcde|5ebc69945e03db0b44e6a4afa6cfeb5d|a36c92c588a50808865027f145ceb2ca|c7e0a49c80de5914fff8c86e9c6ebb2d|011b5d937545c0f461a5a66b0d02fc43|55e66c6c80e5ba56dace552888dee164|d781a0b68a35f8026d1913c3c7ab73c8|2b93cc595bf044b3cecec7a3569e3269|d600fee52583113c087714141790bd73|acf53fb5fddace880e5d33393c102f5e|f047fe3be057d27d0c4492ceff94cdc2|058fc61f51acb3218f3caec84dee0688|61df8ccb5f3eb39545d877a5e752c294|12002db3d69d3d0c0463c2de0deefaa1|0182017c7e3378c968d3877246d603a1|0ee58cc0f05d295c705f866a8fe016bd|bbecb2962749248e6e591c2b6dafa844|8bb1ef04732c2ee9775c16991d4a4f96|46f0e209eb11743b6f2db713428ac6c6|5dab258961a60a113e6e29b71568da72|7e0b29981845d251d315677c7ab5722d|d5c78a220ae2dfab2cda865cabe62c3c|076386b4f3657af27ccb203324713446|4d7f34a50bc30acdc68140449a3b9287|e36b4e4252476ef9d32488b89ac809c9|15bc3eef0acb70eb50f06571afb12053,malignant (1),inferred_from_filename_not_verified_identifier,val,False,val/malignant/malignant (1).png
bag-77e01b892821,grp-77e01b892821,benign,16,train/benign/benign (253)-rotated1-rotated1.png|train/benign/benign (253)-rotated1-rotated2.png|train/benign/benign (253)-rotated1-sharpened.png|train/benign/benign (253)-rotated1.jpg|train/benign/benign (253)-rotated1.png|train/benign/benign (253)-rotated2-rotated1.png|train/benign/benign (253)-rotated2-rotated2.png|train/benign/benign (253)-rotated2-sharpened.png|train/benign/benign (253)-rotated2.jpg|train/benign/benign (253)-rotated2.png|train/benign/benign (253)-sharpened-rotated1.png|train/benign/benign (253)-sharpened-rotated2.png|train/benign/benign (253)-sharpened-sharpened.png|train/benign/benign (253)-sharpened.jpg|train/benign/benign (253)-sharpened.png|train/benign/benign (253).png,72fd51be6f6517e495c7ce61487381b8|72fd51be6f6517e495c7ce61487381b8|ee0ea75195e50ca064cdc3c192208c47|755efbdd13aa9e8facbf5775cbe9726f|1bca38ca7bd3c7d3d31feace072eec32|139a497cbd2738b1aa3b6772030347d4|769e6b764d7e3dc5f5b4a58ceb413d6a|ae608af181191a1e65f3287c96d823aa|a5d59d96ecb8825ceec60b5411354cd1|6cf2071cefe21a879b9bb7b7bd355abe|4ad538006ad68cecb81f803015f1d034|de01b3870830069e712c223c495a082d|289c2e59efcd7a37ccdc59d5d10b4df7|54b93a89ec0fa773c314eac08c763b9b|de01b3870830069e712c223c495a082d|d365be9423941d6ee0703cd99bbb630f,benign (253),inferred_from_filename_not_verified_identifier,train,False,train/benign/benign (253).png
bag-77e8899e5107,grp-77e8899e5107,malignant,21,train/malignant/malignant (125)-rotated1-rotated1.png|train/malignant/malignant (125)-rotated1-rotated2.png|train/malignant/malignant (125)-rotated1-rotated32.png|train/malignant/malignant (125)-rotated1-sharpened.png|train/malignant/malignant (125)-rotated1.png|train/malignant/malignant (125)-rotated2-rotated1.png|train/malignant/malignant (125)-rotated2-rotated2.png|train/malignant/malignant (125)-rotated2-rotated32.png|train/malignant/malignant (125)-rotated2-sharpened.png|train/malignant/malignant (125)-rotated2.png|train/malignant/malignant (125)-rotated32-rotated1.png|train/malignant/malignant (125)-rotated32-rotated2.png|train/malignant/malignant (125)-rotated32-rotated32.png|train/malignant/malignant (125)-rotated32-sharpened.png|train/malignant/malignant (125)-rotated32.png|train/malignant/malignant (125)-sharpened-rotated1.png|train/malignant/malignant (125)-sharpened-rotated2.png|train/malignant/malignant (125)-sharpened-rotated32.png|train/malignant/malignant (125)-sharpened-sharpened.png|train/malignant/malignant (125)-sharpened.png|train/malignant/malignant (125).png,b7888ce85de938469d7d35208422d8db|791249c83323e72eb10e4b222ff75076|3bdb149ae8dfb9a4706dac920cfc6ff8|b29857450e88c387947ecb9ff4d49887|1a6dd48d87512d52b4ef1367bb771a50|2db6338f6d69697b090c858e2ac9c159|b825caa53dc1900ad4938c01ce3f6549|3f02a234a492775bce163629a73506a1|aa5ae83deabc798a7e417d3b20b2a631|ef09773157ab4886d1172db9bf1e6897|4d33a14c52a95f45063b0bfd364e593c|62ec5a2187b4cf3edff53592762338d8|5db8db990b5f586a1666701606632e24|6474c84217a6c854b5a2a7c21accabdf|123e16e1d5e11093d84aa94d88dfae14|18134b3c41e8dba12ba4b8f010b01594|4657407c0d90dbbe7acf710436e91cfd|902867f2e70e4baf1bfe9bfa0971ffc7|ef49f049f799d0f969e2842cc7064ed1|9f82b50270012799e6939989d87f108e|8fd0fab065018c09880f06d8fdb4c17e,malignant (125),inferred_from_filename_not_verified_identifier,train,False,train/malignant/malignant (125).png
bag-79431653db40,grp-79431653db40,benign,16,train/benign/benign (248)-rotated1-rotated1.png|train/benign/benign (248)-rotated1-rotated2.png|train/benign/benign (248)-rotated1-sharpened.png|train/benign/benign (248)-rotated1.jpg|train/benign/benign (248)-rotated1.png|train/benign/benign (248)-rotated2-rotated1.png|train/benign/benign (248)-rotated2-rotated2.png|train/benign/benign (248)-rotated2-sharpened.png|train/benign/benign (248)-rotated2.jpg|train/benign/benign (248)-rotated2.png|train/benign/benign (248)-sharpened-rotated1.png|train/benign/benign (248)-sharpened-rotated2.png|train/benign/benign (248)-sharpened-sharpened.png|train/benign/benign (248)-sharpened.jpg|train/benign/benign (248)-sharpened.png|train/benign/benign (248).png,ed241c8fe7a117678c462ddcd4787c8d|4fff541f4139c90ffec5f1605fe90e92|af93f3b75a9e4d38e3c53f861914828a|0dc05d5c90a76d61cf07e9120176a356|0501549e75588c13262985f90e4acd77|b8fe1528431b3aaf22ae6fae286164a7|a07ff7ff500e4b4e1362fd3620547a42|f57c6683c13174411e53db1278ab9fc9|35c8186ac3ed967feb7c62e23f938ce7|c9305252f64da6f8f166021aa694f8c2|9d43c41f059f712bb2ddef09129ffdfc|db5423f7be4f76e8ca99548553b92347|35eda220189f122fdb3c7bf130f98ebf|679d96d2faaeb87c74e0d097d17222ac|1095dff9a0bfa67faf54c37224c6ccc8|8d4b5df1bf4060b66967fdba98ea8c94,benign (248),inferred_from_filename_not_verified_identifier,train,False,train/benign/benign (248).png
bag-798d956abcf7,grp-798d956abcf7,benign,16,train/benign/benign (94)-rotated1-rotated1.png|train/benign/benign (94)-rotated1-rotated2.png|train/benign/benign (94)-rotated1-sharpened.png|train/benign/benign (94)-rotated1.jpg|train/benign/benign (94)-rotated1.png|train/benign/benign (94)-rotated2-rotated1.png|train/benign/benign (94)-rotated2-rotated2.png|train/benign/benign (94)-rotated2-sharpened.png|train/benign/benign (94)-rotated2.jpg|train/benign/benign (94)-rotated2.png|train/benign/benign (94)-sharpened-rotated1.png|train/benign/benign (94)-sharpened-rotated2.png|train/benign/benign (94)-sharpened-sharpened.png|train/benign/benign (94)-sharpened.jpg|train/benign/benign (94)-sharpened.png|train/benign/benign (94).png,89ff0ba1056a598befb5dec357222022|52ffda1246b526ddc9de9a598ed82230|c34f2c0ff1f74eba5202fa3abfc61c02|f9148eb91b07804f868020e330dbd1c3|0616f7349aa3ee9bbf87438b1bca7cdc|9ada0d9bb146a1fa04875b9fcf7e5a47|a3f2269108512dc84c93a0ae8fad2b39|c10e5c14c0d0e52da3ba4c447e66caa2|20943ae761a4d65d8f36d08890647c13|ad297ee09807815d0f5d00130dd5fc55|780ea2f8f8c8476cef9ac7a00259a392|308a23fa84692434888676bb03e9653c|3fdba7263630bacdd3dd6b13c6ee4267|2a14df48d4a95278f70698e0e9b6f61c|f49065241e040e3ec453573eac167826|14f53109373e9f17fbca6feda361dea8,benign (94),inferred_from_filename_not_verified_identifier,train,False,train/benign/benign (94).png
bag-79f87b0a1ef3,grp-79f87b0a1ef3,benign,16,train/benign/benign (39)-rotated1-rotated1.png|train/benign/benign (39)-rotated1-rotated2.png|train/benign/benign (39)-rotated1-sharpened.png|train/benign/benign (39)-rotated1.jpg|train/benign/benign (39)-rotated1.png|train/benign/benign (39)-rotated2-rotated1.png|train/benign/benign (39)-rotated2-rotated2.png|train/benign/benign (39)-rotated2-sharpened.png|train/benign/benign (39)-rotated2.jpg|train/benign/benign (39)-rotated2.png|train/benign/benign (39)-sharpened-rotated1.png|train/benign/benign (39)-sharpened-rotated2.png|train/benign/benign (39)-sharpened-sharpened.png|train/benign/benign (39)-sharpened.jpg|train/benign/benign (39)-sharpened.png|train/benign/benign (39).png,a69c35b924a098fdf5262e76490aed93|0d202b06bcaeec731704a720fccd1a6a|6db716cc94e9b3044a01f279d96573d7|143b204e12cf6492ba5ec4751879dccd|72fa1f167437fb55a529b948e678e9d9|2482d680f4e85403416eafa19a880f04|8ab9b081c770828f33506b3b95eaa24e|a91ca17293c31420edaa69c0101ebe8d|b53419007dd099fd27ea64dda342162d|ea3475d1ebae42906c1e19dc6f506831|802ab3c09f5c76d0486abd4775526aca|0293a13d446ee2b688c988f95450a6d3|3609a8bea89e79dfc584a0af557a772f|6dcd4e1352c1a20e279f163776032136|e1cecb5c92d6779287e26e2690d9c8f2|1459e3c9f89943f42154ce424cba4a8a,benign (39),inferred_from_filename_not_verified_identifier,train,False,train/benign/benign (39).png
bag-7a7756b7f7d2,grp-7a7756b7f7d2,malignant,21,train/malignant/malignant (80)-rotated1-rotated1.png|train/malignant/malignant (80)-rotated1-rotated2.png|train/malignant/malignant (80)-rotated1-rotated32.png|train/malignant/malignant (80)-rotated1-sharpened.png|train/malignant/malignant (80)-rotated1.png|train/malignant/malignant (80)-rotated2-rotated1.png|train/malignant/malignant (80)-rotated2-rotated2.png|train/malignant/malignant (80)-rotated2-rotated32.png|train/malignant/malignant (80)-rotated2-sharpened.png|train/malignant/malignant (80)-rotated2.png|train/malignant/malignant (80)-rotated32-rotated1.png|train/malignant/malignant (80)-rotated32-rotated2.png|train/malignant/malignant (80)-rotated32-rotated32.png|train/malignant/malignant (80)-rotated32-sharpened.png|train/malignant/malignant (80)-rotated32.png|train/malignant/malignant (80)-sharpened-rotated1.png|train/malignant/malignant (80)-sharpened-rotated2.png|train/malignant/malignant (80)-sharpened-rotated32.png|train/malignant/malignant (80)-sharpened-sharpened.png|train/malignant/malignant (80)-sharpened.png|train/malignant/malignant (80).png,9191fc86ec88a6e0f165676738f1b65b|9191fc86ec88a6e0f165676738f1b65b|4a46c29ed716dac9c23edcd3fede9bbc|d10b83bceec82b214081b901fff709e0|0be408489709988984b8b81bd319b349|fbf92a5c1e0c3c1503f1fcafe886f856|220b968da7b0d55fe14f76ac50869c06|f53b0fdf246446a16db72989adcdd171|eedd19ceafa96fe5ff8ad25ac41a0b80|025028c7459e2999fd9c6e7e4469e577|7867f74cbde839869a0b0ce028978ae5|32d9e911f0ae1f7ef1898ac41db53d9e|6a4da8b65f9545f05bf590d12776d036|83bff5386d20d437fc8f35547c251a27|6d7c734de96bd8119efa0b8cf2e9e3a7|ffc1072e50bffcf4ec323d95557f2d22|3e3fffd73d34e32d350e454fdc444d3c|e8b7c24bfb15c4883d45be456d704aa7|a150f4dba7a9f0ba2ecff8826bec5497|ffc1072e50bffcf4ec323d95557f2d22|73746b6ac960c4f59f2c756eda9e3b1b,malignant (80),inferred_from_filename_not_verified_identifier,train,False,train/malignant/malignant (80).png
bag-7aa09992f733,grp-7aa09992f733,malignant,21,train/malignant/malignant (153)-rotated1-rotated1.png|train/malignant/malignant (153)-rotated1-rotated2.png|train/malignant/malignant (153)-rotated1-rotated32.png|train/malignant/malignant (153)-rotated1-sharpened.png|train/malignant/malignant (153)-rotated1.png|train/malignant/malignant (153)-rotated2-rotated1.png|train/malignant/malignant (153)-rotated2-rotated2.png|train/malignant/malignant (153)-rotated2-rotated32.png|train/malignant/malignant (153)-rotated2-sharpened.png|train/malignant/malignant (153)-rotated2.png|train/malignant/malignant (153)-rotated32-rotated1.png|train/malignant/malignant (153)-rotated32-rotated2.png|train/malignant/malignant (153)-rotated32-rotated32.png|train/malignant/malignant (153)-rotated32-sharpened.png|train/malignant/malignant (153)-rotated32.png|train/malignant/malignant (153)-sharpened-rotated1.png|train/malignant/malignant (153)-sharpened-rotated2.png|train/malignant/malignant (153)-sharpened-rotated32.png|train/malignant/malignant (153)-sharpened-sharpened.png|train/malignant/malignant (153)-sharpened.png|train/malignant/malignant (153).png,e0b436c78dcf794ffd2ae02ad8d8d7fe|8ccd582aa4dc3f894a3587405d65ee63|e56f9e6bf7fa61c3afbc2916dce9b8bb|60320e3e89fa7e351b7168345c1a3106|c2cc7293b24e94b9b33e557e92d3c7a5|ad128ae43ea20903d87e3f8013a57fb4|82c4111f80f6059c1aef45ce9e35e551|f957ee7296b81fecc843129eeacf4bb5|02a5ee7834ac32b894020b5eed250436|8e626f682ab959c91d7bd9b0748078d6|072a02617173add71ec39700fd722d2d|580847ad81917e05e9ec0a656dee6dee|b7953ca94fee1bfcd2f580b732203b16|bf6dbb6087252bee83eb77585bc8ab51|f0a5b4bc2f22af9c678b61c8a209bc30|9abf5719e2207c0259c63f795bc68a72|0efc6113b3feecf08f9534cc8cef8457|ca85d06668622ee2591aed6c0401b1e9|32a0b09f3810d3d476d7e8176aade011|9f1752ed0221188e288ca8e666920dae|cc6c052062e661c9196fa939dca082bb,malignant (153),inferred_from_filename_not_verified_identifier,train,False,train/malignant/malignant (153).png
bag-7ab844ac0246,grp-7ab844ac0246,benign,16,train/benign/benign (98)-rotated1-rotated1.png|train/benign/benign (98)-rotated1-rotated2.png|train/benign/benign (98)-rotated1-sharpened.png|train/benign/benign (98)-rotated1.jpg|train/benign/benign (98)-rotated1.png|train/benign/benign (98)-rotated2-rotated1.png|train/benign/benign (98)-rotated2-rotated2.png|train/benign/benign (98)-rotated2-sharpened.png|train/benign/benign (98)-rotated2.jpg|train/benign/benign (98)-rotated2.png|train/benign/benign (98)-sharpened-rotated1.png|train/benign/benign (98)-sharpened-rotated2.png|train/benign/benign (98)-sharpened-sharpened.png|train/benign/benign (98)-sharpened.jpg|train/benign/benign (98)-sharpened.png|train/benign/benign (98).png,4a6ea12d7a1ac0085657d0abef194ff5|b845a0fc5945b9f396f11fb6639bee2d|1169ceb7feec54b49986ca5ea3f7fb88|d7d695b374de94e0ce05d712ef489877|0540b46622a9659b85f911b6d7e46644|0c60af95e36f1002edcc6569ecb6f18a|2f3a06d522a355028167ec1b44471e45|7ae45610c71033fdff7532d642af40a0|3862bb747eadf7332252d1bf76933302|5fba5afb760e9c2a2e2bc0a4c3381123|fb0e5dd555b4b00de8b620d6854a0595|7eb664e427969a4a500712015a6df4ba|6aace2292f769563f9a48e5f052bf471|71d565e0f28202c0e77f6655318afca5|785c25ee4894733daeda261ca9224b74|278ec18084123a2872dd1587d43a7a9d,benign (98),inferred_from_filename_not_verified_identifier,train,False,train/benign/benign (98).png
bag-7ac810a7dbed,grp-7ac810a7dbed,benign,16,train/benign/benign (181)-rotated1-rotated1.png|train/benign/benign (181)-rotated1-rotated2.png|train/benign/benign (181)-rotated1-sharpened.png|train/benign/benign (181)-rotated1.jpg|train/benign/benign (181)-rotated1.png|train/benign/benign (181)-rotated2-rotated1.png|train/benign/benign (181)-rotated2-rotated2.png|train/benign/benign (181)-rotated2-sharpened.png|train/benign/benign (181)-rotated2.jpg|train/benign/benign (181)-rotated2.png|train/benign/benign (181)-sharpened-rotated1.png|train/benign/benign (181)-sharpened-rotated2.png|train/benign/benign (181)-sharpened-sharpened.png|train/benign/benign (181)-sharpened.jpg|train/benign/benign (181)-sharpened.png|train/benign/benign (181).png,474fc0ce09b46b32024c484405a3af64|0deacd53f045c9b8ebca965359d072da|a64131e057583b39cca590df2db62311|31ec36dba30ce3e1c63a4d794e951503|bdbb292ae5c209997bc8d1476a7ed77e|f895c76f948637ab637e37ee0c0e5491|ca16373be19103d0e60061997adfc8cd|0e5256a9ac9f370626562a62b191006b|b7ff92a27139f63ceee96b6314921ed9|44717a01f9fc393958914f1043cc7a5d|884ab3c88077bee2821649bb5a6d903e|84edad8ce0ed061e701ca672f52befeb|afdf6912a8b6f61919c7ecd9127bd52e|3d1dde9f7033229f09bea161aba66978|ac09a371fc147232333241a75c3e1206|6f6a6a147876249809fa24b5c6e5304b,benign (181),inferred_from_filename_not_verified_identifier,train,False,train/benign/benign (181).png
bag-7b5027720535,grp-7b5027720535,benign,16,train/benign/benign (163)-rotated1-rotated1.png|train/benign/benign (163)-rotated1-rotated2.png|train/benign/benign (163)-rotated1-sharpened.png|train/benign/benign (163)-rotated1.jpg|train/benign/benign (163)-rotated1.png|train/benign/benign (163)-rotated2-rotated1.png|train/benign/benign (163)-rotated2-rotated2.png|train/benign/benign (163)-rotated2-sharpened.png|train/benign/benign (163)-rotated2.jpg|train/benign/benign (163)-rotated2.png|train/benign/benign (163)-sharpened-rotated1.png|train/benign/benign (163)-sharpened-rotated2.png|train/benign/benign (163)-sharpened-sharpened.png|train/benign/benign (163)-sharpened.jpg|train/benign/benign (163)-sharpened.png|train/benign/benign (163).png,9b7d72e47f4755bedd6d997e462d35ff|c2b55e663d2f96d968092226cdf7af2d|c11c1d1627d3c5de1854a67f4a94f717|990700513a413fb93bfbb690190817d8|f12c213bbc1ed0dc7b6f3d343061f98e|c27b4c8dd16cd0094e75239f0594d525|00381217111f289d06471398bb85d515|bffbe2e8512576772ac59f8ca6ef6d00|578b92b4f429360feeace52306967da7|9b2ddcd716999cda5a8a57c7b45d2de9|c05025ac390157d94b22f01a9ff405d9|4dd9b509ef4df8a5b2cb64eeb84ebadf|f896e25e0bd4ca81b38936b066056536|7542ab20ead570ca44b0e9f8f24687c8|1e1d20aedeec577e8f99d30832c017b8|fff7ee2861192a99206163f4649c048a,benign (163),inferred_from_filename_not_verified_identifier,train,False,train/benign/benign (163).png
bag-7c0c290352c5,grp-7c0c290352c5,benign,16,train/benign/benign (139)-rotated1-rotated1.png|train/benign/benign (139)-rotated1-rotated2.png|train/benign/benign (139)-rotated1-sharpened.png|train/benign/benign (139)-rotated1.jpg|train/benign/benign (139)-rotated1.png|train/benign/benign (139)-rotated2-rotated1.png|train/benign/benign (139)-rotated2-rotated2.png|train/benign/benign (139)-rotated2-sharpened.png|train/benign/benign (139)-rotated2.jpg|train/benign/benign (139)-rotated2.png|train/benign/benign (139)-sharpened-rotated1.png|train/benign/benign (139)-sharpened-rotated2.png|train/benign/benign (139)-sharpened-sharpened.png|train/benign/benign (139)-sharpened.jpg|train/benign/benign (139)-sharpened.png|train/benign/benign (139).png,1625031bf229009e080c2c983504caa5|ff0943303bc72f8e6aa617ad7693b7cf|db608ab8a3eef1f58356e1133d8f86a1|8778053c75135f77f488a15deda1debe|206a3832d57af4d238c3d7ab7227300b|ae30caef5d9a483ddbc057ad478cc1df|8600028b59767659c3d03b930016b58a|9cfefcf4936dd621df2e0cccf23a9783|28e7556feb8312180468187e02cd67f8|97f7f28b66ce83b590eacfd68cc3e541|959f4ce724ee12c7029c056038dc8697|a607f5200c17f81bbe524d15de93a0ee|bd8df4fd0dbad5d56de38cc486e79caa|05f0181001ae20f0ab56e6dd6a952392|db608ab8a3eef1f58356e1133d8f86a1|c52e6a2544e9b20e2fb27288e89ca44d,benign (139),inferred_from_filename_not_verified_identifier,train,False,train/benign/benign (139).png
bag-7cd5ea150ed8,grp-7cd5ea150ed8,benign,16,train/benign/benign (261)-rotated1-rotated1.png|train/benign/benign (261)-rotated1-rotated2.png|train/benign/benign (261)-rotated1-sharpened.png|train/benign/benign (261)-rotated1.jpg|train/benign/benign (261)-rotated1.png|train/benign/benign (261)-rotated2-rotated1.png|train/benign/benign (261)-rotated2-rotated2.png|train/benign/benign (261)-rotated2-sharpened.png|train/benign/benign (261)-rotated2.jpg|train/benign/benign (261)-rotated2.png|train/benign/benign (261)-sharpened-rotated1.png|train/benign/benign (261)-sharpened-rotated2.png|train/benign/benign (261)-sharpened-sharpened.png|train/benign/benign (261)-sharpened.jpg|train/benign/benign (261)-sharpened.png|train/benign/benign (261).png,bbb64374046a15a69e03e87f2c7565d5|c77fcc5593ba090d54606848dced012f|86c3637e340b960e38503c68ecb46a11|b3ed400150ae1e5e1116fca2895e41c6|86430ecccb976447bab2462d83b2ff13|110f8a20487f1853c78802578f34725e|68eb09adf6f5bed8d8e65e29469b46dc|952de4162c4c9e8c45a4bf4ed7efa6f2|febbaa122fe6fc20e4af8c319e810d07|c722757610e776c789e633536f7bf7fe|999d1283a14632be55d4709fbb50a0a4|e2159e99fbf054c92d46c557b7101222|c6c238e6b276d680fbd83eab103fa2bc|f521102856e08fe2ab49b85c11c5c5ea|e2159e99fbf054c92d46c557b7101222|3bdbc10fc621027868f48e99d4ef4bfb,benign (261),inferred_from_filename_not_verified_identifier,train,False,train/benign/benign (261).png
bag-7ceabe4a430c,grp-7ceabe4a430c,benign,16,train/benign/benign (52)-rotated1-rotated1.png|train/benign/benign (52)-rotated1-rotated2.png|train/benign/benign (52)-rotated1-sharpened.png|train/benign/benign (52)-rotated1.jpg|train/benign/benign (52)-rotated1.png|train/benign/benign (52)-rotated2-rotated1.png|train/benign/benign (52)-rotated2-rotated2.png|train/benign/benign (52)-rotated2-sharpened.png|train/benign/benign (52)-rotated2.jpg|train/benign/benign (52)-rotated2.png|train/benign/benign (52)-sharpened-rotated1.png|train/benign/benign (52)-sharpened-rotated2.png|train/benign/benign (52)-sharpened-sharpened.png|train/benign/benign (52)-sharpened.jpg|train/benign/benign (52)-sharpened.png|train/benign/benign (52).png,0558a6337f84fc489372c2a46815403e|4db12924a528f31b7202b0bcef4dd5b1|72c929e24024e0619d71eed4e94be79c|9a9243675ee7f84d306fad28af1cb2d5|5a673c5ecc34591819ccef35f568ca20|3767efc1e7c3c856e29aa8d73a573708|2df2ee943c115fd66ada4ea43f1998d2|f617f522c68a9617b47ef979cec19d77|219f0d16a7eafccd9252bf95f14cf88f|afb88d0daa8e14a6d8d45e4b17ecf551|1f8c250ca167d46d023933633a3d4c6d|469504595dd070d7303110a3f6670762|3d38a4b8326c27fdea8740671397058f|94d2970227fc0a927792d9bc21c2ac2f|03dfb7f29774a8627ec35c5ca6367cf4|b35c1bac0ad29c87f6ecc73a2143aa79,benign (52),inferred_from_filename_not_verified_identifier,train,False,train/benign/benign (52).png
bag-7eee298ce27f,grp-7eee298ce27f,benign,16,train/benign/benign (222)-rotated1-rotated1.png|train/benign/benign (222)-rotated1-rotated2.png|train/benign/benign (222)-rotated1-sharpened.png|train/benign/benign (222)-rotated1.jpg|train/benign/benign (222)-rotated1.png|train/benign/benign (222)-rotated2-rotated1.png|train/benign/benign (222)-rotated2-rotated2.png|train/benign/benign (222)-rotated2-sharpened.png|train/benign/benign (222)-rotated2.jpg|train/benign/benign (222)-rotated2.png|train/benign/benign (222)-sharpened-rotated1.png|train/benign/benign (222)-sharpened-rotated2.png|train/benign/benign (222)-sharpened-sharpened.png|train/benign/benign (222)-sharpened.jpg|train/benign/benign (222)-sharpened.png|train/benign/benign (222).png,ace2aadbe989aa6e797b82ff5fffaedc|239a44892c9cd1d34d2f28fe22af81d2|96c5adb268d26af629ad3b55acb7f49a|9466b5a790a2e9b8d47d7c4afbfc2085|145ebb14da22c59566e562a4fdf017e5|1212401cd88c4b0962d5c98fdd974ce8|7183fbee78820ebda5b234585adcd8f0|7eafe90eb23aa139c62354c534128f72|88603651203cc4f72a29e0883371d15e|bfda4de5f547126549eacf2d8993327c|018ec2bc26c0fdfbc3197fa247f994b8|0410f63d23e7a5d3f36d936bed9ac5fd|48ffdc5bbae42130b1366d9975216e59|30f6dfe2a76ffb5eec9f67f854ba9a0f|ad0fa69f030ac182d6d5cb15cc1e53f3|83058dbb88d151b31ef9535a1389bca1,benign (222),inferred_from_filename_not_verified_identifier,train,False,train/benign/benign (222).png
bag-7fcef97e5530,grp-7fcef97e5530,benign,16,train/benign/benign (198)-rotated1-rotated1.png|train/benign/benign (198)-rotated1-rotated2.png|train/benign/benign (198)-rotated1-sharpened.png|train/benign/benign (198)-rotated1.jpg|train/benign/benign (198)-rotated1.png|train/benign/benign (198)-rotated2-rotated1.png|train/benign/benign (198)-rotated2-rotated2.png|train/benign/benign (198)-rotated2-sharpened.png|train/benign/benign (198)-rotated2.jpg|train/benign/benign (198)-rotated2.png|train/benign/benign (198)-sharpened-rotated1.png|train/benign/benign (198)-sharpened-rotated2.png|train/benign/benign (198)-sharpened-sharpened.png|train/benign/benign (198)-sharpened.jpg|train/benign/benign (198)-sharpened.png|train/benign/benign (198).png,4f4c88c054ec617227842f138698fc0b|5dc774478010727498986f444b4961b2|ce151a483ed895e7f0507bc1604b47d4|0fd4f04a4a878d3684f483ea651a8b79|e81ed3ec37a3dea443c31c6284e1bab6|7b49edee12a9e94996373e3165288be6|af7e736d919362a9449a2bbd25284bed|8aaa0996c9979f5598f3190193254fdf|ae12953de0707c8ffb53802d8f60c53c|0764799d0cca2414262a172ac91ffc52|3ede3f8b8ba2d51b4a64616165b2bec7|6d05090cf2e0af026aa3d4e93c651ff8|616995bb7e33c1064024c3ccee7d23f0|c85843dc9c7a4ead2259d4e57077e59f|1a9356420cf12f344522011042cf9c62|838476fe74e5034e8131e06284ba1a44,benign (198),inferred_from_filename_not_verified_identifier,train,False,train/benign/benign (198).png
bag-80946556b92f,grp-80946556b92f,malignant,21,train/malignant/malignant (60)-rotated1-rotated1.png|train/malignant/malignant (60)-rotated1-rotated2.png|train/malignant/malignant (60)-rotated1-rotated32.png|train/malignant/malignant (60)-rotated1-sharpened.png|train/malignant/malignant (60)-rotated1.png|train/malignant/malignant (60)-rotated2-rotated1.png|train/malignant/malignant (60)-rotated2-rotated2.png|train/malignant/malignant (60)-rotated2-rotated32.png|train/malignant/malignant (60)-rotated2-sharpened.png|train/malignant/malignant (60)-rotated2.png|train/malignant/malignant (60)-rotated32-rotated1.png|train/malignant/malignant (60)-rotated32-rotated2.png|train/malignant/malignant (60)-rotated32-rotated32.png|train/malignant/malignant (60)-rotated32-sharpened.png|train/malignant/malignant (60)-rotated32.png|train/malignant/malignant (60)-sharpened-rotated1.png|train/malignant/malignant (60)-sharpened-rotated2.png|train/malignant/malignant (60)-sharpened-rotated32.png|train/malignant/malignant (60)-sharpened-sharpened.png|train/malignant/malignant (60)-sharpened.png|train/malignant/malignant (60).png,c5ab145795eaabbfce7029a9f5936c55|ea191c3920ca06469218b0b2f0be2005|d700e25adb8ccd867d7ec8c1fe272e52|a0e950b1a91933340cf7a689a02d6cfd|48b3aad1686e0cceb0b16bfaf7786812|ad1ec574a18a094daf50975c2fa6bcf6|e18c8f86665d78d6786938635bac86cb|a41d98e0608425dc1edb84622a373811|30361f3d02b53c9afe2ecfe690c7f558|2a8a307264d36123ca54d2f83708acae|25cdd43231d5f145ae45ba71db2036c9|6661d62fcab6991c6a79bffdd6eb6977|300fffaac2a276f95c2f32b1e8c779d2|3f6a7283e07054238277a8c49a6c64b5|2c679dc8856b4ac26bb5832c7aef8af8|5a32682a6aead48aa997b907f071b217|6d12a0d99643a2412393eabcf45e723e|65e45591e1e4544b5457b0294b151033|6a25303cd1531e2fa15f24f3348908e7|292d52b2758e06f0ca29e97a1d7c9419|89e4252d153f175ad14dbe2b991a613e,malignant (60),inferred_from_filename_not_verified_identifier,train,False,train/malignant/malignant (60).png
bag-811c26a2b673,grp-811c26a2b673,malignant,21,train/malignant/malignant (65)-rotated1-rotated1.png|train/malignant/malignant (65)-rotated1-rotated2.png|train/malignant/malignant (65)-rotated1-rotated32.png|train/malignant/malignant (65)-rotated1-sharpened.png|train/malignant/malignant (65)-rotated1.png|train/malignant/malignant (65)-rotated2-rotated1.png|train/malignant/malignant (65)-rotated2-rotated2.png|train/malignant/malignant (65)-rotated2-rotated32.png|train/malignant/malignant (65)-rotated2-sharpened.png|train/malignant/malignant (65)-rotated2.png|train/malignant/malignant (65)-rotated32-rotated1.png|train/malignant/malignant (65)-rotated32-rotated2.png|train/malignant/malignant (65)-rotated32-rotated32.png|train/malignant/malignant (65)-rotated32-sharpened.png|train/malignant/malignant (65)-rotated32.png|train/malignant/malignant (65)-sharpened-rotated1.png|train/malignant/malignant (65)-sharpened-rotated2.png|train/malignant/malignant (65)-sharpened-rotated32.png|train/malignant/malignant (65)-sharpened-sharpened.png|train/malignant/malignant (65)-sharpened.png|train/malignant/malignant (65).png,4fecf91db75611441f70baad9cb24600|5f87095c6dc9286aa73d423942158fa2|184ab604855ba16bef365ac6d88263df|de85c494b41d3e245455d6f139e452d4|918d1fe6b9a98e3b2b84109fc6343a66|575d087adaf3e5f849ce10a503376b73|0a619c102c7dae1c1732af930861db79|6691973204ff05ff7d45c4944188a7bf|dd62c211b535793d9660030dd83091e2|9e0686627c3fb1594f54a8c6901a74b9|3ce427692ef893513da29ceb55ec3c58|e247f646e36eca8bce6788077640eb6a|721fb38f876930b0c12965850664fb94|343cbcdb7c194711c4f6c6d9a7570a70|f48c20561c818ebad10d461e60aac9a1|5edf07328816e3f8e5df5b892438461e|3e10fd429ea0ac94084b6ca8519783f8|ff3ea11ae3787868ae2c5baebfc1bd01|c9d82dc855180f5623fde84026532d03|3c3ea6830cf867d9e265c76753df272e|e27391dcf353ea7628fdee18a8f2b3e6,malignant (65),inferred_from_filename_not_verified_identifier,train,False,train/malignant/malignant (65).png
bag-81d510986d3f,grp-81d510986d3f,benign,16,train/benign/benign (118)-rotated1-rotated1.png|train/benign/benign (118)-rotated1-rotated2.png|train/benign/benign (118)-rotated1-sharpened.png|train/benign/benign (118)-rotated1.jpg|train/benign/benign (118)-rotated1.png|train/benign/benign (118)-rotated2-rotated1.png|train/benign/benign (118)-rotated2-rotated2.png|train/benign/benign (118)-rotated2-sharpened.png|train/benign/benign (118)-rotated2.jpg|train/benign/benign (118)-rotated2.png|train/benign/benign (118)-sharpened-rotated1.png|train/benign/benign (118)-sharpened-rotated2.png|train/benign/benign (118)-sharpened-sharpened.png|train/benign/benign (118)-sharpened.jpg|train/benign/benign (118)-sharpened.png|train/benign/benign (118).png,2879bbb8962fde3274c81ac68d27ae0e|694c5ba763d389b8b1613708e5e85405|4e0c18ef7646d7151ceed50502b494e1|f587d08b25ca1ff30b00e8a8825f60b2|2ba62c3d37a1a2bda1973f02e5317046|e46135707b20b1316f56f1b2e8b7a6a0|e572aacf7eec36f2f069235a72071a6f|b4e4011876a38f3d8270188973986496|5ae953b1f8edeb7cb9935b3b3baabfb8|e84336aaa4fff7e9ace6777c042da843|8b9081af5f0bf7dedea736d4f3ee766e|b7d7f9c22203d2a4d9782bd09a29a26b|32c3286a107cc06385bc6119061c2ae0|bda476a7871ce12495c8205750215c90|903f0b95334334c0329651769d00dd1a|a1caaeabaac7351d4882ab3211cc743f,benign (118),inferred_from_filename_not_verified_identifier,train,False,train/benign/benign (118).png
bag-82f30144c773,grp-82f30144c773,benign,16,train/benign/benign (58)-rotated1-rotated1.png|train/benign/benign (58)-rotated1-rotated2.png|train/benign/benign (58)-rotated1-sharpened.png|train/benign/benign (58)-rotated1.jpg|train/benign/benign (58)-rotated1.png|train/benign/benign (58)-rotated2-rotated1.png|train/benign/benign (58)-rotated2-rotated2.png|train/benign/benign (58)-rotated2-sharpened.png|train/benign/benign (58)-rotated2.jpg|train/benign/benign (58)-rotated2.png|train/benign/benign (58)-sharpened-rotated1.png|train/benign/benign (58)-sharpened-rotated2.png|train/benign/benign (58)-sharpened-sharpened.png|train/benign/benign (58)-sharpened.jpg|train/benign/benign (58)-sharpened.png|train/benign/benign (58).png,f26ce0b08435c65a7e8073d4965e9a84|01846dacc58afa9901acfa237e0949f3|361a3feae19806d0de3add7ea57c5124|e44b7cf2f4e341786309cfc53f408b44|de6119294d3921f06979679dc34dd5e8|5d90d2f32b07a21830039b78e22f327c|c4da38b870a03704632b34c07b85ce9d|882e0f629427cfbe18141ece883dfa70|5e8711e581f10a042851af6e465eff40|de6119294d3921f06979679dc34dd5e8|962d0f7dc05d5150cea2b9cc7356b7b4|a5f9b8decb069782f78629984c4e3ee6|5d24dae2c71fcf403f07e1fde81f8d79|a81e9aa095041e2612d93665c687e84a|74f17f357b96fa29fc7a85ee7ee02779|57edaf157f5e3fafee6b237a80d986c1,benign (58),inferred_from_filename_not_verified_identifier,train,False,train/benign/benign (58).png
bag-83b626569c59,grp-83b626569c59,malignant,21,train/malignant/malignant (68)-rotated1-rotated1.png|train/malignant/malignant (68)-rotated1-rotated2.png|train/malignant/malignant (68)-rotated1-rotated32.png|train/malignant/malignant (68)-rotated1-sharpened.png|train/malignant/malignant (68)-rotated1.png|train/malignant/malignant (68)-rotated2-rotated1.png|train/malignant/malignant (68)-rotated2-rotated2.png|train/malignant/malignant (68)-rotated2-rotated32.png|train/malignant/malignant (68)-rotated2-sharpened.png|train/malignant/malignant (68)-rotated2.png|train/malignant/malignant (68)-rotated32-rotated1.png|train/malignant/malignant (68)-rotated32-rotated2.png|train/malignant/malignant (68)-rotated32-rotated32.png|train/malignant/malignant (68)-rotated32-sharpened.png|train/malignant/malignant (68)-rotated32.png|train/malignant/malignant (68)-sharpened-rotated1.png|train/malignant/malignant (68)-sharpened-rotated2.png|train/malignant/malignant (68)-sharpened-rotated32.png|train/malignant/malignant (68)-sharpened-sharpened.png|train/malignant/malignant (68)-sharpened.png|train/malignant/malignant (68).png,68573b4c41dc598bd05927df436f9135|92c38cff1f2ba61910143e76a4156252|9e26066dbddf1fbaf0f25107d247333a|d95c55374a6eb372ff52c3ff3f796be1|4990e97c66f53aacd2a72f7740171bdf|870b623008a050bb1d29a5574f72702c|b83acc7332da75c5af711e87fa94d5b7|7ebcbccb6d8117f8d9e039cd2f224c10|9b4c3f214e4d8e2fca06a07fa9a29d81|e5eba23fd295ba0c2ef7bdb323c49f05|1a86f3a7da66ba152ded84c6e6f3c155|09a8f4e773a69128c07f91f23fdd63ca|36892451defebc9d2417066a3f9587c6|e075cce2239e9bc2b31118ffd4d0a26b|4c7bab83124e4f1ec15ebbb9554474ec|d838bab9f28acfceefe0218cc96f41a2|313db33ab6af279bf9cb98eeff8f62bc|774e8521bee608e54f5ec5c29e1c0039|123d410e36cb7e192b1c5b7fa5918e62|d1077cc6d4a9ee5b1e144a5896bba2aa|2199db8928a0183423af23944f177fc7,malignant (68),inferred_from_filename_not_verified_identifier,train,False,train/malignant/malignant (68).png
bag-83d143fd0909,grp-83d143fd0909,malignant,21,train/malignant/malignant (32)-rotated1-rotated1.png|train/malignant/malignant (32)-rotated1-rotated2.png|train/malignant/malignant (32)-rotated1-rotated32.png|train/malignant/malignant (32)-rotated1-sharpened.png|train/malignant/malignant (32)-rotated1.png|train/malignant/malignant (32)-rotated2-rotated1.png|train/malignant/malignant (32)-rotated2-rotated2.png|train/malignant/malignant (32)-rotated2-rotated32.png|train/malignant/malignant (32)-rotated2-sharpened.png|train/malignant/malignant (32)-rotated2.png|train/malignant/malignant (32)-rotated32-rotated1.png|train/malignant/malignant (32)-rotated32-rotated2.png|train/malignant/malignant (32)-rotated32-rotated32.png|train/malignant/malignant (32)-rotated32-sharpened.png|train/malignant/malignant (32)-rotated32.png|train/malignant/malignant (32)-sharpened-rotated1.png|train/malignant/malignant (32)-sharpened-rotated2.png|train/malignant/malignant (32)-sharpened-rotated32.png|train/malignant/malignant (32)-sharpened-sharpened.png|train/malignant/malignant (32)-sharpened.png|train/malignant/malignant (32).png,84253ff06fbd11b1c8a74a8045e47347|2f875c175cc73a42f5e59a80465944c9|ed71bcaf70aa3570f6d1ec13c98e6a92|e691165575fd3b2a29c87ed220b80345|bbf81b7c2346ab33270c7e472477f2d6|e266f134ed8947919f19af9894b841f7|a5e05112a09c41545650c1242879e07d|f1e84828ca2804f07ba0361f05b7ff94|3d2f4f1e227153ae139b99e4892a6748|6be43ceab597b43900df1808db22c6cc|8ae53cefd7fe86a0c2a9527603820290|ce90d1e2ed4f6fc56e4f09ff7dd693d7|e92089f28ad00e097b7e6297611d2339|4f539509711bcab9a65e3ed20f9ae2c5|1b3e29dcecc426573d31ad3cbd8bbaf7|5810bb28d7e0f9167e19767892e9fdf6|89d87e6bd2849b719cfc7aacd202ea37|704d57e924bb6d17d1c14dd2da07ddb7|b8dfa1df32238f91e515ce53f3302e10|4d96ba160107f94799cad4fcc6268e96|ff91d45e4413421960bff359210ab89d,malignant (32),inferred_from_filename_not_verified_identifier,train,False,train/malignant/malignant (32).png
bag-849b0e297083,grp-849b0e297083,benign,16,train/benign/benign (111)-rotated1-rotated1.png|train/benign/benign (111)-rotated1-rotated2.png|train/benign/benign (111)-rotated1-sharpened.png|train/benign/benign (111)-rotated1.jpg|train/benign/benign (111)-rotated1.png|train/benign/benign (111)-rotated2-rotated1.png|train/benign/benign (111)-rotated2-rotated2.png|train/benign/benign (111)-rotated2-sharpened.png|train/benign/benign (111)-rotated2.jpg|train/benign/benign (111)-rotated2.png|train/benign/benign (111)-sharpened-rotated1.png|train/benign/benign (111)-sharpened-rotated2.png|train/benign/benign (111)-sharpened-sharpened.png|train/benign/benign (111)-sharpened.jpg|train/benign/benign (111)-sharpened.png|train/benign/benign (111).png,04bdf9901a616acdabce46b99248c636|ce8850202bd4a337fa99ba61023f9af0|6fa9e0357b3879fe27e2d4851ed5f156|49df89cd5283a30c1f04d71df979a2d6|93a4b44dd8aefae133c3d3ff72c91c53|d878374d00c4cb98ce5ae7c014c5cba6|30a1c1cebe6bec3da7d287a13fca029c|d9b6213261cb29322183030b5080c3db|4b4517010ef653a8be2bac29826232fe|769b7138dcbbb429439c3a6e91f193ba|10f90084d437e9c76265aa3b1c05464e|86be49ab87c708eb8421493babc91f4f|041dd84b4448beb554244bec48edd159|d3f94f53473c04069ad1338199070ff0|7d32ac1aea146fc0c96f7c3d97dc081a|774bf65ac922bc3d82415b53a44dfcb0,benign (111),inferred_from_filename_not_verified_identifier,train,False,train/benign/benign (111).png
bag-859f09b6ca3a,grp-859f09b6ca3a,malignant,21,train/malignant/malignant (202)-rotated1-rotated1.png|train/malignant/malignant (202)-rotated1-rotated2.png|train/malignant/malignant (202)-rotated1-rotated32.png|train/malignant/malignant (202)-rotated1-sharpened.png|train/malignant/malignant (202)-rotated1.png|train/malignant/malignant (202)-rotated2-rotated1.png|train/malignant/malignant (202)-rotated2-rotated2.png|train/malignant/malignant (202)-rotated2-rotated32.png|train/malignant/malignant (202)-rotated2-sharpened.png|train/malignant/malignant (202)-rotated2.png|train/malignant/malignant (202)-rotated32-rotated1.png|train/malignant/malignant (202)-rotated32-rotated2.png|train/malignant/malignant (202)-rotated32-rotated32.png|train/malignant/malignant (202)-rotated32-sharpened.png|train/malignant/malignant (202)-rotated32.png|train/malignant/malignant (202)-sharpened-rotated1.png|train/malignant/malignant (202)-sharpened-rotated2.png|train/malignant/malignant (202)-sharpened-rotated32.png|train/malignant/malignant (202)-sharpened-sharpened.png|train/malignant/malignant (202)-sharpened.png|train/malignant/malignant (202).png,0702db8d5efc7a1e4aa0f61a1806c57d|3f8d359ddc750da8a368362532b6232c|339e3955558fe3fbed8299f7815a489d|f21fd625d60543b84a441da3922e1b10|8358352d4ae7ea86681f675a0ea8cc9e|838fb0fd9ed519f054e2d1a2de5ab2d0|ff16325cd62a2c198772a440ff72d01e|c5303843f04deba1d3d5cc61af739044|34610857c56de1b8a28546bcc7ff7805|46960a63670a18b53bf830e56bc672db|1ef003375feb1256cc1ec5b45c5e60c3|a1a96f132d5bc3299acdb7d2fae2a049|a32eb074dda5a468f42a0956b5aec25b|79bb01f85db186df2219bd5479fc41d9|8e0619302d076154131957942085ba3d|16a54209402b5bfeb5934ae632aa8ae3|508f3d31104cae9c711b483c44adf8fc|3b7261ca41f58cbe7aab8fed15767503|269c3020b976e4362daa25acea26dd19|16a54209402b5bfeb5934ae632aa8ae3|c805c2225597b175f95b4a84a848420f,malignant (202),inferred_from_filename_not_verified_identifier,train,False,train/malignant/malignant (202).png
bag-859f169c986b,grp-859f169c986b,benign,16,train/benign/benign (263)-rotated1-rotated1.png|train/benign/benign (263)-rotated1-rotated2.png|train/benign/benign (263)-rotated1-sharpened.png|train/benign/benign (263)-rotated1.jpg|train/benign/benign (263)-rotated1.png|train/benign/benign (263)-rotated2-rotated1.png|train/benign/benign (263)-rotated2-rotated2.png|train/benign/benign (263)-rotated2-sharpened.png|train/benign/benign (263)-rotated2.jpg|train/benign/benign (263)-rotated2.png|train/benign/benign (263)-sharpened-rotated1.png|train/benign/benign (263)-sharpened-rotated2.png|train/benign/benign (263)-sharpened-sharpened.png|train/benign/benign (263)-sharpened.jpg|train/benign/benign (263)-sharpened.png|train/benign/benign (263).png,48008667bd3eef3b61c2bba63f23ee1e|50f780ac5ff7df2ba716904066046735|4ddd38ce942e4206b08afa256cb19058|8a8a4bebee85b36e92c8ea0d5e85a36a|a3f3f60634d985ffd2b3c42c21b270c6|94cc01f591546117e861fe80c8532cf1|aee265b5432d84e29627d92056b7edee|7295658549727347bab69a4c8c348687|2ae64c33dc966905f28fdf1e0f3852be|343db3a1da217b3db29e771a04aebec1|bead8a60f06cec9bfd66a3bbdb8e3ec1|ae0a7f9f3936e9f287e6c35f97fe740f|2ddb123b8b68f8124e794abcb7b2859d|2be66f5751e9dfa87d93fba1df995be0|3fc7e68b43722ca58b36d449dafe7197|6dae376428f1e0308a67e929d10cde92,benign (263),inferred_from_filename_not_verified_identifier,train,False,train/benign/benign (263).png
bag-85e03f6963ff,grp-85e03f6963ff,malignant,21,train/malignant/malignant (185)-rotated1-rotated1.png|train/malignant/malignant (185)-rotated1-rotated2.png|train/malignant/malignant (185)-rotated1-rotated32.png|train/malignant/malignant (185)-rotated1-sharpened.png|train/malignant/malignant (185)-rotated1.png|train/malignant/malignant (185)-rotated2-rotated1.png|train/malignant/malignant (185)-rotated2-rotated2.png|train/malignant/malignant (185)-rotated2-rotated32.png|train/malignant/malignant (185)-rotated2-sharpened.png|train/malignant/malignant (185)-rotated2.png|train/malignant/malignant (185)-rotated32-rotated1.png|train/malignant/malignant (185)-rotated32-rotated2.png|train/malignant/malignant (185)-rotated32-rotated32.png|train/malignant/malignant (185)-rotated32-sharpened.png|train/malignant/malignant (185)-rotated32.png|train/malignant/malignant (185)-sharpened-rotated1.png|train/malignant/malignant (185)-sharpened-rotated2.png|train/malignant/malignant (185)-sharpened-rotated32.png|train/malignant/malignant (185)-sharpened-sharpened.png|train/malignant/malignant (185)-sharpened.png|train/malignant/malignant (185).png,f4c07a44fb1779c34bf4657180bb95d8|332c019db5cf3d7e642ef169daabd070|11b6d12746d9ac2b3fb126519214aa60|6643f2ee2f0bd18420ee4024c2487e6a|2d4b6504a8c9ac9494e08666f324acca|482bdf67f37659bb6758583421d8d0b8|05e9105efb15c0834bd8590ccde40344|058aab24ff6b67a1f331f78fb72d809e|29b1b73b8df9f8f74aa615b037aa812e|99ff559f37872749e474f2629b3a80f4|142505b0676e5d44db65bf888e3dc078|f7bfbcef7527404914da175b8091163d|42cba17f7bbfe39fe6e5c33c6e7b38fb|6643f2ee2f0bd18420ee4024c2487e6a|343e994ab9d909a5c4cfefede7cdd229|ca6c22a5be0e48cc7d51ba727292a48b|74b5d445c975ff62aaf2e16c7507bff0|877da85596b351ae8e1b6c8ab37a1d44|925cc2dd47ba4b74c61a6f20253c588c|ca6c22a5be0e48cc7d51ba727292a48b|c7a8717a44743b196b5a91a629f753b3,malignant (185),inferred_from_filename_not_verified_identifier,train,False,train/malignant/malignant (185).png
bag-85f6e6eefea0,grp-85f6e6eefea0,benign,16,train/benign/benign (234)-rotated1-rotated1.png|train/benign/benign (234)-rotated1-rotated2.png|train/benign/benign (234)-rotated1-sharpened.png|train/benign/benign (234)-rotated1.jpg|train/benign/benign (234)-rotated1.png|train/benign/benign (234)-rotated2-rotated1.png|train/benign/benign (234)-rotated2-rotated2.png|train/benign/benign (234)-rotated2-sharpened.png|train/benign/benign (234)-rotated2.jpg|train/benign/benign (234)-rotated2.png|train/benign/benign (234)-sharpened-rotated1.png|train/benign/benign (234)-sharpened-rotated2.png|train/benign/benign (234)-sharpened-sharpened.png|train/benign/benign (234)-sharpened.jpg|train/benign/benign (234)-sharpened.png|train/benign/benign (234).png,520b1698f04101be2244e1e9f01524ad|e14f2b9a3e3cab0536fcb358b17af7f3|46aa8db733c59b0a6d971780617df312|ecf055bd24d6cef7ff06e90aa2a966bc|cd8579e171cb7775ecc7c188ec9ecb3c|381659d3e4770d11b913aeacc10bad2e|d2890545a449c6b93ed35270f97d0d50|7f34b004d39e8c3a2e02553825db8a3b|e1e71efc8b28c7c6bf014d6057b6a980|a257cb0ab224d835b348a25be0c6d8ac|b798f0ccbba62a2d5bac4991e84c0c6d|ba7e9e4f7fd28a0d5165dd6d8df944b4|14725fd74c054a22041daf3ff8cc77ac|2c458b2c51da7de0216695a0dae05b58|b798f0ccbba62a2d5bac4991e84c0c6d|936bdb3e8dab09ccb9b97ec3508d35f4,benign (234),inferred_from_filename_not_verified_identifier,train,False,train/benign/benign (234).png
bag-863f37f9a121,grp-863f37f9a121,malignant,21,train/malignant/malignant (136)-rotated1-rotated1.png|train/malignant/malignant (136)-rotated1-rotated2.png|train/malignant/malignant (136)-rotated1-rotated32.png|train/malignant/malignant (136)-rotated1-sharpened.png|train/malignant/malignant (136)-rotated1.png|train/malignant/malignant (136)-rotated2-rotated1.png|train/malignant/malignant (136)-rotated2-rotated2.png|train/malignant/malignant (136)-rotated2-rotated32.png|train/malignant/malignant (136)-rotated2-sharpened.png|train/malignant/malignant (136)-rotated2.png|train/malignant/malignant (136)-rotated32-rotated1.png|train/malignant/malignant (136)-rotated32-rotated2.png|train/malignant/malignant (136)-rotated32-rotated32.png|train/malignant/malignant (136)-rotated32-sharpened.png|train/malignant/malignant (136)-rotated32.png|train/malignant/malignant (136)-sharpened-rotated1.png|train/malignant/malignant (136)-sharpened-rotated2.png|train/malignant/malignant (136)-sharpened-rotated32.png|train/malignant/malignant (136)-sharpened-sharpened.png|train/malignant/malignant (136)-sharpened.png|train/malignant/malignant (136).png,93c4439a3736771c56c4d96a6ec41497|6d6f063f86445ff181d62dea4cdebb7a|2e0291901b3f40da937dadc2ae56ae97|8f790693cf26ee7feecc9bee6a4f07c6|5c63792a37e876d11df1c67606bd1faf|3aa791c78358f6a239aad4e9a6701333|7a037f946bb7a7a647d8c635e1d338fb|7a037f946bb7a7a647d8c635e1d338fb|45c32cca9141a2ebba65a99b29d2c4f6|9ba765b0d7b9450f18e5e685a07ae51e|43e45746c413acd37e8deef4d4f585dd|eac6032230d2e166ad7c8f77a5c25a9f|56cef1ab2f1cbc9c73762efe951177e2|5428ca673eb4d75c2101a39eb990bd24|9a2ac4f8e0b2cdfa62864c9652f65461|98bb2298dadd74bb98c271868d1a031d|223255e2c901979b2c8194bc40c70ccb|b9c883616963a2229680cf5caf847460|881d7e1c83037c8da8664969bb316aae|fbb10df19a41558937a86ce64e8fce09|7e6fe7eec18c97c4cfd67b70c90c4082,malignant (136),inferred_from_filename_not_verified_identifier,train,False,train/malignant/malignant (136).png
bag-869b9ee8a609,grp-869b9ee8a609,benign,16,train/benign/benign (220)-rotated1-rotated1.png|train/benign/benign (220)-rotated1-rotated2.png|train/benign/benign (220)-rotated1-sharpened.png|train/benign/benign (220)-rotated1.jpg|train/benign/benign (220)-rotated1.png|train/benign/benign (220)-rotated2-rotated1.png|train/benign/benign (220)-rotated2-rotated2.png|train/benign/benign (220)-rotated2-sharpened.png|train/benign/benign (220)-rotated2.jpg|train/benign/benign (220)-rotated2.png|train/benign/benign (220)-sharpened-rotated1.png|train/benign/benign (220)-sharpened-rotated2.png|train/benign/benign (220)-sharpened-sharpened.png|train/benign/benign (220)-sharpened.jpg|train/benign/benign (220)-sharpened.png|train/benign/benign (220).png,3dbba368a26986443d6741f16222e5e5|fe5504ed6591f4d1cb9bcaee0a586f47|e9bf954345e36a18a648de1be8821fa7|411a1d22c0a45d478601a5e5f067ff23|b9e4650a269b5b8ab28d7bd6c491316d|b8defb570bb0e1ffb51f9b983274d2e1|a50cddceca07de5baa9c9297b66df0d7|5f641bb21b57b4e1f18b7ada3dc4b4a2|d602c65b9759b4041de025ed3cf013bc|971aac34d36a27d36dfe84a8a75b61de|9c69a0e4be6b1cd2140904b6f9b4cce3|918b2aeb2aa2fa32055cc79b062da47a|09da2ec1d1f886fa15c2bde0ed44f74b|c8d12b7982890dac82482b657e839b20|7ca3b06e3702912c5821f834cda687cd|8e4efe0c29603030d50bd659cc66245f,benign (220),inferred_from_filename_not_verified_identifier,train,False,train/benign/benign (220).png
bag-86c5bdfdf828,grp-86c5bdfdf828,malignant,21,train/malignant/malignant (57)-rotated1-rotated1.png|train/malignant/malignant (57)-rotated1-rotated2.png|train/malignant/malignant (57)-rotated1-rotated32.png|train/malignant/malignant (57)-rotated1-sharpened.png|train/malignant/malignant (57)-rotated1.png|train/malignant/malignant (57)-rotated2-rotated1.png|train/malignant/malignant (57)-rotated2-rotated2.png|train/malignant/malignant (57)-rotated2-rotated32.png|train/malignant/malignant (57)-rotated2-sharpened.png|train/malignant/malignant (57)-rotated2.png|train/malignant/malignant (57)-rotated32-rotated1.png|train/malignant/malignant (57)-rotated32-rotated2.png|train/malignant/malignant (57)-rotated32-rotated32.png|train/malignant/malignant (57)-rotated32-sharpened.png|train/malignant/malignant (57)-rotated32.png|train/malignant/malignant (57)-sharpened-rotated1.png|train/malignant/malignant (57)-sharpened-rotated2.png|train/malignant/malignant (57)-sharpened-rotated32.png|train/malignant/malignant (57)-sharpened-sharpened.png|train/malignant/malignant (57)-sharpened.png|train/malignant/malignant (57).png,eed2c1dc417bb7a887860c066f22f1be|2b11c234d98654c9f8e24f65c3250d59|5d444d74d07a974e59d4cc3066994cc4|3453d677c665d4f80cae88df74516167|669f6da27b0c242243a4e8aa55512505|1a16e936312337af779fb6855328103f|2af73a750564bd926e7215c4e36325b3|8df4f67420e63c01bdf0bb542bedcf32|9c7f189c66f4ed4dc82b791214904021|f9a4fc1d8b6bd0961c8922ab54c4d4ad|f2ad1b3e59c1ae643ecc72af36c5c7fc|37721a3b92345b3511216c8be4404ee6|b45c016f36545193bbb170dfe1be76c1|33ea50c34ff84c970f84902b057762b5|0f3bdb0dc67605ce77e42cf92df0793a|80342e00ff907edc87dc92dfab7436e0|34de1e1dd4d566d8f5f0470a738acb4a|1b1c799b72e4d364538cbe063bb3391c|f70bfd31113f4f2695eb09eb7c100e8c|b5412e607d69934857bb227159629f6b|cb8baf7b7f4dd01f0236f1483fcd3d99,malignant (57),inferred_from_filename_not_verified_identifier,train,False,train/malignant/malignant (57).png
bag-86d02dcacc2d,grp-86d02dcacc2d,benign,16,train/benign/benign (142)-rotated1-rotated1.png|train/benign/benign (142)-rotated1-rotated2.png|train/benign/benign (142)-rotated1-sharpened.png|train/benign/benign (142)-rotated1.jpg|train/benign/benign (142)-rotated1.png|train/benign/benign (142)-rotated2-rotated1.png|train/benign/benign (142)-rotated2-rotated2.png|train/benign/benign (142)-rotated2-sharpened.png|train/benign/benign (142)-rotated2.jpg|train/benign/benign (142)-rotated2.png|train/benign/benign (142)-sharpened-rotated1.png|train/benign/benign (142)-sharpened-rotated2.png|train/benign/benign (142)-sharpened-sharpened.png|train/benign/benign (142)-sharpened.jpg|train/benign/benign (142)-sharpened.png|train/benign/benign (142).png,06afc95f02ed88dab3aa90a7a653bebe|0311cb15debaeee0c83a55809183dfe1|4d93f6a212664185ec6f3a3277907ea9|e7ae9b10aafbd0e3f290d5740d6b5d94|d1b15f42bf5edea6f4705801d2184452|c7d70af18a00fe3247e575a74dec74d2|670f100125d2e60a5eddbed03c942302|167371c377ce4f729828b312dd031f27|60ef28d471ba67e0c6d003196de4ab8f|7a9da77a613990ecbd1c971a8ad31403|e63dba6185e1ae82070bcbb79aa16e7c|f8e72201bd984691306d9e43e8863b28|5a54e7843dc5942ce924932e094b96ad|0aafd9a359b254cfd0af53115354bac3|e63dba6185e1ae82070bcbb79aa16e7c|b2b5bd2c052d7b113ed178aac0124ac6,benign (142),inferred_from_filename_not_verified_identifier,train,False,train/benign/benign (142).png
bag-86e95235d3d3,grp-86e95235d3d3,benign,16,train/benign/benign (180)-rotated1-rotated1.png|train/benign/benign (180)-rotated1-rotated2.png|train/benign/benign (180)-rotated1-sharpened.png|train/benign/benign (180)-rotated1.jpg|train/benign/benign (180)-rotated1.png|train/benign/benign (180)-rotated2-rotated1.png|train/benign/benign (180)-rotated2-rotated2.png|train/benign/benign (180)-rotated2-sharpened.png|train/benign/benign (180)-rotated2.jpg|train/benign/benign (180)-rotated2.png|train/benign/benign (180)-sharpened-rotated1.png|train/benign/benign (180)-sharpened-rotated2.png|train/benign/benign (180)-sharpened-sharpened.png|train/benign/benign (180)-sharpened.jpg|train/benign/benign (180)-sharpened.png|train/benign/benign (180).png,7236b2c5ebac1f17c3ca1908b70e3f43|3560b34fa5ced336cf7e438c597a101f|b6e515fdd6aeb31acb5aa8be863bf351|ee5434d12022235eb110232bc9c09fa7|af9335801d91bf494e621f06ed630078|d16cd7a18cd72bb5703632e32b3c7c9f|53ac4295cab26c4faa71b4fd08cf6463|bf89ee65c71cad4d87ee3d5f014acfd0|f9321ff04373d8ea89939ae47a41d6e2|270f0980366c3d5fe543afd1cc1ddc9c|56fe373e6eedb61e5d5f8ec2c45c2a11|f17353d08ca79691e1f56c0d11e45ce2|0b560b4d6303b468397312a3f097c91e|1266cd4b15d93d079c4e1418e0417c0f|31fcda5e39f64358e5de5f41a62700ec|1fc0042bbb4caab049cd542567847d3b,benign (180),inferred_from_filename_not_verified_identifier,train,False,train/benign/benign (180).png
bag-8732aecc9e8e,grp-8732aecc9e8e,benign,16,train/benign/benign (282)-rotated1-rotated1.png|train/benign/benign (282)-rotated1-rotated2.png|train/benign/benign (282)-rotated1-sharpened.png|train/benign/benign (282)-rotated1.jpg|train/benign/benign (282)-rotated1.png|train/benign/benign (282)-rotated2-rotated1.png|train/benign/benign (282)-rotated2-rotated2.png|train/benign/benign (282)-rotated2-sharpened.png|train/benign/benign (282)-rotated2.jpg|train/benign/benign (282)-rotated2.png|train/benign/benign (282)-sharpened-rotated1.png|train/benign/benign (282)-sharpened-rotated2.png|train/benign/benign (282)-sharpened-sharpened.png|train/benign/benign (282)-sharpened.jpg|train/benign/benign (282)-sharpened.png|train/benign/benign (282).png,0115f0a3379c6b53a58b7c2668576a29|e958c80b7f56d8942d274ffaa43ba409|5a869cf2832471fedd12f6181e0c7040|030c992fa36c01cf0634f79a1d120b96|e8faab75b55e1da41f9e8429f4799f0b|72c1cfd56a056dfd78c727f2e697e620|0d2c4475e225fcc0fbdeee44a485aa08|5add936165bd3d87e7c0f6909dfdab35|030c992fa36c01cf0634f79a1d120b96|5a934b62580e43ef2036336331f7eaf4|66c7b7f077e0cc639ef393df0d3f051c|fabb929f436852730d265b8f8bbafe58|d26b5a56587346158618463d57dd3845|aa91d05a8871ceb7fa938b5ec47aad58|5add936165bd3d87e7c0f6909dfdab35|3adced10c1c6aebf3c3052458632fe5b,benign (282),inferred_from_filename_not_verified_identifier,train,False,train/benign/benign (282).png
bag-87ab6690441f,grp-87ab6690441f,malignant,21,train/malignant/malignant (58)-rotated1-rotated1.png|train/malignant/malignant (58)-rotated1-rotated2.png|train/malignant/malignant (58)-rotated1-rotated32.png|train/malignant/malignant (58)-rotated1-sharpened.png|train/malignant/malignant (58)-rotated1.png|train/malignant/malignant (58)-rotated2-rotated1.png|train/malignant/malignant (58)-rotated2-rotated2.png|train/malignant/malignant (58)-rotated2-rotated32.png|train/malignant/malignant (58)-rotated2-sharpened.png|train/malignant/malignant (58)-rotated2.png|train/malignant/malignant (58)-rotated32-rotated1.png|train/malignant/malignant (58)-rotated32-rotated2.png|train/malignant/malignant (58)-rotated32-rotated32.png|train/malignant/malignant (58)-rotated32-sharpened.png|train/malignant/malignant (58)-rotated32.png|train/malignant/malignant (58)-sharpened-rotated1.png|train/malignant/malignant (58)-sharpened-rotated2.png|train/malignant/malignant (58)-sharpened-rotated32.png|train/malignant/malignant (58)-sharpened-sharpened.png|train/malignant/malignant (58)-sharpened.png|train/malignant/malignant (58).png,1f257ded215866f4439b8cd08ec7c4b2|4b39d797170b497ebdcd6920377f110e|4d619345fff9a8ce4e165c2a159f7353|d2fc6ae4a33ccb0d6e25f87a92e88f35|7a6df817f42181deef42f879cb743f4d|52444a0a4cae0ea8ddd989c8f5aa71d1|8c02c131df7989c4057be1e3ed73a15c|8405edd0c7d5b80dfbe28ea13bc16bdc|17270b771f6fef6413936ba43667cc82|758b4ff4ce77ac36e27239f162576c17|0a6eafa37d5dd1b6feb2b0ed7c39d7cf|6ecb6d19916011f63a2489cafcb8b462|737b2d63baf1fbc96afc026790df409f|36ec8a28d35c29429588ff42cf39199b|aa9c8dd348a5492d4e8f56e5f7e644bc|387558d65b5138782e6de7795192041d|259605163bb1da2672ee8c780577b3d7|16a45ef71659132315300b787e01a0f2|368a984b759bdf41aac1f3d5026ee530|259605163bb1da2672ee8c780577b3d7|e732463947ff1fa75df21b25e7f84940,malignant (58),inferred_from_filename_not_verified_identifier,train,False,train/malignant/malignant (58).png
bag-87b2e8157def,grp-87b2e8157def,benign,16,train/benign/benign (262)-rotated1-rotated1.png|train/benign/benign (262)-rotated1-rotated2.png|train/benign/benign (262)-rotated1-sharpened.png|train/benign/benign (262)-rotated1.jpg|train/benign/benign (262)-rotated1.png|train/benign/benign (262)-rotated2-rotated1.png|train/benign/benign (262)-rotated2-rotated2.png|train/benign/benign (262)-rotated2-sharpened.png|train/benign/benign (262)-rotated2.jpg|train/benign/benign (262)-rotated2.png|train/benign/benign (262)-sharpened-rotated1.png|train/benign/benign (262)-sharpened-rotated2.png|train/benign/benign (262)-sharpened-sharpened.png|train/benign/benign (262)-sharpened.jpg|train/benign/benign (262)-sharpened.png|train/benign/benign (262).png,98d07a61a2d899b60d1711e28610bdc3|cd08c091365f005d1cc9cd7f3e451f05|d6d02d5789e010b870f13a7e01599840|eb94ab01c203c3c2070f3d9198c5a718|f542c0d51ffdab0e2f70d425956214da|d348af23d970deb8ce8b907c95d220e3|3967d03758984b0f3cd1f906518819be|8b3f4cce90cdab7113bb838fdea2d2d1|6efab6d5d6bf7c430fa56677cc6c0d64|b3a2d4b3b480c6628d390743a9c12d16|768e4a8bb580867d376112d777014c1c|9d5578540eb5e87f0aac859dd55d47d8|2c38955206d36d5373449c05cd4dcdbf|da7b65339717aa790f070b5192336731|8b3f4cce90cdab7113bb838fdea2d2d1|73b5cc3ef75588e28ee10c386800a121,benign (262),inferred_from_filename_not_verified_identifier,train,False,train/benign/benign (262).png
bag-88d3aa2e49de,grp-88d3aa2e49de,benign,16,train/benign/benign (196)-rotated1-rotated1.png|train/benign/benign (196)-rotated1-rotated2.png|train/benign/benign (196)-rotated1-sharpened.png|train/benign/benign (196)-rotated1.jpg|train/benign/benign (196)-rotated1.png|train/benign/benign (196)-rotated2-rotated1.png|train/benign/benign (196)-rotated2-rotated2.png|train/benign/benign (196)-rotated2-sharpened.png|train/benign/benign (196)-rotated2.jpg|train/benign/benign (196)-rotated2.png|train/benign/benign (196)-sharpened-rotated1.png|train/benign/benign (196)-sharpened-rotated2.png|train/benign/benign (196)-sharpened-sharpened.png|train/benign/benign (196)-sharpened.jpg|train/benign/benign (196)-sharpened.png|train/benign/benign (196).png,ca4f94e003ac2bec0996d11a597321a7|efc641b2f5c7a8e2e9969326e42728ab|23511933e8d94e44da96a3c7c33d9a3f|52a1973b96352be9fed3d3e029d40957|c3b27f96a341a0c2395e6c322c8a7a59|d2704371ddac415100caf2d600c13b35|b15f1b5858efd780f52fdf791c0df634|25df7eccf13b8c1e7375ae1e6066b157|71ea26869fa220064781e0b0f7aea8db|b8e3d712fceab15a8eaf13d195389b4d|c94f69c092daea2f57e5be4e5703c0ed|f6ca886624434929242dab2355b4a23a|2db928e29dd5e1060d4ff062847d44d7|3d371d97e2ce856870a8a6f238cd3dc2|f6ca886624434929242dab2355b4a23a|4cf04c555399d5b594ab00c3208a087f,benign (196),inferred_from_filename_not_verified_identifier,train,False,train/benign/benign (196).png
bag-897a6d189dcb,grp-897a6d189dcb,benign,16,train/benign/benign (223)-rotated1-rotated1.png|train/benign/benign (223)-rotated1-rotated2.png|train/benign/benign (223)-rotated1-sharpened.png|train/benign/benign (223)-rotated1.jpg|train/benign/benign (223)-rotated1.png|train/benign/benign (223)-rotated2-rotated1.png|train/benign/benign (223)-rotated2-rotated2.png|train/benign/benign (223)-rotated2-sharpened.png|train/benign/benign (223)-rotated2.jpg|train/benign/benign (223)-rotated2.png|train/benign/benign (223)-sharpened-rotated1.png|train/benign/benign (223)-sharpened-rotated2.png|train/benign/benign (223)-sharpened-sharpened.png|train/benign/benign (223)-sharpened.jpg|train/benign/benign (223)-sharpened.png|train/benign/benign (223).png,a6bc149c1474a78a3e1fb1203c68aeff|380ab2df58f568a95e56f8b0d954af29|4062acc0e4949e0f2308e0191a718ccd|76ab94a52d00fdac5fbdcf99e441cf3a|4e4597bf96184b0ed0542804395befb8|5280d3f728445d5ae49ca2b43f2f8b1f|9b9e9b5dc840f8e38888dc6c6a3bffa6|c2c6d76dac30a266d2fef34898775a51|8547c41f8ca7f0777dc896fe86c2f8ca|bc5b4320a343f0fe3be2981dd05de36f|67dd2117c1f808af728dd583f8bde468|249f5615a86909c38eb58bfb337e43ce|f079ca7cea6a75381d212f73660a3239|fa21b7cdc42101e5d909bdfc9e0b6e1a|54b01254e5fd32ec268ec01791ee9a08|2635473ebcfb8843dc596af4bf079f0f,benign (223),inferred_from_filename_not_verified_identifier,train,False,train/benign/benign (223).png
bag-8a7030151b26,grp-8a7030151b26,benign,16,train/benign/benign (192)-rotated1-rotated1.png|train/benign/benign (192)-rotated1-rotated2.png|train/benign/benign (192)-rotated1-sharpened.png|train/benign/benign (192)-rotated1.jpg|train/benign/benign (192)-rotated1.png|train/benign/benign (192)-rotated2-rotated1.png|train/benign/benign (192)-rotated2-rotated2.png|train/benign/benign (192)-rotated2-sharpened.png|train/benign/benign (192)-rotated2.jpg|train/benign/benign (192)-rotated2.png|train/benign/benign (192)-sharpened-rotated1.png|train/benign/benign (192)-sharpened-rotated2.png|train/benign/benign (192)-sharpened-sharpened.png|train/benign/benign (192)-sharpened.jpg|train/benign/benign (192)-sharpened.png|train/benign/benign (192).png,28858ad4e11164a867bbf2aac03df23e|185da11956c130acdb520cc42ad25c07|beadb8537d655685e155cd23e0d6954a|4490a5a837250df8dd3e5600e9dba08e|f7dfb4c0f4e9ed04739d19feb3c6071a|34e1806a3a3a6f86627592735667da0a|ccd6f70151020bb757a29b351bfc8ef2|032d4ce5ba378c0226a7caf88ddb6af1|aa25de4ad689cb1a27dda47e479bbb63|e75ec0357fdc68719802af944e24b776|f4e17f8dfb2b1c0659423b6872fd5178|6a79f11b62087c5d18d9fd0eb9f2b1a5|8c29818ab5b93ef7acc3c8fad21bdb51|1a27f441dfefa1f388337512ad3bd41e|db13acb5962b591c229920a35a637ccf|93719d35cb21ca58a3c409aec05f3d29,benign (192),inferred_from_filename_not_verified_identifier,train,False,train/benign/benign (192).png
bag-8affcd8922ad,grp-8affcd8922ad,malignant,21,train/malignant/malignant (119)-rotated1-rotated1.png|train/malignant/malignant (119)-rotated1-rotated2.png|train/malignant/malignant (119)-rotated1-rotated32.png|train/malignant/malignant (119)-rotated1-sharpened.png|train/malignant/malignant (119)-rotated1.png|train/malignant/malignant (119)-rotated2-rotated1.png|train/malignant/malignant (119)-rotated2-rotated2.png|train/malignant/malignant (119)-rotated2-rotated32.png|train/malignant/malignant (119)-rotated2-sharpened.png|train/malignant/malignant (119)-rotated2.png|train/malignant/malignant (119)-rotated32-rotated1.png|train/malignant/malignant (119)-rotated32-rotated2.png|train/malignant/malignant (119)-rotated32-rotated32.png|train/malignant/malignant (119)-rotated32-sharpened.png|train/malignant/malignant (119)-rotated32.png|train/malignant/malignant (119)-sharpened-rotated1.png|train/malignant/malignant (119)-sharpened-rotated2.png|train/malignant/malignant (119)-sharpened-rotated32.png|train/malignant/malignant (119)-sharpened-sharpened.png|train/malignant/malignant (119)-sharpened.png|train/malignant/malignant (119).png,d5c1499d4352ebb114b8039d488d4614|a33b206d988f4b67869c06aededcd9c3|66988e818bcf9b4c5664f3bb0f5b1f4d|b4e713bc3402ea0be09f8b4e17ac1551|ccbbc349e6699ba66b62ddc15ca26551|8744b72c854b22d7058bb2ae949229eb|f888722c4e23b231d16ab2024ec47163|a69ad5575c507f3e0eb9726958adc586|6b003a8f1526d04d51c4aad2bd575459|908f09ab05d27e0ec8dc008f86df7362|3c8ee12ab230e41859b1b196810df076|9b16220aefefec12feb1e35403f7fc73|d2ab110e1eda4ddd053b1cf3d0fb9f3e|2772e8850680a12450d80067d2801a7d|92b11b0f5ef80e45a16fc0e1f2dc681e|af95abbe5bd30a04cac3c4f3b0c57837|23828216ca5e3601975d2d57486e9803|cb454809c267bcc7b3ecbe8316af0621|63bc780817cafe45453fe776345e4e85|ed5c9bc9379b25d54f40d5487686a48d|d53062e0aa24a1cb3a04656f2bce8b28,malignant (119),inferred_from_filename_not_verified_identifier,train,False,train/malignant/malignant (119).png
bag-8bb53dfd4b46,grp-8bb53dfd4b46,benign,16,val/benign/benign (5)-rotated1-rotated1.png|val/benign/benign (5)-rotated1-rotated2.png|val/benign/benign (5)-rotated1-sharpened.png|val/benign/benign (5)-rotated1.jpg|val/benign/benign (5)-rotated1.png|val/benign/benign (5)-rotated2-rotated1.png|val/benign/benign (5)-rotated2-rotated2.png|val/benign/benign (5)-rotated2-sharpened.png|val/benign/benign (5)-rotated2.jpg|val/benign/benign (5)-rotated2.png|val/benign/benign (5)-sharpened-rotated1.png|val/benign/benign (5)-sharpened-rotated2.png|val/benign/benign (5)-sharpened-sharpened.png|val/benign/benign (5)-sharpened.jpg|val/benign/benign (5)-sharpened.png|val/benign/benign (5).png,8dbb4988e8eb79921811aed66fae2dc4|de154b626b2a1fbfed9dc96b586c0f6d|a5a2f6de2276a17e3c0d1aa70ac0e626|0a48901dc79a33d00e7aa11088fb368a|3798bb97e3bb7463fd7dc67b3abbe587|4a752190594b94baba123045bdf49f4a|3f45da336460aa4e932c087dcce93f7e|e0fd20b6dec3f31118db9680a7d4f09d|05467007c5c3a3dce81fdd53d1468f75|ef5ee4d557cb06f8ecd961b57d5f895d|969e0bcfaaf16b39790be07de25c457d|47afec9ed085a567d8a8507207ecf4ae|4a474ae381a233a8574c058cbbe83c11|36c31c0753d39f383b2d517abce57e08|47afec9ed085a567d8a8507207ecf4ae|99a77470bb1cd7e61230390a99207d6d,benign (5),inferred_from_filename_not_verified_identifier,val,False,val/benign/benign (5).png
bag-8c10f73a965d,grp-8c10f73a965d,benign,16,train/benign/benign (56)-rotated1-rotated1.png|train/benign/benign (56)-rotated1-rotated2.png|train/benign/benign (56)-rotated1-sharpened.png|train/benign/benign (56)-rotated1.jpg|train/benign/benign (56)-rotated1.png|train/benign/benign (56)-rotated2-rotated1.png|train/benign/benign (56)-rotated2-rotated2.png|train/benign/benign (56)-rotated2-sharpened.png|train/benign/benign (56)-rotated2.jpg|train/benign/benign (56)-rotated2.png|train/benign/benign (56)-sharpened-rotated1.png|train/benign/benign (56)-sharpened-rotated2.png|train/benign/benign (56)-sharpened-sharpened.png|train/benign/benign (56)-sharpened.jpg|train/benign/benign (56)-sharpened.png|train/benign/benign (56).png,e7e8e0d14936d698c3e9f44dd4f80962|e7e8e0d14936d698c3e9f44dd4f80962|dd2c9e8a2db18705741243bd3d112af6|1c615c41c8d5dcf2a6fef4919709adab|b22b0c446a060684496739a1361f4cd0|60cef2e605b4124fedd09555af408622|cf4eb6c90405d11cf083699eec49c7ab|6ea2dca2baf9f2d89051041e737aff92|1c615c41c8d5dcf2a6fef4919709adab|17cf876b9112cd242dd2301844d51ea9|eb62e1bf3ab58c328b1ceef21fb2fba4|a055c5210d54dde1e0b6aeb007370fc6|9737f185e2a1a605d121e96e05e7eda7|9ab3c557ef3f3c6b5b145e25a747c931|fd689345f573eca0eba853391daf4187|006f3cbe2fd750eed631ebd977fa428b,benign (56),inferred_from_filename_not_verified_identifier,train,False,train/benign/benign (56).png
bag-8c51259cd787,grp-8c51259cd787,benign,16,train/benign/benign (202)-rotated1-rotated1.png|train/benign/benign (202)-rotated1-rotated2.png|train/benign/benign (202)-rotated1-sharpened.png|train/benign/benign (202)-rotated1.jpg|train/benign/benign (202)-rotated1.png|train/benign/benign (202)-rotated2-rotated1.png|train/benign/benign (202)-rotated2-rotated2.png|train/benign/benign (202)-rotated2-sharpened.png|train/benign/benign (202)-rotated2.jpg|train/benign/benign (202)-rotated2.png|train/benign/benign (202)-sharpened-rotated1.png|train/benign/benign (202)-sharpened-rotated2.png|train/benign/benign (202)-sharpened-sharpened.png|train/benign/benign (202)-sharpened.jpg|train/benign/benign (202)-sharpened.png|train/benign/benign (202).png,e3f512bc6340bc8db0afa95b37efbde4|03015986ba76778713e71a4212ee3008|bc570330d80f6d89ce4d533a4b5e257f|45055750568aab7e46d56f277d4dbbe9|90befeece2589a4c97e2008dacf61557|9ab647176c3d6d6b47385ecf3aca2243|6868be930eac9a67fe5e672997c8431b|150903e7c287d9360a663cb29793f866|923feeb84bdf39208db5c22eddfaf38d|2a07b7cf96e974977e2d13f3fc664b9b|34b1a7d1aa5abaf6584e7d22a9122962|48fd9c6c772a66d5975e50f5ed2541f2|91150c424f1cf2041a50ba1ceedd0d3e|c9372db4b0f6fd7abbd9aa17ae423c1f|7344d37fc800d2bc6910abfc8294fa89|6bdee9c72ba96a89a3021ccc1d0c2748,benign (202),inferred_from_filename_not_verified_identifier,train,False,train/benign/benign (202).png
bag-8c8fbee93b71,grp-8c8fbee93b71,benign,16,val/benign/benign (35)-rotated1-rotated1.png|val/benign/benign (35)-rotated1-rotated2.png|val/benign/benign (35)-rotated1-sharpened.png|val/benign/benign (35)-rotated1.jpg|val/benign/benign (35)-rotated1.png|val/benign/benign (35)-rotated2-rotated1.png|val/benign/benign (35)-rotated2-rotated2.png|val/benign/benign (35)-rotated2-sharpened.png|val/benign/benign (35)-rotated2.jpg|val/benign/benign (35)-rotated2.png|val/benign/benign (35)-sharpened-rotated1.png|val/benign/benign (35)-sharpened-rotated2.png|val/benign/benign (35)-sharpened-sharpened.png|val/benign/benign (35)-sharpened.jpg|val/benign/benign (35)-sharpened.png|val/benign/benign (35).png,d3fbab6006c94db7dcb40c0d3c766acb|ecdfe0ab93ca226daaa2b48f083c59ab|e673e306347629aeecb63911b28ea44a|7ebf487be23feedc96fd721b0ac49619|f2623d3f5b2022592d561b3e55f2d9d5|ec839b8d59bab2a297c0f4f4e9c7192a|973f3abad97de4303750ec1da3688668|236437d48ae70c22e33150f658c87a05|43ded8146277f2a7b34956d83e5ae996|b710115426b6a9fb872959b0102cc868|fa08768a246958741de4f793da2f4db3|77a23f0bf91b104ae0d8476b4b839054|ee1010bea8fb46139009be916f156bbf|387a1472ab1745dd3f37c444f7438f8e|481717bb4faad23940f42f11f3b13980|836491bf854aecd3cec66144c2dd315d,benign (35),inferred_from_filename_not_verified_identifier,val,False,val/benign/benign (35).png
bag-8e042278d7f6,grp-8e042278d7f6,malignant,21,train/malignant/malignant (201)-rotated1-rotated1.png|train/malignant/malignant (201)-rotated1-rotated2.png|train/malignant/malignant (201)-rotated1-rotated32.png|train/malignant/malignant (201)-rotated1-sharpened.png|train/malignant/malignant (201)-rotated1.png|train/malignant/malignant (201)-rotated2-rotated1.png|train/malignant/malignant (201)-rotated2-rotated2.png|train/malignant/malignant (201)-rotated2-rotated32.png|train/malignant/malignant (201)-rotated2-sharpened.png|train/malignant/malignant (201)-rotated2.png|train/malignant/malignant (201)-rotated32-rotated1.png|train/malignant/malignant (201)-rotated32-rotated2.png|train/malignant/malignant (201)-rotated32-rotated32.png|train/malignant/malignant (201)-rotated32-sharpened.png|train/malignant/malignant (201)-rotated32.png|train/malignant/malignant (201)-sharpened-rotated1.png|train/malignant/malignant (201)-sharpened-rotated2.png|train/malignant/malignant (201)-sharpened-rotated32.png|train/malignant/malignant (201)-sharpened-sharpened.png|train/malignant/malignant (201)-sharpened.png|train/malignant/malignant (201).png,c6af63686323083a9585a16946d7e5c2|1225f91c0d1cca880cff7001385858a7|aebd3e31d355447dc8b930dbff5f8d69|02ed5666d4b3b17ee2c57abe479dadef|a0a59d70b3263965a654ee281572aef1|9b7813d3fcd04417e4d05f1f2df78ffc|4eaea739fd4c0614618fc00ddefffe71|3015feeb683fb11cfc42399425442103|fb283164916a08ec461bc94467fe4f28|ab7e9648427a7ae676cd13feadc56e54|fb69435a5f398e2be7a6e01dee0fc0db|116f42e099818319546ae57745b4822a|6c67cfcfedd21ca6d9f7d37013cc101c|91743f8723c9ba900e3f1a7cf767faab|f16702307335d2414e8c204d3569ddc7|7f67c245a7eb0ae23e7b98282e87245a|06594018d87578d31df9263e8ee58821|303fa14e5d584a64df0ef2b712ff2ce7|31925b4cc0eeef8c955050819449eec4|fb283164916a08ec461bc94467fe4f28|863fc45aa86bcda19d0e5e1575c6e206,malignant (201),inferred_from_filename_not_verified_identifier,train,False,train/malignant/malignant (201).png
bag-8e20454fdcc3,grp-8e20454fdcc3,benign,16,train/benign/benign (201)-rotated1-rotated1.png|train/benign/benign (201)-rotated1-rotated2.png|train/benign/benign (201)-rotated1-sharpened.png|train/benign/benign (201)-rotated1.jpg|train/benign/benign (201)-rotated1.png|train/benign/benign (201)-rotated2-rotated1.png|train/benign/benign (201)-rotated2-rotated2.png|train/benign/benign (201)-rotated2-sharpened.png|train/benign/benign (201)-rotated2.jpg|train/benign/benign (201)-rotated2.png|train/benign/benign (201)-sharpened-rotated1.png|train/benign/benign (201)-sharpened-rotated2.png|train/benign/benign (201)-sharpened-sharpened.png|train/benign/benign (201)-sharpened.jpg|train/benign/benign (201)-sharpened.png|train/benign/benign (201).png,2cc441e47b7c4e0ddc209c3035662024|2cc441e47b7c4e0ddc209c3035662024|86704ba427627df541c25b3276919876|6ea371a297f58d5bdc252cb901aa963f|0d990a711aaf39703d84fd320a7c88bc|04e96042a5d9567ede759850e45b42aa|b18c468e1090135b604e748ac1f6d28f|f079bfbb61c9fcd153954b0b3902e501|b66a77abe4c282f3153f175469fd5809|c9c86017e64dd7a32c0b54b83afdbdba|938033d19c24bf58c3560fffad57b7f4|28574aecb9d8701e3337b5d0435aa83d|3a40795b64a3b645e24706cb1f9edc7b|aecad7a7cad697a550f13f89cb628799|889d690b812484c97854e8b7b6f7891f|ccba3c8a7c820f768692aa234b852e48,benign (201),inferred_from_filename_not_verified_identifier,train,False,train/benign/benign (201).png
bag-8e6325a5876d,grp-8e6325a5876d,benign,16,train/benign/benign (138)-rotated1-rotated1.png|train/benign/benign (138)-rotated1-rotated2.png|train/benign/benign (138)-rotated1-sharpened.png|train/benign/benign (138)-rotated1.jpg|train/benign/benign (138)-rotated1.png|train/benign/benign (138)-rotated2-rotated1.png|train/benign/benign (138)-rotated2-rotated2.png|train/benign/benign (138)-rotated2-sharpened.png|train/benign/benign (138)-rotated2.jpg|train/benign/benign (138)-rotated2.png|train/benign/benign (138)-sharpened-rotated1.png|train/benign/benign (138)-sharpened-rotated2.png|train/benign/benign (138)-sharpened-sharpened.png|train/benign/benign (138)-sharpened.jpg|train/benign/benign (138)-sharpened.png|train/benign/benign (138).png,a3db48ea50770d3e038d2aebd296fb0a|c777f4fac80aed2270ab87fabb627f16|0d5710a90b7e262427f047f33defa89e|65c8a9a14a37cc60c52347977307896e|1a3b285922301d4c0c1c56a7625ad02e|cca8e1ce076abc8d281fca480c79460f|ebafcc2f70948e07b362cb2eeaa69313|7213bbc203c850274d41820a8de4c9b4|ed18cc7cfb2825840e08cd8f5477ed6b|068143c3f8a94cefe8e7340784a90b8e|d5091393f9ed4274a322e0e8c69e46d1|8e4892f3e2affc72faa233aba66c8c55|371c133c4544872e0ceda75f82d4c18f|5d4b8e873cd582cc669ce332984d876a|0d5710a90b7e262427f047f33defa89e|a57fee92c9bf7c86ff1680f559fdc23f,benign (138),inferred_from_filename_not_verified_identifier,train,False,train/benign/benign (138).png
bag-8ed10f101ecd,grp-8ed10f101ecd,benign,16,train/benign/benign (178)-rotated1-rotated1.png|train/benign/benign (178)-rotated1-rotated2.png|train/benign/benign (178)-rotated1-sharpened.png|train/benign/benign (178)-rotated1.jpg|train/benign/benign (178)-rotated1.png|train/benign/benign (178)-rotated2-rotated1.png|train/benign/benign (178)-rotated2-rotated2.png|train/benign/benign (178)-rotated2-sharpened.png|train/benign/benign (178)-rotated2.jpg|train/benign/benign (178)-rotated2.png|train/benign/benign (178)-sharpened-rotated1.png|train/benign/benign (178)-sharpened-rotated2.png|train/benign/benign (178)-sharpened-sharpened.png|train/benign/benign (178)-sharpened.jpg|train/benign/benign (178)-sharpened.png|train/benign/benign (178).png,60fd34042db71b9626eca5cbc3241b69|18f153f89334c676922c8bb7c3483442|e07fe6a822f8140b2092665a8f3cc095|4fc37cb102e05ad834e51f7dbb6ed4e9|54c7123439568c78c0d3613ce85dd9b8|76d61f949002700b724227e150a0b58a|09c501f458ef133bf801bfaf3ac2bdf4|7db243deca95f2881d8c13ca04299ec1|3121222dc6b18b035ad3847a9c605f36|eccba6c3845d0074e0e5e8f9317e070d|8c2bde38d6d698103ff3cc924855a9d0|837b7472902c616328493e50cc2c7275|6fd1725915844fa59c3116ae8946d184|7f93fddc7171fa5f38551c3c2916e2f5|3d328246ca5b14b7a38a625c68bdeeae|6dec5b4aa734d72b21abb47a7b254326,benign (178),inferred_from_filename_not_verified_identifier,train,False,train/benign/benign (178).png
bag-8fe7cd764418,grp-8fe7cd764418,benign,16,train/benign/benign (246)-rotated1-rotated1.png|train/benign/benign (246)-rotated1-rotated2.png|train/benign/benign (246)-rotated1-sharpened.png|train/benign/benign (246)-rotated1.jpg|train/benign/benign (246)-rotated1.png|train/benign/benign (246)-rotated2-rotated1.png|train/benign/benign (246)-rotated2-rotated2.png|train/benign/benign (246)-rotated2-sharpened.png|train/benign/benign (246)-rotated2.jpg|train/benign/benign (246)-rotated2.png|train/benign/benign (246)-sharpened-rotated1.png|train/benign/benign (246)-sharpened-rotated2.png|train/benign/benign (246)-sharpened-sharpened.png|train/benign/benign (246)-sharpened.jpg|train/benign/benign (246)-sharpened.png|train/benign/benign (246).png,9e6fdcbb8c4e7d643f3c857ab348c4ed|3be6a1dc83f1dd6c4091290c09cea9ce|3f524cfc5137f528195c30d0154e589b|2b9e0a9433a543315b2c10ef0be338ba|322e27ab9af9d978dcedf932afb3267f|b5cd0aa2f5d2fb889ad896221053cb64|4aa339f9bf0e7b63cbe1b860111c78af|b967ee200812911697dfdab6b6991b61|f1100a66cd9e89061d5d16d96beef2bd|e74b950e9ec9fffa5ac7b1094236e184|e71b835f8905daa4ef472735e95332f7|73864ac4eb80e14b415ab7710ea067a5|33c4524f143dae39864409413e186886|c45ba9f308f14d2ad0de8df206952424|8794faba555f38c4f1cf671f5b715af7|16f3233f1fca401eb8843baa917308b4,benign (246),inferred_from_filename_not_verified_identifier,train,False,train/benign/benign (246).png
bag-8fec57e70f66,grp-8fec57e70f66,benign,16,train/benign/benign (105)-rotated1-rotated1.png|train/benign/benign (105)-rotated1-rotated2.png|train/benign/benign (105)-rotated1-sharpened.png|train/benign/benign (105)-rotated1.jpg|train/benign/benign (105)-rotated1.png|train/benign/benign (105)-rotated2-rotated1.png|train/benign/benign (105)-rotated2-rotated2.png|train/benign/benign (105)-rotated2-sharpened.png|train/benign/benign (105)-rotated2.jpg|train/benign/benign (105)-rotated2.png|train/benign/benign (105)-sharpened-rotated1.png|train/benign/benign (105)-sharpened-rotated2.png|train/benign/benign (105)-sharpened-sharpened.png|train/benign/benign (105)-sharpened.jpg|train/benign/benign (105)-sharpened.png|train/benign/benign (105).png,f460e788fcd3598845b13e8afadecbe8|c6f87fb6439f82c91ca645372bbc39db|ad177fb5f35ec66a289685d74ce7c58e|330b342b557e733c9e59a437879f139f|7bddeaac8d0f402c143a56142fb38a54|9853447fdda6e2ca2638d05c11f38340|5d25cc3dd6d8af01fe819d1290563add|d2f9503d60bd995b9e456f336672bb30|dcb0fc3ea8508baa371854519b096461|1ed6be01476ff39d4227d658fe7f0aad|08bf44b9a17009f9c2bcb0458d992a29|71a3e41b11bca134ae76d5c515317d7b|2e4284f45dd24e68aef8522547c18050|ea9727dd1fc3e1d135e2aec16fd917fe|0f1886f9138e811600f5bffed8423c96|4432b0179850a5e2b21d65247801a36e,benign (105),inferred_from_filename_not_verified_identifier,train,False,train/benign/benign (105).png
bag-9010b160b191,grp-9010b160b191,benign,16,train/benign/benign (126)-rotated1-rotated1.png|train/benign/benign (126)-rotated1-rotated2.png|train/benign/benign (126)-rotated1-sharpened.png|train/benign/benign (126)-rotated1.jpg|train/benign/benign (126)-rotated1.png|train/benign/benign (126)-rotated2-rotated1.png|train/benign/benign (126)-rotated2-rotated2.png|train/benign/benign (126)-rotated2-sharpened.png|train/benign/benign (126)-rotated2.jpg|train/benign/benign (126)-rotated2.png|train/benign/benign (126)-sharpened-rotated1.png|train/benign/benign (126)-sharpened-rotated2.png|train/benign/benign (126)-sharpened-sharpened.png|train/benign/benign (126)-sharpened.jpg|train/benign/benign (126)-sharpened.png|train/benign/benign (126).png,3fc497f9c0b14b2954a3cc507a780390|c1b32e34b61ccf7c1edf462168424bfd|6f9b6dc8ceaf85bd15c9a89616979185|95a656f4ac2345d133b05e42a61c9fc6|bcd9d37d74d9b25423f67383c8fbc22c|8a168324aa400bfa3013ac6a79553521|d66d8bbc6f9df7f57290b69226d48dd0|15a821e16c1fb553d9f76417c1585146|5b556a04c6ab843f292ffa2a237d45d1|d5139ab98073a0f708e8a99bb9a570cf|b1baa208fbeed51d96a7e747f7d8f981|c99219c2dee3073206d6fe7490734acd|25b39dea4d8b0fedeed6d382f6aacbf4|f571b068312da042830e8cb6f00abe5d|f80e06e30d759ccc2671484798c87eab|63a08a136ade484d2c461d426571427d,benign (126),inferred_from_filename_not_verified_identifier,train,False,train/benign/benign (126).png
bag-904d1218b85a,grp-904d1218b85a,malignant,21,train/malignant/malignant (98)-rotated1-rotated1.png|train/malignant/malignant (98)-rotated1-rotated2.png|train/malignant/malignant (98)-rotated1-rotated32.png|train/malignant/malignant (98)-rotated1-sharpened.png|train/malignant/malignant (98)-rotated1.png|train/malignant/malignant (98)-rotated2-rotated1.png|train/malignant/malignant (98)-rotated2-rotated2.png|train/malignant/malignant (98)-rotated2-rotated32.png|train/malignant/malignant (98)-rotated2-sharpened.png|train/malignant/malignant (98)-rotated2.png|train/malignant/malignant (98)-rotated32-rotated1.png|train/malignant/malignant (98)-rotated32-rotated2.png|train/malignant/malignant (98)-rotated32-rotated32.png|train/malignant/malignant (98)-rotated32-sharpened.png|train/malignant/malignant (98)-rotated32.png|train/malignant/malignant (98)-sharpened-rotated1.png|train/malignant/malignant (98)-sharpened-rotated2.png|train/malignant/malignant (98)-sharpened-rotated32.png|train/malignant/malignant (98)-sharpened-sharpened.png|train/malignant/malignant (98)-sharpened.png|train/malignant/malignant (98).png,5585f2744351ea899b1a5810d226fddd|1f062bf5e45b3281ccba835b6ab58402|8be29286c1f69381fc22fe6d7fac2722|89e1443fc549858443ad65a403129bdc|ae2d740f7b2609c8aa82d78ae6951b25|5b5a1b7595fa8fe6649e8e92fb53a614|0174b53feca4ab5ebf19187c316fca1b|838ef8a11db3c88fdc5874d0ce08674e|710baf82b7d3c161dfedeba03301ffc6|8852704d117fe576aebacd57c58b34ec|f17de45c7a5fe528a2b7424ef68f0361|4a93bc1e7716c07a728313b271deeb6c|b06d4e2a49f6e498ec1cec77c2b905fc|beb73056ce34639154ddc99c40352c6c|73abcf8c5d433aacafc19e8858ec591b|9ad2904a8f1bf028eb33fe488163e1f7|cbaf3d627a963c1fddfcfcd6f120a588|05b33043a369d1b602183ebd206a1ae8|ad6c736a1c874c2be148ca6c5fa23353|05b33043a369d1b602183ebd206a1ae8|96228834e441d4a515e645e5c1be610c,malignant (98),inferred_from_filename_not_verified_identifier,train,False,train/malignant/malignant (98).png
bag-9058572185f9,grp-9058572185f9,benign,16,train/benign/benign (101)-rotated1-rotated1.png|train/benign/benign (101)-rotated1-rotated2.png|train/benign/benign (101)-rotated1-sharpened.png|train/benign/benign (101)-rotated1.jpg|train/benign/benign (101)-rotated1.png|train/benign/benign (101)-rotated2-rotated1.png|train/benign/benign (101)-rotated2-rotated2.png|train/benign/benign (101)-rotated2-sharpened.png|train/benign/benign (101)-rotated2.jpg|train/benign/benign (101)-rotated2.png|train/benign/benign (101)-sharpened-rotated1.png|train/benign/benign (101)-sharpened-rotated2.png|train/benign/benign (101)-sharpened-sharpened.png|train/benign/benign (101)-sharpened.jpg|train/benign/benign (101)-sharpened.png|train/benign/benign (101).png,34374e4283077c30292aecac9f16ac77|ef14e23e7dcb2b44745a41def0737cd0|b44ca4c501ed2883cff39a9dbe7dcda6|2c489cffc17653a82957b7bdf0a77b4b|da297f82770e3a08f74fc6ba1f5b9e03|96f2c8ccf54313c31056f6c8f034da8b|6829d79cdd877a32eeff0cd975b465fb|a623ff1ad5fc64d97b837bbea231e0f2|570704b669dcc323ae9ea4aa4d5c2b68|a06c9043f0a534c8fae7f9493f378a77|0be7beabe69a6409736761fd7211fb2e|1b43266433e11be7174a210114fbd411|d510beeebf917bac41a6053a1193fbd7|18f7adcc34a442deb3b0e538ce575a6d|911bd43f9e7087e38a807c7a9aee2a1d|0f9bad11f72c2a7f5adc1db0c5d92794,benign (101),inferred_from_filename_not_verified_identifier,train,False,train/benign/benign (101).png
bag-90a1ca94d11b,grp-90a1ca94d11b,benign,16,train/benign/benign (235)-rotated1-rotated1.png|train/benign/benign (235)-rotated1-rotated2.png|train/benign/benign (235)-rotated1-sharpened.png|train/benign/benign (235)-rotated1.jpg|train/benign/benign (235)-rotated1.png|train/benign/benign (235)-rotated2-rotated1.png|train/benign/benign (235)-rotated2-rotated2.png|train/benign/benign (235)-rotated2-sharpened.png|train/benign/benign (235)-rotated2.jpg|train/benign/benign (235)-rotated2.png|train/benign/benign (235)-sharpened-rotated1.png|train/benign/benign (235)-sharpened-rotated2.png|train/benign/benign (235)-sharpened-sharpened.png|train/benign/benign (235)-sharpened.jpg|train/benign/benign (235)-sharpened.png|train/benign/benign (235).png,1bf9fe5cfb7b7b45c6c1aedfdb24aac1|af22d73b2237d914a67a0f4b6c8b56de|d67e978c1f24ba79d4d27a4aee74c231|bacb224d58386f611553fbaafa10b482|aeb90084b59bf276b4d46937ee2370d4|4c01e4d367904ab6eb8928e55d9fd2b2|f0d5173ffc66a60ef5e312f32b773f52|3b1dca342ba6259749da6e10dad441c9|ecd605d7724d933490226e908a9b1e76|e47e740bd42badc44e10bf59d1a918bb|908cb52275e0face5b9d1f2b49025fcb|908cb52275e0face5b9d1f2b49025fcb|07f940cdff999e35526ddce360c7f47c|44ce45770c02227e86b782286c255aec|21602ca226362b8637fea7eec1b39ccb|04c8fe94354338ed4be9a323da74ee7a,benign (235),inferred_from_filename_not_verified_identifier,train,False,train/benign/benign (235).png
bag-914612c6f5e6,grp-914612c6f5e6,malignant,21,train/malignant/malignant (140)-rotated1-rotated1.png|train/malignant/malignant (140)-rotated1-rotated2.png|train/malignant/malignant (140)-rotated1-rotated32.png|train/malignant/malignant (140)-rotated1-sharpened.png|train/malignant/malignant (140)-rotated1.png|train/malignant/malignant (140)-rotated2-rotated1.png|train/malignant/malignant (140)-rotated2-rotated2.png|train/malignant/malignant (140)-rotated2-rotated32.png|train/malignant/malignant (140)-rotated2-sharpened.png|train/malignant/malignant (140)-rotated2.png|train/malignant/malignant (140)-rotated32-rotated1.png|train/malignant/malignant (140)-rotated32-rotated2.png|train/malignant/malignant (140)-rotated32-rotated32.png|train/malignant/malignant (140)-rotated32-sharpened.png|train/malignant/malignant (140)-rotated32.png|train/malignant/malignant (140)-sharpened-rotated1.png|train/malignant/malignant (140)-sharpened-rotated2.png|train/malignant/malignant (140)-sharpened-rotated32.png|train/malignant/malignant (140)-sharpened-sharpened.png|train/malignant/malignant (140)-sharpened.png|train/malignant/malignant (140).png,2a015755fb4b8c93ece6a761eba69428|b36936d6d203dcf43e99323d4a9a4f86|2691e5c072c2bfb7172bb37cf228003b|97ce9b5212e8e3fa1a3797fbb0277272|660aeb44c44fc480e5d3c75499db7cfe|202f3b6e5cd08f6f28cfe578f2e6e053|3bc77a7071211830c335252b9c221c57|68fa74223312d03620a59278ca902e63|b6314fee0b149ee72a80790c15219888|fedea49894008740882b5659668ab24d|9ed79cf3342f28dd8588118ee429c9b0|13eb4535d544dd8092439098e6a9040d|fe31b9caa1cd5072b8ac3c253dfcf2d9|b6d061d7ae782ab3c5a3fe2ca678aea9|5642b6c08ca8baf44d7ae5b39fd2a08e|c0ce852363a5aa38ef72565425fc0bbe|f21a2f87c1582d0b5ae12d413d8cc3d4|c6d92bd74cb747f643e98d7e3f608161|0887ecce6bf15c3619ca419862b7064e|3144a2e01e775161d0c981ee1a6145ad|79c6a531730bb94ddbb9f33ad1d02fe3,malignant (140),inferred_from_filename_not_verified_identifier,train,False,train/malignant/malignant (140).png
bag-918c3f35b73c,grp-918c3f35b73c,benign,16,train/benign/benign (224)-rotated1-rotated1.png|train/benign/benign (224)-rotated1-rotated2.png|train/benign/benign (224)-rotated1-sharpened.png|train/benign/benign (224)-rotated1.jpg|train/benign/benign (224)-rotated1.png|train/benign/benign (224)-rotated2-rotated1.png|train/benign/benign (224)-rotated2-rotated2.png|train/benign/benign (224)-rotated2-sharpened.png|train/benign/benign (224)-rotated2.jpg|train/benign/benign (224)-rotated2.png|train/benign/benign (224)-sharpened-rotated1.png|train/benign/benign (224)-sharpened-rotated2.png|train/benign/benign (224)-sharpened-sharpened.png|train/benign/benign (224)-sharpened.jpg|train/benign/benign (224)-sharpened.png|train/benign/benign (224).png,e1114031f26b954df1019e8f7c996e3e|5626aa5cd764920c5ac4359f43ca3a9d|77eedb9cd4814d55b0ca6a4f9d68a53c|25f961b9b0f52d6eb707721383291da4|7c54c128a63bdbb50dab8024a4534e20|be1f81af2d808eeeba8f3f79170329ed|535c8f1e3cdb37116dfdd927d14e29e9|0d0aebdce155cbbbedfacdd2e15a447a|442789c11fcc28629a2799543cfcc100|a4ffbea181dddc3b4feef018c616f3c5|f90889c49a9cf5c626d683353e8c3ad5|36982b60056bee807f90e04b8fd0f16c|8a7b2d0bdff8b90d5156e3d7521f58d6|107213d932437d8f16a59f80f2eebb5c|bbb92cef30c9288d88f61903ca28fef3|568035922e5caa5356efa162706dce7c,benign (224),inferred_from_filename_not_verified_identifier,train,False,train/benign/benign (224).png
bag-91b438efad84,grp-91b438efad84,benign,16,train/benign/benign (96)-rotated1-rotated1.png|train/benign/benign (96)-rotated1-rotated2.png|train/benign/benign (96)-rotated1-sharpened.png|train/benign/benign (96)-rotated1.jpg|train/benign/benign (96)-rotated1.png|train/benign/benign (96)-rotated2-rotated1.png|train/benign/benign (96)-rotated2-rotated2.png|train/benign/benign (96)-rotated2-sharpened.png|train/benign/benign (96)-rotated2.jpg|train/benign/benign (96)-rotated2.png|train/benign/benign (96)-sharpened-rotated1.png|train/benign/benign (96)-sharpened-rotated2.png|train/benign/benign (96)-sharpened-sharpened.png|train/benign/benign (96)-sharpened.jpg|train/benign/benign (96)-sharpened.png|train/benign/benign (96).png,3c0489d81055ad356f8cfa11f23b782b|4da7700b82551222e115a2f49e98ba8b|4897cd6b4a5bd6c511d6d6a891084fda|0a7cc524e72ab56447914963b8dc42b2|5782e054da91a33d43407cc7dd34daaf|0ba4fa7df08dc311061d2126492a3ecc|503dc38a11749df0d44cfd740b8c175b|4d138cc23b22d74e39cbf126495507c1|036a1bec5b8bb34b9a89fcd6214a21c0|3a439e536860a802d7899523d405601d|50c1228e75e395cf8ef936b80aa2d729|b7819f9e60b93221bb27b54f455e9152|e876a660ed111a3959c020d6d89b48e3|fdb8b4a596792bbdd2ad35c44c1cbf5e|ba1e7dbda81ecdc5259b2c18de1aa680|4970f80c51a6369d41cfb9330a562ac7,benign (96),inferred_from_filename_not_verified_identifier,train,False,train/benign/benign (96).png
bag-92bdc5d289a1,grp-92bdc5d289a1,malignant,21,train/malignant/malignant (126)-rotated1-rotated1.png|train/malignant/malignant (126)-rotated1-rotated2.png|train/malignant/malignant (126)-rotated1-rotated32.png|train/malignant/malignant (126)-rotated1-sharpened.png|train/malignant/malignant (126)-rotated1.png|train/malignant/malignant (126)-rotated2-rotated1.png|train/malignant/malignant (126)-rotated2-rotated2.png|train/malignant/malignant (126)-rotated2-rotated32.png|train/malignant/malignant (126)-rotated2-sharpened.png|train/malignant/malignant (126)-rotated2.png|train/malignant/malignant (126)-rotated32-rotated1.png|train/malignant/malignant (126)-rotated32-rotated2.png|train/malignant/malignant (126)-rotated32-rotated32.png|train/malignant/malignant (126)-rotated32-sharpened.png|train/malignant/malignant (126)-rotated32.png|train/malignant/malignant (126)-sharpened-rotated1.png|train/malignant/malignant (126)-sharpened-rotated2.png|train/malignant/malignant (126)-sharpened-rotated32.png|train/malignant/malignant (126)-sharpened-sharpened.png|train/malignant/malignant (126)-sharpened.png|train/malignant/malignant (126).png,0aeb2eff69c0787482fc5b2e20a75c0b|1d11ea6687606291e10fafb782b688e0|e38d5f088434158569a3e86b38690468|26ccbec7d498ade96d82cf5a87079656|26988fe48b1227de0452ddb9a787f483|50c904774ac0c8f218114619e34bcc0a|7ec3021a3be00c92a9e907a994363468|d00b50a17ae25085777260a3171a525b|26ccbec7d498ade96d82cf5a87079656|7773fbbd67c6bb5bd9f8e7df22e043b9|f0ab221c3ba7660567412bee792676df|a3e13bf4974f4c97b5b7633d2f73afca|c52e6dc03a538ba258ebd0670fb3bc05|8d668c89bcfd97ef9f1cbd91f1d1f456|af5e2ddd2cadcfdb79c6504b1e4915c7|01721afd2eec0c49757e91d3db5b2515|b58286d214be523ebc7ab50e0bb85b0b|7d81a86972a7b4a9ae12ff4bfbe08472|23ccda8fd2f2484f106d5d2cc3e9d17f|26ccbec7d498ade96d82cf5a87079656|522bbd0960e0c1187775799e99a645ac,malignant (126),inferred_from_filename_not_verified_identifier,train,False,train/malignant/malignant (126).png
bag-92bf962fb022,grp-92bf962fb022,benign,16,train/benign/benign (275)-rotated1-rotated1.png|train/benign/benign (275)-rotated1-rotated2.png|train/benign/benign (275)-rotated1-sharpened.png|train/benign/benign (275)-rotated1.jpg|train/benign/benign (275)-rotated1.png|train/benign/benign (275)-rotated2-rotated1.png|train/benign/benign (275)-rotated2-rotated2.png|train/benign/benign (275)-rotated2-sharpened.png|train/benign/benign (275)-rotated2.jpg|train/benign/benign (275)-rotated2.png|train/benign/benign (275)-sharpened-rotated1.png|train/benign/benign (275)-sharpened-rotated2.png|train/benign/benign (275)-sharpened-sharpened.png|train/benign/benign (275)-sharpened.jpg|train/benign/benign (275)-sharpened.png|train/benign/benign (275).png,b475373cc64830ef483e7f962f3d3342|8bc1df93091ce6ab851ca22ac3b0efc9|c6e84209380ccb277d40c55378494247|bdf64ce41faa8ff5e2c4952ba7d35ed9|4b32d8011d39a0ef1de36f8b37365ec1|46db825fdb8a5e1813523236f9dc1ba4|416bd6a37252cffa577c72b6898faf30|c6e84209380ccb277d40c55378494247|ec7c3f6db3c0fe34a717bc31a2127ab3|9a3e9dbf4697803094badca6792600a4|05729cf3e4e42d7fdaa2b4ffd2e113c9|236601891c7683ec5f27c0183cf9c6fa|70824ecf7ed00a8e6d645daa43dd76d3|6e6f7fbe05486ef24d4f360fd78c0991|e12de47de092fc45b72c03a89ac0bde4|eb1bb2108afb7b9e30527a747cd2666b,benign (275),inferred_from_filename_not_verified_identifier,train,False,train/benign/benign (275).png
bag-934a812a79d4,grp-934a812a79d4,benign,16,val/benign/benign (1)-rotated1-rotated1.png|val/benign/benign (1)-rotated1-rotated2.png|val/benign/benign (1)-rotated1-sharpened.png|val/benign/benign (1)-rotated1.jpg|val/benign/benign (1)-rotated1.png|val/benign/benign (1)-rotated2-rotated1.png|val/benign/benign (1)-rotated2-rotated2.png|val/benign/benign (1)-rotated2-sharpened.png|val/benign/benign (1)-rotated2.jpg|val/benign/benign (1)-rotated2.png|val/benign/benign (1)-sharpened-rotated1.png|val/benign/benign (1)-sharpened-rotated2.png|val/benign/benign (1)-sharpened-sharpened.png|val/benign/benign (1)-sharpened.jpg|val/benign/benign (1)-sharpened.png|val/benign/benign (1).png,d3806297568c565ebb08eb6ac8031d55|d4382645577b2f2071eb75f414b48d65|e4e752f46cacce074388edf1019f1206|8ff79a91f159bcce1d1e659de46d84ab|602d83fc5af23b1a6fcbb9e9b5a02a52|58d2ccae2d45f57ab7fc30a418c32a19|3e401bcae99dc3e1dbbe4072709fd09b|515d80d734da2ad33e2bce06274c185e|8d6a8a2d742d5ff23125f5673208616e|f1536716c0a4441935d675e8d42e3fb1|08353e0101dfa50b62115fefbd614148|6c1d2a2c5a2b1a392f4dec1349373ebe|ac9bc748d4950c4204501838a472751b|99515e565ea7cef324bf79a567c5cf74|091670f81ce9d261ad5ee1e18473c3d9|2ec9a65cc5ab493e0cb8a08459478379,benign (1),inferred_from_filename_not_verified_identifier,val,False,val/benign/benign (1).png
bag-9445e3a7cbe3,grp-9445e3a7cbe3,benign,16,train/benign/benign (182)-rotated1-rotated1.png|train/benign/benign (182)-rotated1-rotated2.png|train/benign/benign (182)-rotated1-sharpened.png|train/benign/benign (182)-rotated1.jpg|train/benign/benign (182)-rotated1.png|train/benign/benign (182)-rotated2-rotated1.png|train/benign/benign (182)-rotated2-rotated2.png|train/benign/benign (182)-rotated2-sharpened.png|train/benign/benign (182)-rotated2.jpg|train/benign/benign (182)-rotated2.png|train/benign/benign (182)-sharpened-rotated1.png|train/benign/benign (182)-sharpened-rotated2.png|train/benign/benign (182)-sharpened-sharpened.png|train/benign/benign (182)-sharpened.jpg|train/benign/benign (182)-sharpened.png|train/benign/benign (182).png,814dd4d679be35ca89145e7d6629d222|827007853066c6f45e9e9f49da948e2c|4c024390d51f6b715ada6b24f86f1957|09518e766e514f2dc2ebd9a73e9e1759|e2b740cea568c00b236d284d436c47e3|163737c3d9250094135d36dcf28cfc28|22751720a64fb0799c35b463df064f41|47cb4734047231c53f35d0cbedffa3ba|d2ed35834044078d9269abf437fc2edc|240dce8cb679947ffd87338402815848|06f858368a3791d2bcf1671846582cda|0d6209d632a8247c08b10432061a91f8|ab6c65cf77bcc7c9cfaca9eaaeae8b66|6a31eaad2f4dfd0bc484e66640cea031|c5dbc0be0c898fc34ef0564b2465df4d|32f91523377e7b59101cc98eab3a56c7,benign (182),inferred_from_filename_not_verified_identifier,train,False,train/benign/benign (182).png
bag-945119b05dcf,grp-945119b05dcf,benign,16,train/benign/benign (188)-rotated1-rotated1.png|train/benign/benign (188)-rotated1-rotated2.png|train/benign/benign (188)-rotated1-sharpened.png|train/benign/benign (188)-rotated1.jpg|train/benign/benign (188)-rotated1.png|train/benign/benign (188)-rotated2-rotated1.png|train/benign/benign (188)-rotated2-rotated2.png|train/benign/benign (188)-rotated2-sharpened.png|train/benign/benign (188)-rotated2.jpg|train/benign/benign (188)-rotated2.png|train/benign/benign (188)-sharpened-rotated1.png|train/benign/benign (188)-sharpened-rotated2.png|train/benign/benign (188)-sharpened-sharpened.png|train/benign/benign (188)-sharpened.jpg|train/benign/benign (188)-sharpened.png|train/benign/benign (188).png,519bed0380c034d2c41beff42e75b2e3|2b135aff7a731f7d0e33f422581104e1|f29c11d46301b54259b0395a2d9d4071|ef19301da0251f43cc82d5d42e8359aa|b070d31ff5423b71aeb4e3b74cced69a|5b939fd91399db66bcc2b5d0e9e16531|3e94c1c5f762ab61e2d4d0e9b621bf26|b82d49ea562b80bd73259b5311b95daf|427d373c5e1ae431a600f9b4dbc443d0|38899bf4e60d65639d538d841e254e38|e9e745f7c5d1ca172861442d771b6394|1a7cdd0008ff5353f1cdbf74f0f1f4f8|f68c7f58f4eb92c87ab5b27ab0579630|3a06ac276141cdad8b8f78fdb189b58f|e597d4175abf6828e32cffb897ad69f0|cdf8ebdeef01c7ad8fe43baf3b39a04e,benign (188),inferred_from_filename_not_verified_identifier,train,False,train/benign/benign (188).png
bag-9500ebb3118a,grp-9500ebb3118a,malignant,21,train/malignant/malignant (44)-rotated1-rotated1.png|train/malignant/malignant (44)-rotated1-rotated2.png|train/malignant/malignant (44)-rotated1-rotated32.png|train/malignant/malignant (44)-rotated1-sharpened.png|train/malignant/malignant (44)-rotated1.png|train/malignant/malignant (44)-rotated2-rotated1.png|train/malignant/malignant (44)-rotated2-rotated2.png|train/malignant/malignant (44)-rotated2-rotated32.png|train/malignant/malignant (44)-rotated2-sharpened.png|train/malignant/malignant (44)-rotated2.png|train/malignant/malignant (44)-rotated32-rotated1.png|train/malignant/malignant (44)-rotated32-rotated2.png|train/malignant/malignant (44)-rotated32-rotated32.png|train/malignant/malignant (44)-rotated32-sharpened.png|train/malignant/malignant (44)-rotated32.png|train/malignant/malignant (44)-sharpened-rotated1.png|train/malignant/malignant (44)-sharpened-rotated2.png|train/malignant/malignant (44)-sharpened-rotated32.png|train/malignant/malignant (44)-sharpened-sharpened.png|train/malignant/malignant (44)-sharpened.png|train/malignant/malignant (44).png,744c99f6f7431615f6c67d8414b52565|b4613ba9bc580e4a5c4ba0e04da980f1|ebe1e35855b52481788cfebfa8448be2|598dc477ca148b3902a48b4f724ea7b6|0302d954b8f0afc4300e89d56c0da028|5816cb1636edee6bea59e243f5c80531|9bb818b785914c41009457e2ee15de4f|c61ba383039d86599f6e5b050390754d|2248935ae02b974c2bb1dd91445326e2|2c7944f42bf7f383de51d85ddcfb2891|b0f3544b130cea20bea0e2a5624ef36f|60cd24f3276a2dd7bd1a81b4c0b47b1a|0811128c2ebdc2dcce0df037cfa2a5ce|8f38583260668bc1cb9885d3651e2349|cf2ffd0d9d79748f56b4b48629ec2578|513612dd8bd7aeff858a7033b7bbad2b|568efd9a49cd89545687e0abb4dcc13f|18e7fc3deaa19691c1efa975c91603a0|647da74b44307978931a4147586b06cc|be75f8ce0a69dfe95a4c31a3aed98bc6|9da43a43b8ab8b75dbdffce0779dee5c,malignant (44),inferred_from_filename_not_verified_identifier,train,False,train/malignant/malignant (44).png
bag-95a24bb9a607,grp-95a24bb9a607,benign,16,train/benign/benign (208)-rotated1-rotated1.png|train/benign/benign (208)-rotated1-rotated2.png|train/benign/benign (208)-rotated1-sharpened.png|train/benign/benign (208)-rotated1.jpg|train/benign/benign (208)-rotated1.png|train/benign/benign (208)-rotated2-rotated1.png|train/benign/benign (208)-rotated2-rotated2.png|train/benign/benign (208)-rotated2-sharpened.png|train/benign/benign (208)-rotated2.jpg|train/benign/benign (208)-rotated2.png|train/benign/benign (208)-sharpened-rotated1.png|train/benign/benign (208)-sharpened-rotated2.png|train/benign/benign (208)-sharpened-sharpened.png|train/benign/benign (208)-sharpened.jpg|train/benign/benign (208)-sharpened.png|train/benign/benign (208).png,4c971492304c67cea978e74bbd20bd20|ffea3d9f97b8f63f759e90f8423e9b00|28b975b2def559394b641d54a0ab3f9e|feb5cc7af4d251afddb3b04d644217fc|1590c1df1d2597d57058884913487743|0bdb3486d6e129ee0f347f00d5347352|d65481bc27dcdd99c7e15a23fff8ed66|28b975b2def559394b641d54a0ab3f9e|fe2267c505b4f5956a36562e0d0601ab|bec8f06f4f43047bf2eef290b93ea413|7b17e080979ac0c0e06e7f5dd5dddcd9|5512f60418b66b3ff76a1580b018f8f4|b4801774776d994099f18400404cc527|ab7171130fcb39a62f299d2c5f1f16ec|dc7cbaa832546a845321c2a250c0a440|7d11db551200a3c3da710deb2531e717,benign (208),inferred_from_filename_not_verified_identifier,train,False,train/benign/benign (208).png
bag-979c93d06aa8,grp-979c93d06aa8,benign,16,train/benign/benign (82)-rotated1-rotated1.png|train/benign/benign (82)-rotated1-rotated2.png|train/benign/benign (82)-rotated1-sharpened.png|train/benign/benign (82)-rotated1.jpg|train/benign/benign (82)-rotated1.png|train/benign/benign (82)-rotated2-rotated1.png|train/benign/benign (82)-rotated2-rotated2.png|train/benign/benign (82)-rotated2-sharpened.png|train/benign/benign (82)-rotated2.jpg|train/benign/benign (82)-rotated2.png|train/benign/benign (82)-sharpened-rotated1.png|train/benign/benign (82)-sharpened-rotated2.png|train/benign/benign (82)-sharpened-sharpened.png|train/benign/benign (82)-sharpened.jpg|train/benign/benign (82)-sharpened.png|train/benign/benign (82).png,dbc05158427085743a41c95787fdf725|c924929f4af9cb3d56d7620c7482e806|38547faaacfe7cb4d48a0f18fa0289a2|f9214fde557d1a569903c864c9a8cf22|5412a601473df0771bd6f86f6ed071e5|8e3dcdcb4974537d5058b28dcc68931b|60f00008910eadb5ea13c7770ccfe960|322f9c01a7a873ef908e72108612da5a|0ba9783df5cb7611b82f7dba6c9cf749|94910c1270be3004e8f7243ee213a967|9a6c51b4c3be8f10a031bc67e6ed09b5|46a20729901614568bf38e1046e4dfca|af8434b470eb5a3e09c1e89c1b09660b|28cef8c544c4ea1a5b0b50ea27256348|38547faaacfe7cb4d48a0f18fa0289a2|e931b9077216fb52b7c053590ae2ef06,benign (82),inferred_from_filename_not_verified_identifier,train,False,train/benign/benign (82).png
bag-98cf4823afc2,grp-98cf4823afc2,benign,16,train/benign/benign (125)-rotated1-rotated1.png|train/benign/benign (125)-rotated1-rotated2.png|train/benign/benign (125)-rotated1-sharpened.png|train/benign/benign (125)-rotated1.jpg|train/benign/benign (125)-rotated1.png|train/benign/benign (125)-rotated2-rotated1.png|train/benign/benign (125)-rotated2-rotated2.png|train/benign/benign (125)-rotated2-sharpened.png|train/benign/benign (125)-rotated2.jpg|train/benign/benign (125)-rotated2.png|train/benign/benign (125)-sharpened-rotated1.png|train/benign/benign (125)-sharpened-rotated2.png|train/benign/benign (125)-sharpened-sharpened.png|train/benign/benign (125)-sharpened.jpg|train/benign/benign (125)-sharpened.png|train/benign/benign (125).png,4f7055be1b1969f4d251a6b261afc4ff|d228b2c37e36b45783dbfaf5ba0bf8d8|faf60579ccb2fd6caaaeb744f971f418|685f931b5e7a3335f7ca1898a1b5dcd0|1f1debb509435ecef740bda2c0ab40e6|9b5d41ae99193f4c843e8d4e908e277c|900a9c5bcc40c723b4034caef03f6658|4eeccf38125e3b3d3769a5a62eae2117|436dcc3420b6e938fc07fae738cbcf84|f9e0ccbf940ac6a2752a12d72227cf62|8e18d784e0d6b27b1e6f1fbced0e79dd|9d82d955d121a72ea16e8b847724200c|58512594f307fe6a763ce6125edaae34|1ad35f9111486f5feb1c44e08a7702e2|19565c1b72d36aad0a428f1f77ac1eea|755a945dcd6baa54c7e8bd0464a69dd4,benign (125),inferred_from_filename_not_verified_identifier,train,False,train/benign/benign (125).png
bag-9a59148d09a1,grp-9a59148d09a1,benign,16,train/benign/benign (209)-rotated1-rotated1.png|train/benign/benign (209)-rotated1-rotated2.png|train/benign/benign (209)-rotated1-sharpened.png|train/benign/benign (209)-rotated1.jpg|train/benign/benign (209)-rotated1.png|train/benign/benign (209)-rotated2-rotated1.png|train/benign/benign (209)-rotated2-rotated2.png|train/benign/benign (209)-rotated2-sharpened.png|train/benign/benign (209)-rotated2.jpg|train/benign/benign (209)-rotated2.png|train/benign/benign (209)-sharpened-rotated1.png|train/benign/benign (209)-sharpened-rotated2.png|train/benign/benign (209)-sharpened-sharpened.png|train/benign/benign (209)-sharpened.jpg|train/benign/benign (209)-sharpened.png|train/benign/benign (209).png,4b24085539b6b5aee8d9868f357e4f2e|800967e26b03eb527ce5d49ff02912ee|526ae5aa956e4cdb800ce3e64fb72d35|cc012b73fda48008fa36077766fec54c|8ac416411227688bbc5b53918ba3bc86|5997a6caeea7776db79e8eef161c88d0|5997a6caeea7776db79e8eef161c88d0|e1362e7e7c0043a71b7f2452faa34307|e4a99bfcce8144b27ed1780a7d96d1dc|fee57bae3ee019a1a72f1e63035ad6e1|fcdffcd10662dfa1a3c5c67a22291bab|51f6417232926c1bbb794232330c99f7|9f4e2868fbcfe99a59433dfe11f7469e|8347bd4f3a5697a07291dfddf2b20abb|5d215970c495a9b370f368810854e8d3|4703a89698fcc4f2658d63c7443a506f,benign (209),inferred_from_filename_not_verified_identifier,train,False,train/benign/benign (209).png
bag-9b299433c777,grp-9b299433c777,malignant,21,train/malignant/malignant (159)-rotated1-rotated1.png|train/malignant/malignant (159)-rotated1-rotated2.png|train/malignant/malignant (159)-rotated1-rotated32.png|train/malignant/malignant (159)-rotated1-sharpened.png|train/malignant/malignant (159)-rotated1.png|train/malignant/malignant (159)-rotated2-rotated1.png|train/malignant/malignant (159)-rotated2-rotated2.png|train/malignant/malignant (159)-rotated2-rotated32.png|train/malignant/malignant (159)-rotated2-sharpened.png|train/malignant/malignant (159)-rotated2.png|train/malignant/malignant (159)-rotated32-rotated1.png|train/malignant/malignant (159)-rotated32-rotated2.png|train/malignant/malignant (159)-rotated32-rotated32.png|train/malignant/malignant (159)-rotated32-sharpened.png|train/malignant/malignant (159)-rotated32.png|train/malignant/malignant (159)-sharpened-rotated1.png|train/malignant/malignant (159)-sharpened-rotated2.png|train/malignant/malignant (159)-sharpened-rotated32.png|train/malignant/malignant (159)-sharpened-sharpened.png|train/malignant/malignant (159)-sharpened.png|train/malignant/malignant (159).png,144b329a5171f83403d32497b86e1f50|2bb27cd3a0ae10c153cdd7c3fa23ae57|2fce8adc282e33fcdfe3d96993118761|1189c902e8083248e14c1b4c90f42882|87400cf663ce931160715d7729d7d72f|1cfaa9a0f15fc1a49b959ad5c947e6ee|576759e9b2b719b4172bd582491db290|3a8bc3cfcb69b6d821eb96ce41b30102|273211cb6d93dbc8f4d217e9f3769154|9cc25777f5689fa58e3fd82138224486|b672e0ee7b6534219e712990da878633|537cde0f8a812b66c4e9ecdb90137364|2f803b7506d3da62ad5426ec0bc98e9d|7e4ccdcd3f37794895d4615063e77703|c4d3f23fb842e7e7ec76a780ccbd3686|ca8d5cf31035a328807f1d301c9b47a5|21e8c6e51753201b9f0645d18b8d68e6|78b7c5b222642e2f3eefc21dbc0814ab|03f0b49cfa4cfa062879b735f4c3c701|601a0dd7e313b7fefdb91f982eee1252|202325e51138ad7fed5beeeca9951f30,malignant (159),inferred_from_filename_not_verified_identifier,train,False,train/malignant/malignant (159).png
bag-9bda256fb661,grp-9bda256fb661,malignant,21,train/malignant/malignant (61)-rotated1-rotated1.png|train/malignant/malignant (61)-rotated1-rotated2.png|train/malignant/malignant (61)-rotated1-rotated32.png|train/malignant/malignant (61)-rotated1-sharpened.png|train/malignant/malignant (61)-rotated1.png|train/malignant/malignant (61)-rotated2-rotated1.png|train/malignant/malignant (61)-rotated2-rotated2.png|train/malignant/malignant (61)-rotated2-rotated32.png|train/malignant/malignant (61)-rotated2-sharpened.png|train/malignant/malignant (61)-rotated2.png|train/malignant/malignant (61)-rotated32-rotated1.png|train/malignant/malignant (61)-rotated32-rotated2.png|train/malignant/malignant (61)-rotated32-rotated32.png|train/malignant/malignant (61)-rotated32-sharpened.png|train/malignant/malignant (61)-rotated32.png|train/malignant/malignant (61)-sharpened-rotated1.png|train/malignant/malignant (61)-sharpened-rotated2.png|train/malignant/malignant (61)-sharpened-rotated32.png|train/malignant/malignant (61)-sharpened-sharpened.png|train/malignant/malignant (61)-sharpened.png|train/malignant/malignant (61).png,2df67ed8207e1543a26f9f02c2d11a9d|8991038bf22f4f3dc39f78305693ce82|01b356d654ea24059dc85592f8c2c394|8fd610bd6a07cce065c26b2ff59f0902|4e66dcc3e1b5f40d7fd2d0fdac0db3e1|8969e2fdfd3f86c069d83f0988d741a5|c9ba40f592330dddbcbc39287a0c08c9|45ca8fcab39f88f714d745e3dbf58db1|df70b72d55442737ff74b7e9d26dd3c3|35e1e5f4d1f8ede870d668f274626d5a|096ba2630f110be46d8be1b8a2b9d3b3|1f286b64d576b91ce45fcb52fb327643|1f286b64d576b91ce45fcb52fb327643|1c7c602b13624058c47ac013e806c95f|5db2b90b1c451d72e178e9d2f611915e|13ae58dbabc49da0d151d44003690572|1bc1172b65ca5cd4e47500f1c60ce22b|657baebd1ec21c740213638a62e758d6|17d18236069bc817ee17e36f165d44c0|1c7c602b13624058c47ac013e806c95f|5657b6e9bca6601ce7914381b5e19cab,malignant (61),inferred_from_filename_not_verified_identifier,train,False,train/malignant/malignant (61).png
bag-9c24a481593b,grp-9c24a481593b,malignant,21,train/malignant/malignant (35)-rotated1-rotated1.png|train/malignant/malignant (35)-rotated1-rotated2.png|train/malignant/malignant (35)-rotated1-rotated32.png|train/malignant/malignant (35)-rotated1-sharpened.png|train/malignant/malignant (35)-rotated1.png|train/malignant/malignant (35)-rotated2-rotated1.png|train/malignant/malignant (35)-rotated2-rotated2.png|train/malignant/malignant (35)-rotated2-rotated32.png|train/malignant/malignant (35)-rotated2-sharpened.png|train/malignant/malignant (35)-rotated2.png|train/malignant/malignant (35)-rotated32-rotated1.png|train/malignant/malignant (35)-rotated32-rotated2.png|train/malignant/malignant (35)-rotated32-rotated32.png|train/malignant/malignant (35)-rotated32-sharpened.png|train/malignant/malignant (35)-rotated32.png|train/malignant/malignant (35)-sharpened-rotated1.png|train/malignant/malignant (35)-sharpened-rotated2.png|train/malignant/malignant (35)-sharpened-rotated32.png|train/malignant/malignant (35)-sharpened-sharpened.png|train/malignant/malignant (35)-sharpened.png|train/malignant/malignant (35).png,d327a156407c308bed845c5cf1a81d48|5dc71f9d03e067d1c183253baf38850c|161eaf69d7de0eb53622e5e93507cfc8|53821a02d8abf11184a498e9a3938490|ba7c4d2d8970566cba1af9d0cb7ead75|15825800a93b39a52f2fe250e3a6427a|3fdd4fcd2f759414918117f80e4cf8a6|25cea4a549686ade950b9126ec55ed60|d3c01af23264f9f91743d726b202c200|7e7a1ee06044d80b1057f7edf8ad5897|07c68200655496cef2939a26c3513adf|46b7f5c8452c032324c4febb1b906b96|65e78b84ba85181e821b8bf8262b72db|bc819abd0364ff8c6d48cb23ddea2643|528cbb09be2345679dfe6be969ad7ca3|542f5bc5e8b1c30d103f9199b1810c86|ff8d7c3320058d3a086e797ecc02d6fd|6ea2fb9ffcfe7bb412c3f3e742d7ec91|28d191642d59eeff560e94bc8a594bed|d8240013658f165c05980f778eb5f216|f5dcea7a1557fd237669bad1d452bb2a,malignant (35),inferred_from_filename_not_verified_identifier,train,False,train/malignant/malignant (35).png
bag-9c5b1bbe0275,grp-9c5b1bbe0275,benign,16,train/benign/benign (205)-rotated1-rotated1.png|train/benign/benign (205)-rotated1-rotated2.png|train/benign/benign (205)-rotated1-sharpened.png|train/benign/benign (205)-rotated1.jpg|train/benign/benign (205)-rotated1.png|train/benign/benign (205)-rotated2-rotated1.png|train/benign/benign (205)-rotated2-rotated2.png|train/benign/benign (205)-rotated2-sharpened.png|train/benign/benign (205)-rotated2.jpg|train/benign/benign (205)-rotated2.png|train/benign/benign (205)-sharpened-rotated1.png|train/benign/benign (205)-sharpened-rotated2.png|train/benign/benign (205)-sharpened-sharpened.png|train/benign/benign (205)-sharpened.jpg|train/benign/benign (205)-sharpened.png|train/benign/benign (205).png,aa2349f8604df1b13d4dd66eb10f540c|4b1fe02ac8d75c5ed178e9ebe75374ce|d704c9d8d4ef930d1545adc5b81dbe61|40d39a6988785c31d9529952c6f2d8ec|5a4149e7760fa1b7f3403117efa50abc|3c1da0da16ec5972e1c4ac54e06fedc8|3d9701a48c037951fba1231a287634a2|ae860154bccfd7003b34f0785fca87cd|eb370404e22208d43d73667170d5409b|a25093b9af2977eed8e0213d4e80f95e|5ade9958dd76a8846f9ef2d7741d3347|e97d33044a7b7d0496fc81436442a179|94707a93619cf770541274e832e1ff8b|93b525d2b82d91a8a1a4e19e1612bf93|d4ec2bb418e0869a679689f56642ff11|015e6655ab7d9d685cd2c1fea9785d34,benign (205),inferred_from_filename_not_verified_identifier,train,False,train/benign/benign (205).png
bag-9d15e01dd850,grp-9d15e01dd850,benign,16,train/benign/benign (233)-rotated1-rotated1.png|train/benign/benign (233)-rotated1-rotated2.png|train/benign/benign (233)-rotated1-sharpened.png|train/benign/benign (233)-rotated1.jpg|train/benign/benign (233)-rotated1.png|train/benign/benign (233)-rotated2-rotated1.png|train/benign/benign (233)-rotated2-rotated2.png|train/benign/benign (233)-rotated2-sharpened.png|train/benign/benign (233)-rotated2.jpg|train/benign/benign (233)-rotated2.png|train/benign/benign (233)-sharpened-rotated1.png|train/benign/benign (233)-sharpened-rotated2.png|train/benign/benign (233)-sharpened-sharpened.png|train/benign/benign (233)-sharpened.jpg|train/benign/benign (233)-sharpened.png|train/benign/benign (233).png,0b04614c214cd345012bec9a988da6d6|862ad2748aaca0823fd160ad49b75b83|05b8ee1699025cd4579a9118a6b2de13|5fb816fdfaff3ba69b64cdb0bff29f0a|a75b5a7a9227d65acdcd09fe0d984ef2|b279ae15bd4e9eda7f4a1447b40ab309|5ed19d6e9856216ac489d2c31e213ba0|a50cc2565a9c0c25b7d4a52b9f5e6c52|49d58bcd78c3a04aaf04bcc62245f499|a920fed0e4767f8ec2872dade92312cf|beeca60ef67b1f83ae828ccd33b7bd17|a177916e51db0bdf6241b75c61ab8ad8|2e5160de02dc1312d4457987c72eff4c|068c2d7fce399a2a95bdeea5f6405b63|ef94b23b7452816bbddf32cc734783db|380dde2c6fda4d38f03c682bf2d6950e,benign (233),inferred_from_filename_not_verified_identifier,train,False,train/benign/benign (233).png
bag-9d48af3ad93d,grp-9d48af3ad93d,malignant,21,train/malignant/malignant (205)-rotated1-rotated1.png|train/malignant/malignant (205)-rotated1-rotated2.png|train/malignant/malignant (205)-rotated1-rotated32.png|train/malignant/malignant (205)-rotated1-sharpened.png|train/malignant/malignant (205)-rotated1.png|train/malignant/malignant (205)-rotated2-rotated1.png|train/malignant/malignant (205)-rotated2-rotated2.png|train/malignant/malignant (205)-rotated2-rotated32.png|train/malignant/malignant (205)-rotated2-sharpened.png|train/malignant/malignant (205)-rotated2.png|train/malignant/malignant (205)-rotated32-rotated1.png|train/malignant/malignant (205)-rotated32-rotated2.png|train/malignant/malignant (205)-rotated32-rotated32.png|train/malignant/malignant (205)-rotated32-sharpened.png|train/malignant/malignant (205)-rotated32.png|train/malignant/malignant (205)-sharpened-rotated1.png|train/malignant/malignant (205)-sharpened-rotated2.png|train/malignant/malignant (205)-sharpened-rotated32.png|train/malignant/malignant (205)-sharpened-sharpened.png|train/malignant/malignant (205)-sharpened.png|train/malignant/malignant (205).png,7a2264ebc6e70d05fb9028c4c0abb688|12fdd4ee993f48f52b854aa385b5915d|e8220c06ea9ad4835d929f4976f98f29|9e73b7a2107a1a1d92e99fed5d019df4|068ea2507e244d70d44af8863ea93873|c7900ae9cfea9e99bd5ed1733f52f704|fe10d384751e4d16c27a4714baa2965d|bc5260dad308d335cc3e397e80de5a0a|a1709de70a58e4fc6f7b3d9b36d335c4|35d1db784e251b4a052075d8869e9a00|fbfd5dda75c0be064f929dd7f112936e|c97d5095e0dc7744ee0a678b7b835e97|f297fd2be511fd3bdee0c7bddd6208a9|149ce00320e7993c93ff5584b8e3d016|c96aef068e16cc39233ee87c31d139a8|a31adfa8a6146b3635fdc0f331a1b07d|9417bba1717fe535780c8a37a4d1095c|a4b420cef6c3952a830fca1b0ae02d6b|69c55cfcba40ed6e414b899fbd573202|06d3f53628d1b5db30d474ad0b8e6c77|04eb3b80d5da76fd479ff3dd07744a68,malignant (205),inferred_from_filename_not_verified_identifier,train,False,train/malignant/malignant (205).png
bag-9d9e03788b2d,grp-9d9e03788b2d,benign,16,val/benign/benign (7)-rotated1-rotated1.png|val/benign/benign (7)-rotated1-rotated2.png|val/benign/benign (7)-rotated1-sharpened.png|val/benign/benign (7)-rotated1.jpg|val/benign/benign (7)-rotated1.png|val/benign/benign (7)-rotated2-rotated1.png|val/benign/benign (7)-rotated2-rotated2.png|val/benign/benign (7)-rotated2-sharpened.png|val/benign/benign (7)-rotated2.jpg|val/benign/benign (7)-rotated2.png|val/benign/benign (7)-sharpened-rotated1.png|val/benign/benign (7)-sharpened-rotated2.png|val/benign/benign (7)-sharpened-sharpened.png|val/benign/benign (7)-sharpened.jpg|val/benign/benign (7)-sharpened.png|val/benign/benign (7).png,e29ec7b3cbfda7e99f1c382826da258c|69386f4d49d6058482deabf8e4e1c871|27a38a304fb8dc891991ba33d33f73e2|cb79257b53a7eda950f2893fd8459de6|0b9deabc3ea00345d3790638d4d5cb0d|dd4949753b4b12db757d6f61a5f121fd|a3c293fe4dd15fe9e8e7347769e46338|bd64045c8698ddfc3d0b00dfaba85589|c927d768d9d5edeea78c0a71081d1669|d8bb1ab9532c4777dbe1264f47487a7b|223466fd8d8bc6c8a86770a09e69f5eb|79ffedf14763e616c17f7430f7f5019e|930828af0833d0bae0c293da73d866bf|ec4f1d85c7e0e4556f7348f5fa4d117a|79ffedf14763e616c17f7430f7f5019e|a31642f9c0ccc6239eaac3cbad4a7011,benign (7),inferred_from_filename_not_verified_identifier,val,False,val/benign/benign (7).png
bag-9dd8c9dcce11,grp-9dd8c9dcce11,benign,16,val/benign/benign (26)-rotated1-rotated1.png|val/benign/benign (26)-rotated1-rotated2.png|val/benign/benign (26)-rotated1-sharpened.png|val/benign/benign (26)-rotated1.jpg|val/benign/benign (26)-rotated1.png|val/benign/benign (26)-rotated2-rotated1.png|val/benign/benign (26)-rotated2-rotated2.png|val/benign/benign (26)-rotated2-sharpened.png|val/benign/benign (26)-rotated2.jpg|val/benign/benign (26)-rotated2.png|val/benign/benign (26)-sharpened-rotated1.png|val/benign/benign (26)-sharpened-rotated2.png|val/benign/benign (26)-sharpened-sharpened.png|val/benign/benign (26)-sharpened.jpg|val/benign/benign (26)-sharpened.png|val/benign/benign (26).png,9462bb6241ca77b91edc9b972a2812e1|df9358d4f6604efe851e21da7a259bfb|835d3e26eb6c8cc18afe2d5d3e450c55|9c2b22d9901b307566e46ab9663438e0|88cf77a63af64d0b5d3415a42c1c46b2|8f12492594b861e058d8b7e43e486191|183a4cac6177c58319e36bbcc659f1c2|63ce97e3d6cac83dc56c42e2db46f62d|a2f16686de23f9c9d243100a5acc1e4d|9cbe452e8d17487c1adddf8d8df3c164|b1b1c308e6a4bd3fb7049390b97348fd|d6c558aaae6b48c7cfeffeb914e15f87|21bab7da0d7879cbe09bea9ff1a4fdf4|3311828d9a629fabccaa45583b3701c5|effc0e11d808a41f6252977458f4c73d|21461b395c691999950145ab073916d4,benign (26),inferred_from_filename_not_verified_identifier,val,False,val/benign/benign (26).png
bag-9ddc475a1163,grp-9ddc475a1163,benign,16,val/benign/benign (14)-rotated1-rotated1.png|val/benign/benign (14)-rotated1-rotated2.png|val/benign/benign (14)-rotated1-sharpened.png|val/benign/benign (14)-rotated1.jpg|val/benign/benign (14)-rotated1.png|val/benign/benign (14)-rotated2-rotated1.png|val/benign/benign (14)-rotated2-rotated2.png|val/benign/benign (14)-rotated2-sharpened.png|val/benign/benign (14)-rotated2.jpg|val/benign/benign (14)-rotated2.png|val/benign/benign (14)-sharpened-rotated1.png|val/benign/benign (14)-sharpened-rotated2.png|val/benign/benign (14)-sharpened-sharpened.png|val/benign/benign (14)-sharpened.jpg|val/benign/benign (14)-sharpened.png|val/benign/benign (14).png,bf1667d81b2ecd49cdef94260fcb8375|1888e14fbb6b2656cc02b2eb7847ef8e|e51bede02490a33fd852bf6a712df4da|efc3af0630c666a4481e2e78f966fc0d|7c18b91b7a900ff911767ef59e07f201|f8b8c52f9c59649e89ea3626642354f6|c353f7799600c6c6503f40b5c5b35254|9281758917d7745c3d3465de52731403|6461987df320360c7b3d5d300a8e0553|052d9ed016d7cad2bd738fd144f9cc05|2b666d3fe6733d2eebdd9fd0cd51ba15|2801f58cb00b59113c2bdec6cffc5b4f|6beef0b4644f3d8d99165b52decb921e|244d4acab403d989593bd1702775f135|2b666d3fe6733d2eebdd9fd0cd51ba15|4bfd8253df0e24ecd5f80e81b0c15092,benign (14),inferred_from_filename_not_verified_identifier,val,False,val/benign/benign (14).png
bag-9f0d473b046d,grp-9f0d473b046d,benign,16,train/benign/benign (100)-rotated1-rotated1.png|train/benign/benign (100)-rotated1-rotated2.png|train/benign/benign (100)-rotated1-sharpened.png|train/benign/benign (100)-rotated1.jpg|train/benign/benign (100)-rotated1.png|train/benign/benign (100)-rotated2-rotated1.png|train/benign/benign (100)-rotated2-rotated2.png|train/benign/benign (100)-rotated2-sharpened.png|train/benign/benign (100)-rotated2.jpg|train/benign/benign (100)-rotated2.png|train/benign/benign (100)-sharpened-rotated1.png|train/benign/benign (100)-sharpened-rotated2.png|train/benign/benign (100)-sharpened-sharpened.png|train/benign/benign (100)-sharpened.jpg|train/benign/benign (100)-sharpened.png|train/benign/benign (100).png,bbfa40333f1f78c84e08d181dbd74754|ce780e61a03133bbef69c14c474ed799|d409d1e7ee4142c67cb53a1177a37b7e|5645dfd5784440f97c8d8c6188c773d1|56a1b65b0cfaffce3fd62d162aa364f2|2f38a521efc225d0010c1fee1c4c5284|74609fd599e5070cb27ddcf5482b92a9|d409d1e7ee4142c67cb53a1177a37b7e|b0bde6c8586c9e11363fff798e5c212b|c8ebe1e94accde4ce1cf9ce161711fb2|02d30c2303550cba8400fd48aacf8935|45321ce1843208e9906976e60f038ff9|ed0afc06d970ef07b8e74941f66c6c3e|1bb163b154c65ed56d1b9afb1a8186e0|e6d8b4b922d2a3a645332c86b68891b8|a54cf672cf602156d3696c0c51d310d1,benign (100),inferred_from_filename_not_verified_identifier,train,False,train/benign/benign (100).png
bag-9ff49a18c990,grp-9ff49a18c990,malignant,21,train/malignant/malignant (121)-rotated1-rotated1.png|train/malignant/malignant (121)-rotated1-rotated2.png|train/malignant/malignant (121)-rotated1-rotated32.png|train/malignant/malignant (121)-rotated1-sharpened.png|train/malignant/malignant (121)-rotated1.png|train/malignant/malignant (121)-rotated2-rotated1.png|train/malignant/malignant (121)-rotated2-rotated2.png|train/malignant/malignant (121)-rotated2-rotated32.png|train/malignant/malignant (121)-rotated2-sharpened.png|train/malignant/malignant (121)-rotated2.png|train/malignant/malignant (121)-rotated32-rotated1.png|train/malignant/malignant (121)-rotated32-rotated2.png|train/malignant/malignant (121)-rotated32-rotated32.png|train/malignant/malignant (121)-rotated32-sharpened.png|train/malignant/malignant (121)-rotated32.png|train/malignant/malignant (121)-sharpened-rotated1.png|train/malignant/malignant (121)-sharpened-rotated2.png|train/malignant/malignant (121)-sharpened-rotated32.png|train/malignant/malignant (121)-sharpened-sharpened.png|train/malignant/malignant (121)-sharpened.png|train/malignant/malignant (121).png,2fa125b9562bfbdd9f82118feb974b8c|9245eabbd9950e7a0c360f3e8d0002c6|2fa125b9562bfbdd9f82118feb974b8c|33274809796870b24b3023a1e0088c0b|3c2a675a0cb3f5d847be06d4f67fa280|362a01559748f243789f53fec99db2b2|fcd3959ddf748c1b2d5fd111885d5a6e|e82d0cd7a03244184a15bd19f8863267|a1f5fddab6c004774fc2f8de3478571d|5d1efb05925eff885d97d9fdb2731bf5|e5a1909d1a44dc8888c1830ea3233b62|3965581cadadff43c423ec5a0e8cd826|52a8eab5c42bc54fb9ebecd18aa6bd58|7fd4e45d54c9bf2468105200081e5775|bb36b2543b597759daa4e65a0086ee5a|81ba950fe49ec7f35552b88e86113dd4|d279b2d094af5322266a5b921797831b|d88ba93933cf2b31ed9efb67e612d233|146b74bcb115b307d3643ab0246798e8|a1f5fddab6c004774fc2f8de3478571d|eb4fa295aee3eb5b2017600e0387d234,malignant (121),inferred_from_filename_not_verified_identifier,train,False,train/malignant/malignant (121).png
bag-a08548666f0f,grp-a08548666f0f,malignant,21,train/malignant/malignant (181)-rotated1-rotated1.png|train/malignant/malignant (181)-rotated1-rotated2.png|train/malignant/malignant (181)-rotated1-rotated32.png|train/malignant/malignant (181)-rotated1-sharpened.png|train/malignant/malignant (181)-rotated1.png|train/malignant/malignant (181)-rotated2-rotated1.png|train/malignant/malignant (181)-rotated2-rotated2.png|train/malignant/malignant (181)-rotated2-rotated32.png|train/malignant/malignant (181)-rotated2-sharpened.png|train/malignant/malignant (181)-rotated2.png|train/malignant/malignant (181)-rotated32-rotated1.png|train/malignant/malignant (181)-rotated32-rotated2.png|train/malignant/malignant (181)-rotated32-rotated32.png|train/malignant/malignant (181)-rotated32-sharpened.png|train/malignant/malignant (181)-rotated32.png|train/malignant/malignant (181)-sharpened-rotated1.png|train/malignant/malignant (181)-sharpened-rotated2.png|train/malignant/malignant (181)-sharpened-rotated32.png|train/malignant/malignant (181)-sharpened-sharpened.png|train/malignant/malignant (181)-sharpened.png|train/malignant/malignant (181).png,e79053c933788710519c7e9bfbee8505|ea6bf0e64ccd36d71ccef01fb8208c23|fa9fa4db570711a0c676d9fe59fe2ab1|a4c13b607dad148056a5c798752a72d6|099ac6457a0de6e4ef3c57da7f50075d|bd5533f930cd7b90a5776db369b450fb|6cb5a99c7bc1937283bbc8c49e356573|5857db821388b437edc78303003ac783|25aa847b084fa899a7de505289345a8d|85d7f6d84ac2de70a0e17c66df6452b9|ce6d8fd271950ec3377577a0bed53ab7|d1dd68fbb25829d7281da4056211a8f0|e602ef7f82d169c77b4feec0ce67e474|0b711efeebc1e5af11081487b9e6b0c0|7e8d0bc6b2237b789742ec50ff0a63df|25c84de191bcfe78d6e7562291d79eec|2d1f801d400b3af09ab37c1aa5ab1390|eb9d744fef2b75e5cdf3eee269f4f559|559b58bd706177768567d9acb551beb6|3dae7aa91d184d98a7c1f9ac6c7f402e|fc8f5456a1f52f081a6e9e3aac4dc4de,malignant (181),inferred_from_filename_not_verified_identifier,train,False,train/malignant/malignant (181).png
bag-a1000eab5948,grp-a1000eab5948,malignant,21,train/malignant/malignant (157)-rotated1-rotated1.png|train/malignant/malignant (157)-rotated1-rotated2.png|train/malignant/malignant (157)-rotated1-rotated32.png|train/malignant/malignant (157)-rotated1-sharpened.png|train/malignant/malignant (157)-rotated1.png|train/malignant/malignant (157)-rotated2-rotated1.png|train/malignant/malignant (157)-rotated2-rotated2.png|train/malignant/malignant (157)-rotated2-rotated32.png|train/malignant/malignant (157)-rotated2-sharpened.png|train/malignant/malignant (157)-rotated2.png|train/malignant/malignant (157)-rotated32-rotated1.png|train/malignant/malignant (157)-rotated32-rotated2.png|train/malignant/malignant (157)-rotated32-rotated32.png|train/malignant/malignant (157)-rotated32-sharpened.png|train/malignant/malignant (157)-rotated32.png|train/malignant/malignant (157)-sharpened-rotated1.png|train/malignant/malignant (157)-sharpened-rotated2.png|train/malignant/malignant (157)-sharpened-rotated32.png|train/malignant/malignant (157)-sharpened-sharpened.png|train/malignant/malignant (157)-sharpened.png|train/malignant/malignant (157).png,a2566811951df33ba4173d9977073a02|5985b395d60bc5231e3b91dd90529573|9863b4f60e6988409bf9561ebcde5710|ca1076c094332e59a9b3635694f65276|e32575806d9aa1595bb2642407c402a7|5a4a296fa7052868e1e27867c2bc5323|08e5ada9c3aad99989cffcaf6c78ee3d|23a49e27b4e11d8bad33340c33aa05c2|e8f220243bcb2fda7e743cb2edacb36a|c2c5dd07cbce5b2a1b99d4a4b2434336|04700e486e35abbddf142ee9d228d268|13d221f996af1c9100b42cdc9ef4ba77|b870121d4f4f3606742e65e156bd8366|f59906a1daa8bb563fd9dbf9dceec2ae|d44c5827dcf9be74af718c2250053ac6|a33b9d00d65ecdedf36cfe2611c49ca0|c6d6783ddf5282d721dc96147d172011|153cf7bd49491ede131813a7746cad67|71c6e80673a76cd748be102194e00c6e|346aa10bf7750d1ff0e4693da2153c50|435dcef748f2aafe6dadf8aafbed6ee3,malignant (157),inferred_from_filename_not_verified_identifier,train,False,train/malignant/malignant (157).png
bag-a1845f341498,grp-a1845f341498,malignant,21,train/malignant/malignant (100)-rotated1-rotated1.png|train/malignant/malignant (100)-rotated1-rotated2.png|train/malignant/malignant (100)-rotated1-rotated32.png|train/malignant/malignant (100)-rotated1-sharpened.png|train/malignant/malignant (100)-rotated1.png|train/malignant/malignant (100)-rotated2-rotated1.png|train/malignant/malignant (100)-rotated2-rotated2.png|train/malignant/malignant (100)-rotated2-rotated32.png|train/malignant/malignant (100)-rotated2-sharpened.png|train/malignant/malignant (100)-rotated2.png|train/malignant/malignant (100)-rotated32-rotated1.png|train/malignant/malignant (100)-rotated32-rotated2.png|train/malignant/malignant (100)-rotated32-rotated32.png|train/malignant/malignant (100)-rotated32-sharpened.png|train/malignant/malignant (100)-rotated32.png|train/malignant/malignant (100)-sharpened-rotated1.png|train/malignant/malignant (100)-sharpened-rotated2.png|train/malignant/malignant (100)-sharpened-rotated32.png|train/malignant/malignant (100)-sharpened-sharpened.png|train/malignant/malignant (100)-sharpened.png|train/malignant/malignant (100).png,a1d510ea4e68b19996d5d95f50a0bb39|f69bd3e0a3edfd9505bab3ba0405287f|477cae2f846ec9dd1e751f555f8b35cc|8d5c929f5e310424a9f65780c919d8e2|63ad8939c3ed89301f5784faea9b5daa|ea924bf56fb0e387694ca78c48af930d|4da8f232515b19c5c29895436d2b6d7f|2ed8cd4a30684d39f47c432c55f09dd8|53fcd54d7af4313f4bfa5af5ee103695|335af6f8708c4e6d7c132e4596a2200d|d6bdcaa8e5dec4eef566d08f86db71ef|eff2fd619702447d8ac15c5fc3cb012d|8fa158dc3377c3d0e58d853b9c05bdab|f85f5062492ac52a7c99e141725da6d7|818d253a680c8605d9cbafaca353a714|05528e874acaf7909d09a368957560b8|5648c7ffbeb140557db1b40bf3aad3da|e7361e9850343a52fd2e90d8d9041c48|1858fccc630d70209105c867d3742ba7|bdeb45277141e9610fdc78528418e665|73e0609d7774e48aedbafd2de8b45b49,malignant (100),inferred_from_filename_not_verified_identifier,train,False,train/malignant/malignant (100).png
bag-a1e66830e0c9,grp-a1e66830e0c9,benign,16,train/benign/benign (106)-rotated1-rotated1.png|train/benign/benign (106)-rotated1-rotated2.png|train/benign/benign (106)-rotated1-sharpened.png|train/benign/benign (106)-rotated1.jpg|train/benign/benign (106)-rotated1.png|train/benign/benign (106)-rotated2-rotated1.png|train/benign/benign (106)-rotated2-rotated2.png|train/benign/benign (106)-rotated2-sharpened.png|train/benign/benign (106)-rotated2.jpg|train/benign/benign (106)-rotated2.png|train/benign/benign (106)-sharpened-rotated1.png|train/benign/benign (106)-sharpened-rotated2.png|train/benign/benign (106)-sharpened-sharpened.png|train/benign/benign (106)-sharpened.jpg|train/benign/benign (106)-sharpened.png|train/benign/benign (106).png,3b7a3ae8257b69417a97b6c2af93784d|28197bd31c33eb697edb168970878d9d|86e22fbe569b8f6cbc1888219a2ab163|9925acdef7f77d8f65cdc42d4e9de707|3625eb750528c1cb6a6eaa0674849850|a2f332242cda2033bf9a5d64c0aa789a|81824b33d58e303966d345225814a2c0|8780eaa38fff9dbcb4d660f68f4bb655|ba0bac10828fefea3c4aae6d8cf866b5|734a81d9c9e25bde564c3fc52d8d8bb2|d57b139e63963d8e4436c9137d2d3226|ef23c1b9409ab969def5f773123a2631|12eab144561108e5f0529956459d6ba9|ef5dbc2d9df77286d59f575aa04c53cf|9d60bc24297e65a96330622377057416|43f76be6b963c682bdbcb7f2b09971fd,benign (106),inferred_from_filename_not_verified_identifier,train,False,train/benign/benign (106).png
bag-a1f251175943,grp-a1f251175943,benign,16,train/benign/benign (216)-rotated1-rotated1.png|train/benign/benign (216)-rotated1-rotated2.png|train/benign/benign (216)-rotated1-sharpened.png|train/benign/benign (216)-rotated1.jpg|train/benign/benign (216)-rotated1.png|train/benign/benign (216)-rotated2-rotated1.png|train/benign/benign (216)-rotated2-rotated2.png|train/benign/benign (216)-rotated2-sharpened.png|train/benign/benign (216)-rotated2.jpg|train/benign/benign (216)-rotated2.png|train/benign/benign (216)-sharpened-rotated1.png|train/benign/benign (216)-sharpened-rotated2.png|train/benign/benign (216)-sharpened-sharpened.png|train/benign/benign (216)-sharpened.jpg|train/benign/benign (216)-sharpened.png|train/benign/benign (216).png,557ceef1d9039ef3776209de146a37c4|d4bda071d2596e6c55791b7beb60334f|5d07a00e87525dadba14ca01eb2fe509|83c281cec0340bc567a9758f6ddf1d36|8775b8a472d946aea5e5488d0604edb2|a99f696519455848edabc7400dccf9a8|c4087e6cb7f7b5b9e68a62c23f005ee3|b29086cb18d494ccf7ec12f215f19323|dfc8598dc62aac3e79f0e9d83e134f19|9e9aa7c7a50912820c985d45e87dd5d6|bfeb56a4db6e0cae1336704d12514bf3|063e5a50f5730a74d80398faf483d4c6|b3ae5a48f4f91f3fe8b2c6cbb0e262c1|0496b1b0417ca05884e87da1201b90e1|313e11e32dda556230382bdd6cd95602|902b8bd08c2c5a43012811edfddb84fc,benign (216),inferred_from_filename_not_verified_identifier,train,False,train/benign/benign (216).png
bag-a1f6bc727984,grp-a1f6bc727984,benign,16,train/benign/benign (184)-rotated1-rotated1.png|train/benign/benign (184)-rotated1-rotated2.png|train/benign/benign (184)-rotated1-sharpened.png|train/benign/benign (184)-rotated1.jpg|train/benign/benign (184)-rotated1.png|train/benign/benign (184)-rotated2-rotated1.png|train/benign/benign (184)-rotated2-rotated2.png|train/benign/benign (184)-rotated2-sharpened.png|train/benign/benign (184)-rotated2.jpg|train/benign/benign (184)-rotated2.png|train/benign/benign (184)-sharpened-rotated1.png|train/benign/benign (184)-sharpened-rotated2.png|train/benign/benign (184)-sharpened-sharpened.png|train/benign/benign (184)-sharpened.jpg|train/benign/benign (184)-sharpened.png|train/benign/benign (184).png,a9f5315b33a77f3ef1f17ff94d7fc2d5|c0a78cece26b4322d1c2b2939fb09fa6|6f40cd2a504e10e916c352f2f601aa3f|74b24640407573fc9df7aeb1bb34a98c|88c5053b4abcb8a2169054a26a6001f8|9b805c50f5411d3cada4ec81903b8f56|f26ee587d31b49721b97149eddae85c7|0dbf00d3667d4b8beb2b1ad38d9d4af5|0985e187ed4b6fa845539162b0620f6f|08f355145fa972cc3eff0158db94f775|2e8e62742f839026a2c9f12bf9930bbc|75476f73cedcf7750418814fb01528ac|4334d52373e1e72290e6fd89a325f60e|6f397405fd297cd036ed4e10d0dae07b|ce688f5c71f61dc7333e77c446791b16|3009e7588c9f3a4f308b1adb020b9e7e,benign (184),inferred_from_filename_not_verified_identifier,train,False,train/benign/benign (184).png
bag-a26e477ad3f4,grp-a26e477ad3f4,benign,16,train/benign/benign (41)-rotated1-rotated1.png|train/benign/benign (41)-rotated1-rotated2.png|train/benign/benign (41)-rotated1-sharpened.png|train/benign/benign (41)-rotated1.jpg|train/benign/benign (41)-rotated1.png|train/benign/benign (41)-rotated2-rotated1.png|train/benign/benign (41)-rotated2-rotated2.png|train/benign/benign (41)-rotated2-sharpened.png|train/benign/benign (41)-rotated2.jpg|train/benign/benign (41)-rotated2.png|train/benign/benign (41)-sharpened-rotated1.png|train/benign/benign (41)-sharpened-rotated2.png|train/benign/benign (41)-sharpened-sharpened.png|train/benign/benign (41)-sharpened.jpg|train/benign/benign (41)-sharpened.png|train/benign/benign (41).png,29f5f2073f321bdf6914574b945f0078|1c5a016c1c60969484e076e0b7138e98|f26a5ec6213bf9446ac21b35a0df7e0f|ed07949f9b6ccd56c3eeb9a035fe66ca|537a179ef3657cbb20fdb16d4cc8054f|14fc1b628772615042fd299add480dc4|b543a02941020598ed49450be3ddd837|7382c55766d58fe86d669e05a73258c0|ffeb08508790f66e1f212136bdf7e7a6|be711fb2e54eef158b375ddea73ac7dd|b1ee460d7f67713c5fb6351b8e67b149|03615edd8a161d03749dec52dcc28e8c|27189ccff1f36c08220f84739ec647a7|d2ee55f8d3334b9c2ff41ebb8c983658|8740e71269702a3194501fb0ad2b7f8b|451a7116a7dd8d1e1059935ca35b56a6,benign (41),inferred_from_filename_not_verified_identifier,train,False,train/benign/benign (41).png
bag-a29f41d619ce,grp-a29f41d619ce,benign,16,train/benign/benign (47)-rotated1-rotated1.png|train/benign/benign (47)-rotated1-rotated2.png|train/benign/benign (47)-rotated1-sharpened.png|train/benign/benign (47)-rotated1.jpg|train/benign/benign (47)-rotated1.png|train/benign/benign (47)-rotated2-rotated1.png|train/benign/benign (47)-rotated2-rotated2.png|train/benign/benign (47)-rotated2-sharpened.png|train/benign/benign (47)-rotated2.jpg|train/benign/benign (47)-rotated2.png|train/benign/benign (47)-sharpened-rotated1.png|train/benign/benign (47)-sharpened-rotated2.png|train/benign/benign (47)-sharpened-sharpened.png|train/benign/benign (47)-sharpened.jpg|train/benign/benign (47)-sharpened.png|train/benign/benign (47).png,df39710d11636eac6cd06edbb527a617|9fda9cfdc2719e5216d1678b4b21bd65|64d7ed3ceb98916f922f19b1ec14175d|6af8be188d7d6729b4c8726a2dbc23d8|8e7052537114b0019e718227c2ec1275|8d2769ca9b51dd87dbeba5952a97c1cf|1dc66670403e7d1472f9e7982825a36e|0251704a5c3a9b765f3dcb65288173a0|388813180576bed4ee4d4569407a5e82|b6b7d662e792c533b0c789980d08a0da|76085d14f5732d6a5604a62a4e7a1970|f2e0b43ea092a41a227681fab3c4e529|4ceac150ad857a4c2e708088889eb0d9|2f670a149de7268626db8c9d36d05723|f04d079cb652b5ce9e5264f02a5f30f2|fb0d9ec75c5d1e14e2958361ab3252e8,benign (47),inferred_from_filename_not_verified_identifier,train,False,train/benign/benign (47).png
bag-a2df61f4b2f5,grp-a2df61f4b2f5,benign,16,train/benign/benign (236)-rotated1-rotated1.png|train/benign/benign (236)-rotated1-rotated2.png|train/benign/benign (236)-rotated1-sharpened.png|train/benign/benign (236)-rotated1.jpg|train/benign/benign (236)-rotated1.png|train/benign/benign (236)-rotated2-rotated1.png|train/benign/benign (236)-rotated2-rotated2.png|train/benign/benign (236)-rotated2-sharpened.png|train/benign/benign (236)-rotated2.jpg|train/benign/benign (236)-rotated2.png|train/benign/benign (236)-sharpened-rotated1.png|train/benign/benign (236)-sharpened-rotated2.png|train/benign/benign (236)-sharpened-sharpened.png|train/benign/benign (236)-sharpened.jpg|train/benign/benign (236)-sharpened.png|train/benign/benign (236).png,ed146bfd6ea54765572221e273543269|12f22ca9ad8bf4382e051aa77e05c6f4|6669e75e9df99984f8fe1e0643380dd9|0ab7384a0041ca1eab3e81f16af64dda|ae035054c7bfe4c2f4808f5e6a069eab|bd288db0ed384743cd92b5169cc66f8f|4215686057223be894b356dc8f5fe15f|fa0a69c86a0eb4f2af747d77fe069f07|dcda1b76c705dd00e654718f1f8b4e8e|4a93520a432e993e45b9e7be3902ec2d|3669e183f612ec353ba03147ed20ab58|44c0fa6ca9596134d7c3c4d6eadfe163|37b8fd35634117c093941cb592175fd5|986f71f9c7cbaec4556597b1582cbe6e|dc4046d868faba6f5357c41a3237f33a|598007440d19fd7d48ada7b16d05b4c5,benign (236),inferred_from_filename_not_verified_identifier,train,False,train/benign/benign (236).png
bag-a44e181d47f7,grp-a44e181d47f7,malignant,21,train/malignant/malignant (56)-rotated1-rotated1.png|train/malignant/malignant (56)-rotated1-rotated2.png|train/malignant/malignant (56)-rotated1-rotated32.png|train/malignant/malignant (56)-rotated1-sharpened.png|train/malignant/malignant (56)-rotated1.png|train/malignant/malignant (56)-rotated2-rotated1.png|train/malignant/malignant (56)-rotated2-rotated2.png|train/malignant/malignant (56)-rotated2-rotated32.png|train/malignant/malignant (56)-rotated2-sharpened.png|train/malignant/malignant (56)-rotated2.png|train/malignant/malignant (56)-rotated32-rotated1.png|train/malignant/malignant (56)-rotated32-rotated2.png|train/malignant/malignant (56)-rotated32-rotated32.png|train/malignant/malignant (56)-rotated32-sharpened.png|train/malignant/malignant (56)-rotated32.png|train/malignant/malignant (56)-sharpened-rotated1.png|train/malignant/malignant (56)-sharpened-rotated2.png|train/malignant/malignant (56)-sharpened-rotated32.png|train/malignant/malignant (56)-sharpened-sharpened.png|train/malignant/malignant (56)-sharpened.png|train/malignant/malignant (56).png,5e6b2d3681042c4ebb4f32bd83928882|71945e7c0f5cd33cce2324ebc0d002c9|0cc775304f1fdd219f32c58165d946b8|166d60a10a415cab4b4695928486e10c|2a519e0ac5216bcd6fab60f893d00642|a0f1493c65adaf72cc5316e485723472|e55bc947a136b7c749f9559e0308a4cd|43c96285db2120f106db9a080a84328e|9cfc1b7c4b11bcd523b845ec32eface5|6c8946196bb87732faec5415a2a9f41d|1c957e47479d99cfd9d26eb5dfd40c66|89a787c1049a86adf7467fc7bb6c9a03|f23ef07d136ffd8e1ad4a6492626d22f|cba2eda5bc2db98238b51c8112d36b87|4df44e2c443a4098e356ee88908d2847|501591e1f62e72a9409a2f57961ee62c|655fef9eacd78f568f25ed047131530b|fbd2270f25d759cefecbfdf2b7c3cb9b|0d5c03a867f6bc32cac84bce8afdc7b3|2dc0fc37b2fa1c4584d329bbb8e71a87|a630b12047ce057e973b1e2e04a61a58,malignant (56),inferred_from_filename_not_verified_identifier,train,False,train/malignant/malignant (56).png
bag-a497368b7d3a,grp-a497368b7d3a,benign,16,train/benign/benign (124)-rotated1-rotated1.png|train/benign/benign (124)-rotated1-rotated2.png|train/benign/benign (124)-rotated1-sharpened.png|train/benign/benign (124)-rotated1.jpg|train/benign/benign (124)-rotated1.png|train/benign/benign (124)-rotated2-rotated1.png|train/benign/benign (124)-rotated2-rotated2.png|train/benign/benign (124)-rotated2-sharpened.png|train/benign/benign (124)-rotated2.jpg|train/benign/benign (124)-rotated2.png|train/benign/benign (124)-sharpened-rotated1.png|train/benign/benign (124)-sharpened-rotated2.png|train/benign/benign (124)-sharpened-sharpened.png|train/benign/benign (124)-sharpened.jpg|train/benign/benign (124)-sharpened.png|train/benign/benign (124).png,face68595708de382722a36797b8eee2|65c4f80c9635d1c34fc911a464c093ef|ace3731b9e5486e996839571888a7777|c279bd3fd08518cf3e109d10f5080788|2b85872b761977d116a309c650665542|75fdb694fca6c78aa4f39fa91d3eddbf|054648afc5e17313376144ed405629b6|5582220aa1c5c1c7f86448bb94ca05fd|302b0ea166ec01aba1bdd4a80ab2f658|5e23ae732a2a8d80ee357436bce1ad65|5d3aa2ce912fca74f29b26ba818a60ab|6b0283f37bd46065e0189ca98ffc2e1d|d72c2178a82b194c306247da57c10ac9|d216182fe1e4cf2e8213fa5a55897a0e|ad5a0d59679a1c40f511e9d9aad60789|922f15b2f6db15fbbe8cf6d0eb1ee76c,benign (124),inferred_from_filename_not_verified_identifier,train,False,train/benign/benign (124).png
bag-a4eec61c37c1,grp-a4eec61c37c1,benign,16,train/benign/benign (64)-rotated1-rotated1.png|train/benign/benign (64)-rotated1-rotated2.png|train/benign/benign (64)-rotated1-sharpened.png|train/benign/benign (64)-rotated1.jpg|train/benign/benign (64)-rotated1.png|train/benign/benign (64)-rotated2-rotated1.png|train/benign/benign (64)-rotated2-rotated2.png|train/benign/benign (64)-rotated2-sharpened.png|train/benign/benign (64)-rotated2.jpg|train/benign/benign (64)-rotated2.png|train/benign/benign (64)-sharpened-rotated1.png|train/benign/benign (64)-sharpened-rotated2.png|train/benign/benign (64)-sharpened-sharpened.png|train/benign/benign (64)-sharpened.jpg|train/benign/benign (64)-sharpened.png|train/benign/benign (64).png,02bf0b7aaef09b5d9391ae17c20ca613|5b82400e131208df3ffe7c9c17c5c45d|e45956d270fb033775de42311f524d40|bc41de70937aec14811dd1fd59177ede|1a0b5a4f19f64a1aef4194f371b49194|56b43045003f19f5f47ab0da28b1131e|730abbc6fd4751a8e1f81956ed045ad6|a1354544d82205e99237a52fe7fb34aa|9ad760d7249dd26b8bee759d0dc7a793|10c097360dae1e8a294fdcb3d314a93e|5541cc034965874bfd2132bb49117cc1|e66cf3bcf72df7ec47ad1dc8939f5d02|9d1520a72d139c2d46fe1a2fafe83d50|fdcccfd6a27c9e804a8e4f73421bf36e|a1354544d82205e99237a52fe7fb34aa|84a7fe377be1389cd3aeb0efca6050bd,benign (64),inferred_from_filename_not_verified_identifier,train,False,train/benign/benign (64).png
bag-a70bf4b0f928,grp-a70bf4b0f928,benign,16,train/benign/benign (193)-rotated1-rotated1.png|train/benign/benign (193)-rotated1-rotated2.png|train/benign/benign (193)-rotated1-sharpened.png|train/benign/benign (193)-rotated1.jpg|train/benign/benign (193)-rotated1.png|train/benign/benign (193)-rotated2-rotated1.png|train/benign/benign (193)-rotated2-rotated2.png|train/benign/benign (193)-rotated2-sharpened.png|train/benign/benign (193)-rotated2.jpg|train/benign/benign (193)-rotated2.png|train/benign/benign (193)-sharpened-rotated1.png|train/benign/benign (193)-sharpened-rotated2.png|train/benign/benign (193)-sharpened-sharpened.png|train/benign/benign (193)-sharpened.jpg|train/benign/benign (193)-sharpened.png|train/benign/benign (193).png,c36ed0c4b91d5fe952cd2c18f620762c|4a1875eeb9153c467818e6d217fa3de0|53212d1d40eedc260b643ca3acbc31d0|06b0322fff99cffe2ab022767e12cb77|0acee2e6aa3d6d8a18bcab3e3fa37c30|2bda2adc7e554875ddbbe38aa564a9f6|ba3e602d9c3880526428a6783ad2be6f|175b974221243798ceedc85e13d490f5|0f0ca8f524a4557fe46e058d30a34e0d|2eb2cf351f02fe687dc78160349d0403|30214bd83b0b50bbc7beab0607dcfd62|fc1952aa313dde577183e1badfc80604|9bbb722118f5ec52465ddaab42a6e183|cba36e67349e0942054c6b32f5a77420|53212d1d40eedc260b643ca3acbc31d0|522fa095d459031b9b862004f2593ba7,benign (193),inferred_from_filename_not_verified_identifier,train,False,train/benign/benign (193).png
bag-a75d5707ff45,grp-a75d5707ff45,benign,16,train/benign/benign (120)-rotated1-rotated1.png|train/benign/benign (120)-rotated1-rotated2.png|train/benign/benign (120)-rotated1-sharpened.png|train/benign/benign (120)-rotated1.jpg|train/benign/benign (120)-rotated1.png|train/benign/benign (120)-rotated2-rotated1.png|train/benign/benign (120)-rotated2-rotated2.png|train/benign/benign (120)-rotated2-sharpened.png|train/benign/benign (120)-rotated2.jpg|train/benign/benign (120)-rotated2.png|train/benign/benign (120)-sharpened-rotated1.png|train/benign/benign (120)-sharpened-rotated2.png|train/benign/benign (120)-sharpened-sharpened.png|train/benign/benign (120)-sharpened.jpg|train/benign/benign (120)-sharpened.png|train/benign/benign (120).png,ca832dd64928b16f8ea7d1f2bf2d6648|6e8fcfe510201ed559a1a008501ce6e3|ac627af8daeda86e07342d9b69ac3138|0a40ef6304ad9b24913ef10077d7227c|e437f1f2e283bb54f8a7a4c22cb35897|75ef18bd3ce631e3d2296ad15845ce80|fbd2946d09796e3aef3a22368e538886|55f45b595d771de8e85d19d0d3a6d143|16024f8b39b5b6dc1537bff718887912|d006731d3c3b57c2c07f4c87e9bbd9e1|e9f5cd6e9eb41efa8b9740fcef0f4d89|9fa2c737055e426d6ed0fbae8c1e22a1|e51514326714eec642325cf3da40de73|e9fa485248101ba994c801347cd9246b|940c36fba094a35af75410d5e3e23dbf|94daead3277fa70ac21ef2598f74f101,benign (120),inferred_from_filename_not_verified_identifier,train,False,train/benign/benign (120).png
bag-a7c11cd56825,grp-a7c11cd56825,malignant,21,train/malignant/malignant (155)-rotated1-rotated1.png|train/malignant/malignant (155)-rotated1-rotated2.png|train/malignant/malignant (155)-rotated1-rotated32.png|train/malignant/malignant (155)-rotated1-sharpened.png|train/malignant/malignant (155)-rotated1.png|train/malignant/malignant (155)-rotated2-rotated1.png|train/malignant/malignant (155)-rotated2-rotated2.png|train/malignant/malignant (155)-rotated2-rotated32.png|train/malignant/malignant (155)-rotated2-sharpened.png|train/malignant/malignant (155)-rotated2.png|train/malignant/malignant (155)-rotated32-rotated1.png|train/malignant/malignant (155)-rotated32-rotated2.png|train/malignant/malignant (155)-rotated32-rotated32.png|train/malignant/malignant (155)-rotated32-sharpened.png|train/malignant/malignant (155)-rotated32.png|train/malignant/malignant (155)-sharpened-rotated1.png|train/malignant/malignant (155)-sharpened-rotated2.png|train/malignant/malignant (155)-sharpened-rotated32.png|train/malignant/malignant (155)-sharpened-sharpened.png|train/malignant/malignant (155)-sharpened.png|train/malignant/malignant (155).png,52eb3d388dc920ff990046a013713732|cca284e9fe9dddd280d4faddc4539f95|654c0f63f7e286c546437e242c0025b1|9419e8c1fadb3205dd6ee9fc93b131ab|19291063f777eb2b5108ce4039541e89|f9e8be091ffd2558df59f5bdee0aceb3|1ca85b8866c9e1ef5aeea3b5477a095a|70e71d69c37777429272375ff40ede45|eaf92a80e0b0e636f74079d08cb5fcff|3017fc87c4af3f2034d9e9b14ffc31a1|51b9e6e5400a6a187671e6d43d332aee|92cdb9cf7c8098a63b0e044b44d99c1b|38c987685af1bdaee43c680290c6fa04|2cadbd087a68bc64c33d766c4fd67b61|83e10909299a817e1050a2f7e11786ff|6285f4df793b729a237a30404173b550|b0da12a655477e91a62b5ae427e071de|48a5bd196337f6d55b853aefadd66662|505f0e8e000210d00fc5145c3bf320eb|0967399c54ccb5ebe51fa6150790c4f5|9591f661162a100025f3fb4297a57204,malignant (155),inferred_from_filename_not_verified_identifier,train,False,train/malignant/malignant (155).png
bag-a8c8bca52d05,grp-a8c8bca52d05,malignant,21,train/malignant/malignant (41)-rotated1-rotated1.png|train/malignant/malignant (41)-rotated1-rotated2.png|train/malignant/malignant (41)-rotated1-rotated32.png|train/malignant/malignant (41)-rotated1-sharpened.png|train/malignant/malignant (41)-rotated1.png|train/malignant/malignant (41)-rotated2-rotated1.png|train/malignant/malignant (41)-rotated2-rotated2.png|train/malignant/malignant (41)-rotated2-rotated32.png|train/malignant/malignant (41)-rotated2-sharpened.png|train/malignant/malignant (41)-rotated2.png|train/malignant/malignant (41)-rotated32-rotated1.png|train/malignant/malignant (41)-rotated32-rotated2.png|train/malignant/malignant (41)-rotated32-rotated32.png|train/malignant/malignant (41)-rotated32-sharpened.png|train/malignant/malignant (41)-rotated32.png|train/malignant/malignant (41)-sharpened-rotated1.png|train/malignant/malignant (41)-sharpened-rotated2.png|train/malignant/malignant (41)-sharpened-rotated32.png|train/malignant/malignant (41)-sharpened-sharpened.png|train/malignant/malignant (41)-sharpened.png|train/malignant/malignant (41).png,bec8cf8e5467e89d920eaaadc949ac9b|94ffa30aafafcccff834af5a4b164da3|94ffa30aafafcccff834af5a4b164da3|d02a0ff7966194755a2a8d209eb3b3b4|482642cd394b4d1f11ae1f9072d17868|5e20b43c366364e2f3386692761f4890|5a0c246d3210a25fbc7d256c33bf025d|a3d09295d3380b024c910505ec308d89|474a12d3606f95048ca7803376515523|95670d7f19d02a7630bc7f70dbfccab3|d073b16478c87f24b9527e1790e36e43|8c6d453eae3cd997dca6447d47349ec2|08100c09324e3d87c50004a48f523598|403859a5048fa860d8da0fa5d4d35abf|4b923c2d08bc1d5f43fae954ef6d4fff|a778cf2efad16263a41f340de5c898d1|e7527e9173a94b34cb51d2a128f4f804|5e9a0949114c2935d98570ec8493a52b|3bddd3471250f15b7002d4097b3cc6a5|6faa2502db6de9c787ba1d2537e10ecb|1060e48b321af3016ed3f1dc3a0e623c,malignant (41),inferred_from_filename_not_verified_identifier,train,False,train/malignant/malignant (41).png
bag-a9d2ae91d6d4,grp-a9d2ae91d6d4,benign,16,train/benign/benign (92)-rotated1-rotated1.png|train/benign/benign (92)-rotated1-rotated2.png|train/benign/benign (92)-rotated1-sharpened.png|train/benign/benign (92)-rotated1.jpg|train/benign/benign (92)-rotated1.png|train/benign/benign (92)-rotated2-rotated1.png|train/benign/benign (92)-rotated2-rotated2.png|train/benign/benign (92)-rotated2-sharpened.png|train/benign/benign (92)-rotated2.jpg|train/benign/benign (92)-rotated2.png|train/benign/benign (92)-sharpened-rotated1.png|train/benign/benign (92)-sharpened-rotated2.png|train/benign/benign (92)-sharpened-sharpened.png|train/benign/benign (92)-sharpened.jpg|train/benign/benign (92)-sharpened.png|train/benign/benign (92).png,ae85ff225d7fbcc68a24f6f1c5d051cd|77f148333fc0b67ed632d48b41acc505|dbb69717d1b2aca6de1bd515619dfe9b|d49a7534fbfbfec8cc9cdcb2d8afde20|3964fbb915dcd39eac57b645587c7281|fc8ed0b6afa9c9852f5485f6beacae42|4f1337557520d405f476b68bf5a44897|6da903215b2c8f5217a5d31ab63dd6c9|66a87ea90b7365f0adda64c5c1c2ef0f|f512fc730ad0ed11d18775b15291562b|a93015bc2b4b13eec8f54a9e0442aeb2|ca589e40e7f1524384b83b850173cbee|539bae6e90a49d23207016d0352526fe|21d2a65217ed2d6ea762a620c758083e|225963cadb4dab8f19ef2c253165c42f|1fd7ff70c31452d6ed636d25d18eeba2,benign (92),inferred_from_filename_not_verified_identifier,train,False,train/benign/benign (92).png
bag-aa0a62b755cf,grp-aa0a62b755cf,malignant,21,train/malignant/malignant (26)-rotated1-rotated1.png|train/malignant/malignant (26)-rotated1-rotated2.png|train/malignant/malignant (26)-rotated1-rotated32.png|train/malignant/malignant (26)-rotated1-sharpened.png|train/malignant/malignant (26)-rotated1.png|train/malignant/malignant (26)-rotated2-rotated1.png|train/malignant/malignant (26)-rotated2-rotated2.png|train/malignant/malignant (26)-rotated2-rotated32.png|train/malignant/malignant (26)-rotated2-sharpened.png|train/malignant/malignant (26)-rotated2.png|train/malignant/malignant (26)-rotated32-rotated1.png|train/malignant/malignant (26)-rotated32-rotated2.png|train/malignant/malignant (26)-rotated32-rotated32.png|train/malignant/malignant (26)-rotated32-sharpened.png|train/malignant/malignant (26)-rotated32.png|train/malignant/malignant (26)-sharpened-rotated1.png|train/malignant/malignant (26)-sharpened-rotated2.png|train/malignant/malignant (26)-sharpened-rotated32.png|train/malignant/malignant (26)-sharpened-sharpened.png|train/malignant/malignant (26)-sharpened.png|train/malignant/malignant (26).png,3e50b0eab8b39ca6daaeafc2647d95e7|7668fb8d879e6a806f8115dc3c0e0a9e|a423797b6f5848569408cbeda505b2fc|d2958afbb9e186c8ff3bf2fb1167d735|8aceed341125020291edf837effadd45|76476ebf691d936e0cfc1b7250230420|dc0c7339038e9adb6317c3f3092a5dac|b04a81b3955fb7772cb03ea98e6fefda|2c5609fa7e7314bd4e780214966acef2|56c67f77a473d8504b3cff4b5a660030|730fa0468d80db07e67969263899528b|46582576aa76f71f368c738c3f2a8742|5a89cc0a233f868494f11c7a9bfeda31|36707c4ecc0eeaf38fa956bb5818ccc5|c70975718aff79a9849e2a4ae485dbf9|05ad06287cd317430323948497a7b6bc|fad59624297c752fd753e450c1baba78|90b15b259274fa5a5287c1fcbb9d19c8|5b7f56f77f1b71b71080482bbd89d833|0d753f1113b511833d20d313d58a7b44|4dd6dcd0b53a60f20430596079969e96,malignant (26),inferred_from_filename_not_verified_identifier,train,False,train/malignant/malignant (26).png
bag-aaf760ba3c98,grp-aaf760ba3c98,malignant,21,train/malignant/malignant (95)-rotated1-rotated1.png|train/malignant/malignant (95)-rotated1-rotated2.png|train/malignant/malignant (95)-rotated1-rotated32.png|train/malignant/malignant (95)-rotated1-sharpened.png|train/malignant/malignant (95)-rotated1.png|train/malignant/malignant (95)-rotated2-rotated1.png|train/malignant/malignant (95)-rotated2-rotated2.png|train/malignant/malignant (95)-rotated2-rotated32.png|train/malignant/malignant (95)-rotated2-sharpened.png|train/malignant/malignant (95)-rotated2.png|train/malignant/malignant (95)-rotated32-rotated1.png|train/malignant/malignant (95)-rotated32-rotated2.png|train/malignant/malignant (95)-rotated32-rotated32.png|train/malignant/malignant (95)-rotated32-sharpened.png|train/malignant/malignant (95)-rotated32.png|train/malignant/malignant (95)-sharpened-rotated1.png|train/malignant/malignant (95)-sharpened-rotated2.png|train/malignant/malignant (95)-sharpened-rotated32.png|train/malignant/malignant (95)-sharpened-sharpened.png|train/malignant/malignant (95)-sharpened.png|train/malignant/malignant (95).png,b6d8d135d26a8975eeb4b33ef34892b4|8b2bc321cd2ca34db05225d01ac93647|f65337034a44b3c9a5c80c8afe418e83|dcf4d08a259662da5344c1484b06e0ad|75a7946b0a469c6a05b0a3add7d93dbf|feb0fa91a00156e6903da85dbac70a25|feb0fa91a00156e6903da85dbac70a25|2793eea26d4b495d75c6f54ad8af2483|511d7de52f57aae99c6e9376b195041f|5e149f7da068c202edd97a113a6e2c98|cc90e60ecc066d86a5cdde4a0e0dc8e7|cc90e60ecc066d86a5cdde4a0e0dc8e7|0cced63ee6d8a83c0b7f742d4b56968b|f6a0df66fd2fc2d90e7341d5123f32c7|423106357d2d77b76de20b17c5b01201|d813adc92d2a9a28421a01300e840bab|97c4678e4e04c390ab8303dd0218cfe1|296928aa03c99fc002406b2f6beb80cf|848fe7629256fefcacee81ee0a7eb258|d813adc92d2a9a28421a01300e840bab|9b52ad6c501b576d07cbe95fbdca77a4,malignant (95),inferred_from_filename_not_verified_identifier,train,False,train/malignant/malignant (95).png
bag-ad4066bd6530,grp-ad4066bd6530,malignant,21,train/malignant/malignant (195)-rotated1-rotated1.png|train/malignant/malignant (195)-rotated1-rotated2.png|train/malignant/malignant (195)-rotated1-rotated32.png|train/malignant/malignant (195)-rotated1-sharpened.png|train/malignant/malignant (195)-rotated1.png|train/malignant/malignant (195)-rotated2-rotated1.png|train/malignant/malignant (195)-rotated2-rotated2.png|train/malignant/malignant (195)-rotated2-rotated32.png|train/malignant/malignant (195)-rotated2-sharpened.png|train/malignant/malignant (195)-rotated2.png|train/malignant/malignant (195)-rotated32-rotated1.png|train/malignant/malignant (195)-rotated32-rotated2.png|train/malignant/malignant (195)-rotated32-rotated32.png|train/malignant/malignant (195)-rotated32-sharpened.png|train/malignant/malignant (195)-rotated32.png|train/malignant/malignant (195)-sharpened-rotated1.png|train/malignant/malignant (195)-sharpened-rotated2.png|train/malignant/malignant (195)-sharpened-rotated32.png|train/malignant/malignant (195)-sharpened-sharpened.png|train/malignant/malignant (195)-sharpened.png|train/malignant/malignant (195).png,eebbb47d1b3f52215c7cf26a9afbb242|8c3ce8711abca0e2f3d893aeb710d73a|c17c0ee3fd5621b890f6a658d5383d5c|dfc2ff2ccd40ff1ab60532c51de25e1a|847662fae4130a6aaa7b8c69e02db4df|c22f3b14f4b0859017d08f8496ea7aff|04774746c44c39424500fd2b7337c131|79d15ccd8496ecf17e84b8945185f0bd|d44a9777ec1f01f56d62956c8daa8ccd|4e289efaf60977b055928d20ca7cc54a|942c0e8199bcd502e133d7a05a90a437|279d3b17cce719c28ec55d01aad1a855|a66f8028301e16c6fb5c1479dc618379|29b08940c1e5f32296eef938115ff2c5|2711fb4faeeddded402ba9ccc360efb5|1d8fbe9292e649e7be7b6cdf96fce6c5|5b2e9b99ac1808d824a3dc8d90c4c3b6|e510b777fdc6aacf19eb99b685ee66b5|1115bf37f62f67788b924f3cde4a2118|117fc69ae32dd8884ecc2fdf21606950|6fc90eb1af0ad01128e0073f3bc766f8,malignant (195),inferred_from_filename_not_verified_identifier,train,False,train/malignant/malignant (195).png
bag-ad51bd7096ef,grp-ad51bd7096ef,malignant,21,val/malignant/malignant (2)-rotated1-rotated1.png|val/malignant/malignant (2)-rotated1-rotated2.png|val/malignant/malignant (2)-rotated1-rotated32.png|val/malignant/malignant (2)-rotated1-sharpened.png|val/malignant/malignant (2)-rotated1.png|val/malignant/malignant (2)-rotated2-rotated1.png|val/malignant/malignant (2)-rotated2-rotated2.png|val/malignant/malignant (2)-rotated2-rotated32.png|val/malignant/malignant (2)-rotated2-sharpened.png|val/malignant/malignant (2)-rotated2.png|val/malignant/malignant (2)-rotated32-rotated1.png|val/malignant/malignant (2)-rotated32-rotated2.png|val/malignant/malignant (2)-rotated32-rotated32.png|val/malignant/malignant (2)-rotated32-sharpened.png|val/malignant/malignant (2)-rotated32.png|val/malignant/malignant (2)-sharpened-rotated1.png|val/malignant/malignant (2)-sharpened-rotated2.png|val/malignant/malignant (2)-sharpened-rotated32.png|val/malignant/malignant (2)-sharpened-sharpened.png|val/malignant/malignant (2)-sharpened.png|val/malignant/malignant (2).png,6a000e394ffcbaebab0f16a956f15a1e|6a000e394ffcbaebab0f16a956f15a1e|3f4dd8cee5d7d1cf10fb60ae8f24f4b3|55930f499bbd918aef391814864479bc|6e6eb08ec6e7090bc2abc1084c29208f|e2c71fe01f9afd6be48b6e6404a99322|231f35ae860bd3172476ee6adaf1cd6b|96680d389f5fa3721f98f3ac98ce4646|dee6bc67fb92ca079c00589b0a8fdfc5|fefcc8af91fb466f345ae334a0dc4a7a|25d0301c1fa674c80c4041dd09a753e2|147057d7f53ad2e69f1c6b2a923f10f9|e2b52bcc3615f93779b6bc6520680648|f0dc986a7ac4ed72171eb498d378a0d7|4926bdcd3f10a311084141850642f1d0|9c394179118d494a7fca80f39445128a|cac5ce8adf1df7bcd5b0e11388d8eb73|cac5ce8adf1df7bcd5b0e11388d8eb73|1654438ea02412a24d591cee5c041176|6e60c08e03fb3901ab4a733a78101658|59d4e20c0c14b6578b17ce654d8579cb,malignant (2),inferred_from_filename_not_verified_identifier,val,False,val/malignant/malignant (2).png
bag-aea27df60ce4,grp-aea27df60ce4,malignant,21,train/malignant/malignant (151)-rotated1-rotated1.png|train/malignant/malignant (151)-rotated1-rotated2.png|train/malignant/malignant (151)-rotated1-rotated32.png|train/malignant/malignant (151)-rotated1-sharpened.png|train/malignant/malignant (151)-rotated1.png|train/malignant/malignant (151)-rotated2-rotated1.png|train/malignant/malignant (151)-rotated2-rotated2.png|train/malignant/malignant (151)-rotated2-rotated32.png|train/malignant/malignant (151)-rotated2-sharpened.png|train/malignant/malignant (151)-rotated2.png|train/malignant/malignant (151)-rotated32-rotated1.png|train/malignant/malignant (151)-rotated32-rotated2.png|train/malignant/malignant (151)-rotated32-rotated32.png|train/malignant/malignant (151)-rotated32-sharpened.png|train/malignant/malignant (151)-rotated32.png|train/malignant/malignant (151)-sharpened-rotated1.png|train/malignant/malignant (151)-sharpened-rotated2.png|train/malignant/malignant (151)-sharpened-rotated32.png|train/malignant/malignant (151)-sharpened-sharpened.png|train/malignant/malignant (151)-sharpened.png|train/malignant/malignant (151).png,a6028c083fb7548a18ee68f336ffb26d|f8815c2d5b19decf6fcaefd9c49a077a|61ab3267a5a741fd1a47ec2e4cd3d30f|3ff258accce71bfe2d32c47a35d4b25f|3a2e31c2a190fe01ec4912ee926c8a93|dbfea26c528cd9a0af61228b9f1f11d3|1298e87a96f36fa64ce777420bd1d57f|06c2c372e548bd5562fbfbea2a2376ee|781a605e8876b7434a6556e39fa810ad|4880b60a15ee0e9081e355e69c18f9b5|6e802cfc002cdd00cac141c7029a29fa|83ce5d83fbdbeb6485cace30ba2bfe31|dfd515b33b179d4ae0d67f34c5b53c99|f42fefc6c504c322cecd1fd0ff88367d|5d44691e141aee70ba8b828ba54f0e25|5cbd5de532a989f68d927ca0444f7f30|a4b3abcedb0b54cf256929a7762aaf63|b55d207c46670153fc4ca9676f9d66c5|398936ac7497d8c6fd6318dd2b791435|3dda503a1fa9982a10d3b2c83e6b5b68|c322ee2cfea148a2c7bd5aba3840e177,malignant (151),inferred_from_filename_not_verified_identifier,train,False,train/malignant/malignant (151).png
bag-af653bb5fdc5,grp-af653bb5fdc5,malignant,21,train/malignant/malignant (199)-rotated1-rotated1.png|train/malignant/malignant (199)-rotated1-rotated2.png|train/malignant/malignant (199)-rotated1-rotated32.png|train/malignant/malignant (199)-rotated1-sharpened.png|train/malignant/malignant (199)-rotated1.png|train/malignant/malignant (199)-rotated2-rotated1.png|train/malignant/malignant (199)-rotated2-rotated2.png|train/malignant/malignant (199)-rotated2-rotated32.png|train/malignant/malignant (199)-rotated2-sharpened.png|train/malignant/malignant (199)-rotated2.png|train/malignant/malignant (199)-rotated32-rotated1.png|train/malignant/malignant (199)-rotated32-rotated2.png|train/malignant/malignant (199)-rotated32-rotated32.png|train/malignant/malignant (199)-rotated32-sharpened.png|train/malignant/malignant (199)-rotated32.png|train/malignant/malignant (199)-sharpened-rotated1.png|train/malignant/malignant (199)-sharpened-rotated2.png|train/malignant/malignant (199)-sharpened-rotated32.png|train/malignant/malignant (199)-sharpened-sharpened.png|train/malignant/malignant (199)-sharpened.png|train/malignant/malignant (199).png,ace3fb167689a4563e47fe6f54b2c809|7ffb861bca6929d2930566912be25546|1b7a35ecc64cd278f8e8bc786613b49f|5a11e87c0c645dad325caf0d3b8daf06|c71f9bcf8d284b6e7858d3ee5c7c0efe|27ff2e1b341997daafd9315b4481533f|c8c238809a6d933e4af2120276226cc6|41bd6c26872e3eb985c35a011297e056|39db653c93aa3da9c209521634a9ce3e|81093770f573f09387709d4ec8b4ed2d|84506335806af32ef1722a7450fe531f|f2da29bee6a8118d87c929785f62fdc2|8b8dc32338f8daaf6d8cf096c2f92d94|b6e90f753ef6343f37bd0a09309400d6|4d5e429c8156bb12e3e5ec04df95b008|8f8bd3fd2b5f0dfee8c3969d872c0022|9ccc89a5f3c9f87ea499c7528d77ef1e|274970effb71a07d15394d7aad3420a2|3d19268920ee7d6d1953c4e4fdeab033|5b8f141d4bfa99dfada30013d8122827|657a117d6fb0ff6866e48b3b672e2500,malignant (199),inferred_from_filename_not_verified_identifier,train,False,train/malignant/malignant (199).png
bag-afac2ddfcfdf,grp-afac2ddfcfdf,benign,16,train/benign/benign (40)-rotated1-rotated1.png|train/benign/benign (40)-rotated1-rotated2.png|train/benign/benign (40)-rotated1-sharpened.png|train/benign/benign (40)-rotated1.jpg|train/benign/benign (40)-rotated1.png|train/benign/benign (40)-rotated2-rotated1.png|train/benign/benign (40)-rotated2-rotated2.png|train/benign/benign (40)-rotated2-sharpened.png|train/benign/benign (40)-rotated2.jpg|train/benign/benign (40)-rotated2.png|train/benign/benign (40)-sharpened-rotated1.png|train/benign/benign (40)-sharpened-rotated2.png|train/benign/benign (40)-sharpened-sharpened.png|train/benign/benign (40)-sharpened.jpg|train/benign/benign (40)-sharpened.png|train/benign/benign (40).png,33a4d193e844b12e309500bb4e2a1bdf|e36f185d384ffa9396b67d751d77d89b|40b822801bacdc125ae6cb36294064c3|34a6553441f9e41f6326e4d84e946690|38d4a094a1c82af1bf568da21598ed7a|8f4844e3e575dd66ac703a8841173954|17705dc34c7f1149cc0c057bad0529c8|19341f8400b2ed6b057261dc8681f3eb|abcf97c28b73c5e8a0840c0df045ed82|739592b3b25b90381e4936738f287b24|6bf331960ec1703474faee94e583092e|f53813b1d2f806ad4a4f34c87e41645f|bd3435162c00ed0c7b859bff570e6f01|18149b7f78fae1d1d008a68ea1af506e|52b60caf69a569496f94bcee64c6dee7|af5548763392dd45a5ea8da74c4a9b50,benign (40),inferred_from_filename_not_verified_identifier,train,False,train/benign/benign (40).png
bag-b1af8e6172b0,grp-b1af8e6172b0,benign,16,train/benign/benign (242)-rotated1-rotated1.png|train/benign/benign (242)-rotated1-rotated2.png|train/benign/benign (242)-rotated1-sharpened.png|train/benign/benign (242)-rotated1.jpg|train/benign/benign (242)-rotated1.png|train/benign/benign (242)-rotated2-rotated1.png|train/benign/benign (242)-rotated2-rotated2.png|train/benign/benign (242)-rotated2-sharpened.png|train/benign/benign (242)-rotated2.jpg|train/benign/benign (242)-rotated2.png|train/benign/benign (242)-sharpened-rotated1.png|train/benign/benign (242)-sharpened-rotated2.png|train/benign/benign (242)-sharpened-sharpened.png|train/benign/benign (242)-sharpened.jpg|train/benign/benign (242)-sharpened.png|train/benign/benign (242).png,4297ad7bb3ce09796dae1ee67edcfc12|47702a9da84b35dd523df7f3c866cb77|7aaf1ef8c0df05f2c3073b5a61a3405f|ce6dc8403f3a44c94d0177ab4d2daed3|47702a9da84b35dd523df7f3c866cb77|acf8c506128306b80183a2fb3d6ec615|7a71018f32efe94b4cdb31a6a40de18b|d06d8f8f61e0f091a5bad88ff7ccd704|4c48442ac3bbf87778a36fd842b7a64c|3512bbc73d3ae9992eb7fb42ca0b0ac4|d07ef7de09988f4cc6523820d8cb0adf|bc304afce274307c20912e30901ca20e|4ab11b3ec5e330bbc308aae9e61658a3|2924381bec449cb73fb5afb6b30dc0a3|7aaf1ef8c0df05f2c3073b5a61a3405f|5eb5fd9ac1cd11b870de12d636f59436,benign (242),inferred_from_filename_not_verified_identifier,train,False,train/benign/benign (242).png
bag-b1b922a62e9b,grp-b1b922a62e9b,malignant,21,train/malignant/malignant (55)-rotated1-rotated1.png|train/malignant/malignant (55)-rotated1-rotated2.png|train/malignant/malignant (55)-rotated1-rotated32.png|train/malignant/malignant (55)-rotated1-sharpened.png|train/malignant/malignant (55)-rotated1.png|train/malignant/malignant (55)-rotated2-rotated1.png|train/malignant/malignant (55)-rotated2-rotated2.png|train/malignant/malignant (55)-rotated2-rotated32.png|train/malignant/malignant (55)-rotated2-sharpened.png|train/malignant/malignant (55)-rotated2.png|train/malignant/malignant (55)-rotated32-rotated1.png|train/malignant/malignant (55)-rotated32-rotated2.png|train/malignant/malignant (55)-rotated32-rotated32.png|train/malignant/malignant (55)-rotated32-sharpened.png|train/malignant/malignant (55)-rotated32.png|train/malignant/malignant (55)-sharpened-rotated1.png|train/malignant/malignant (55)-sharpened-rotated2.png|train/malignant/malignant (55)-sharpened-rotated32.png|train/malignant/malignant (55)-sharpened-sharpened.png|train/malignant/malignant (55)-sharpened.png|train/malignant/malignant (55).png,3f56ae1b449330f6d7e82595b83ad81b|7590c51d221d429db9db6c82f6b854b0|58236c7f6e7152ca2e67057425ebf963|dc96f4407a52b209c56651d2ddd9a904|c545f3e638f65818e61e6ce2efec9ec8|4bce492e2da5fe7396d435696b14b8d8|4d63ee55b8f12d81ef5032438b3bf870|07d763068276bf8cf257e79d7f81e989|7c736406c5991f68fae83fab781cbaf8|9f0563e0788b1b1e2c08c90e9e21b4cd|f70770e86baecef37c3c9b3a1d6c990e|5bac885c54ad91ea2832444fc5d8dc5f|8543839de7ca98451c5beec7e5b1a516|370d74b0af5b2e78622584f42cbc33f1|78ae0f4edad80284435950a23d2f9e9f|a40bb36b5c90e7e816781c28b1b5a18a|ccc87ac0d2b4a88c144efdabe10338c0|1e477dd5667b1f2bae20384fb7301973|812c3ef25bc483b95d17c55be9d85b36|96c2b60487e41136bc3d260fcb05816b|eb719b307aa7783a2276b453c9b555ee,malignant (55),inferred_from_filename_not_verified_identifier,train,False,train/malignant/malignant (55).png
bag-b2a151cb046b,grp-b2a151cb046b,malignant,21,train/malignant/malignant (93)-rotated1-rotated1.png|train/malignant/malignant (93)-rotated1-rotated2.png|train/malignant/malignant (93)-rotated1-rotated32.png|train/malignant/malignant (93)-rotated1-sharpened.png|train/malignant/malignant (93)-rotated1.png|train/malignant/malignant (93)-rotated2-rotated1.png|train/malignant/malignant (93)-rotated2-rotated2.png|train/malignant/malignant (93)-rotated2-rotated32.png|train/malignant/malignant (93)-rotated2-sharpened.png|train/malignant/malignant (93)-rotated2.png|train/malignant/malignant (93)-rotated32-rotated1.png|train/malignant/malignant (93)-rotated32-rotated2.png|train/malignant/malignant (93)-rotated32-rotated32.png|train/malignant/malignant (93)-rotated32-sharpened.png|train/malignant/malignant (93)-rotated32.png|train/malignant/malignant (93)-sharpened-rotated1.png|train/malignant/malignant (93)-sharpened-rotated2.png|train/malignant/malignant (93)-sharpened-rotated32.png|train/malignant/malignant (93)-sharpened-sharpened.png|train/malignant/malignant (93)-sharpened.png|train/malignant/malignant (93).png,fb9bccb4bdebb9312ce92c868aa6b4d9|42d89b72e89ccfa01841e645bc75bfe9|a65f4492bed2d591559336ad02eb2be1|3d5947041aca213e0edf68755909ea41|97330984e191b37caa7f16087ea81114|4556d0411740d2a983446ec2f188b8f1|6f6e0729f9dccd9a553c001b685d7dc6|ab69280287a72c1e612d087df1efe001|3ac26c28579954f8daaa88d13e016438|5e61c39cdea62614cdbbf058102ce102|401b0cccab837747807837cd28023e3c|98c926e88581ca3d65d770aa55225924|6fc666345a63297fd47af0e1d053340c|5db203fc4af6962dbcefd306d013c563|3ae902aac760e84e7ac64629c4b368d2|4185faa1d91a1fb8d24ccee1214a565d|0a2744f7768022ea5dc05c8af75230f9|f1a7a963782d5fb584a8249ccd7da8a6|31ddc6e4e88df335a2b41b7d9d737b93|33f8d50289bdbc8f202633d35f11e0e4|f77fcfb60ac077defc8a4af091d95f47,malignant (93),inferred_from_filename_not_verified_identifier,train,False,train/malignant/malignant (93).png
bag-b2c5d2869981,grp-b2c5d2869981,malignant,21,train/malignant/malignant (198)-rotated1-rotated1.png|train/malignant/malignant (198)-rotated1-rotated2.png|train/malignant/malignant (198)-rotated1-rotated32.png|train/malignant/malignant (198)-rotated1-sharpened.png|train/malignant/malignant (198)-rotated1.png|train/malignant/malignant (198)-rotated2-rotated1.png|train/malignant/malignant (198)-rotated2-rotated2.png|train/malignant/malignant (198)-rotated2-rotated32.png|train/malignant/malignant (198)-rotated2-sharpened.png|train/malignant/malignant (198)-rotated2.png|train/malignant/malignant (198)-rotated32-rotated1.png|train/malignant/malignant (198)-rotated32-rotated2.png|train/malignant/malignant (198)-rotated32-rotated32.png|train/malignant/malignant (198)-rotated32-sharpened.png|train/malignant/malignant (198)-rotated32.png|train/malignant/malignant (198)-sharpened-rotated1.png|train/malignant/malignant (198)-sharpened-rotated2.png|train/malignant/malignant (198)-sharpened-rotated32.png|train/malignant/malignant (198)-sharpened-sharpened.png|train/malignant/malignant (198)-sharpened.png|train/malignant/malignant (198).png,b648e0c01ed1d3ee3236cfa2e374cf81|87f1c48907a6f4799e44576643f8d33f|227a4b937a97ffdf0bfe1fb1d9c947e1|d0ac2d0b265f8681420ba7b672fe259d|dc2713b174efa52ff90e8bee0ce83d92|9c20a9fa0daf3a110ec1f9ba33b18191|12dbcf1f32392bf05724f7cfb865d61e|4f59593d22a34b0b0fbc2a0fd6e7ac4f|4b08b4c30dc423ab45c6617b3eb63893|e1ec0d711e2f5b2c3a7d18214ba86b40|9fc9651e3f7d247242c52b3c95c2c489|d1206c8be0fa4e66e9263843ae2a9bc6|2769cdaec25b7b9d1d60095a1040363a|287dd3d6a844b897890eeafec69347ab|685017cf55a253e99b69c1440a85f36e|6e2deff1394999d6497dacb09d52128f|0aa5d2c38429bc5b1da70c5e0f8d31b1|e7aac2e4bac50f754eefc5779f506021|01a73f866eb438ff7e0fb89e2fba6b73|57f57fd49109449e3267ed187f91e403|12810b693920ac61e3e487a2f2917351,malignant (198),inferred_from_filename_not_verified_identifier,train,False,train/malignant/malignant (198).png
bag-b2f60a2d24ed,grp-b2f60a2d24ed,malignant,21,train/malignant/malignant (73)-rotated1-rotated1.png|train/malignant/malignant (73)-rotated1-rotated2.png|train/malignant/malignant (73)-rotated1-rotated32.png|train/malignant/malignant (73)-rotated1-sharpened.png|train/malignant/malignant (73)-rotated1.png|train/malignant/malignant (73)-rotated2-rotated1.png|train/malignant/malignant (73)-rotated2-rotated2.png|train/malignant/malignant (73)-rotated2-rotated32.png|train/malignant/malignant (73)-rotated2-sharpened.png|train/malignant/malignant (73)-rotated2.png|train/malignant/malignant (73)-rotated32-rotated1.png|train/malignant/malignant (73)-rotated32-rotated2.png|train/malignant/malignant (73)-rotated32-rotated32.png|train/malignant/malignant (73)-rotated32-sharpened.png|train/malignant/malignant (73)-rotated32.png|train/malignant/malignant (73)-sharpened-rotated1.png|train/malignant/malignant (73)-sharpened-rotated2.png|train/malignant/malignant (73)-sharpened-rotated32.png|train/malignant/malignant (73)-sharpened-sharpened.png|train/malignant/malignant (73)-sharpened.png|train/malignant/malignant (73).png,8ec81bcb71f7c09fba7f6ea157f0b4ff|3c700cc5dc6e3c85ed268423aa5ed434|91fd94bb0cc08c08a7e1368adbe2e654|5876af8adbbe3e17aed9ba86a3e1771b|5b239e247f24978be87fb47f140e3bb4|07d6258b02c8242f327bedb538a94f0f|8f632e714c640a37cbe9e7458469fdf0|52d4bde36de1d23d25cccbc6c1c07e68|62c59571d6753ac15ebfd18897167f7c|5a2048331743aa97481fb84c2d19bdaa|89e48fb22da79a138272dad6821498f9|207fd147ba2d27564a5f49f6a906d907|12b1f6932e5c3eb1d84686c7910e6145|8851ba0cc1fdeaf838dc0523e125fc5e|3bd287e4e76d99be6e4f3ce8055bc464|f2155c63809c0f0c18dc2047c8c3232e|f3b2b62abc3c3c38569af3ebd792faab|8f2d786950bc8479991e1e65be6a9209|2c946707d013ea422d1fd67c4bb53581|b6113486891a9429be5554cb0dc854fe|c347d8c0ad799deb0fab8c9efc575267,malignant (73),inferred_from_filename_not_verified_identifier,train,False,train/malignant/malignant (73).png
bag-b35db37768a0,grp-b35db37768a0,malignant,21,train/malignant/malignant (110)-rotated1-rotated1.png|train/malignant/malignant (110)-rotated1-rotated2.png|train/malignant/malignant (110)-rotated1-rotated32.png|train/malignant/malignant (110)-rotated1-sharpened.png|train/malignant/malignant (110)-rotated1.png|train/malignant/malignant (110)-rotated2-rotated1.png|train/malignant/malignant (110)-rotated2-rotated2.png|train/malignant/malignant (110)-rotated2-rotated32.png|train/malignant/malignant (110)-rotated2-sharpened.png|train/malignant/malignant (110)-rotated2.png|train/malignant/malignant (110)-rotated32-rotated1.png|train/malignant/malignant (110)-rotated32-rotated2.png|train/malignant/malignant (110)-rotated32-rotated32.png|train/malignant/malignant (110)-rotated32-sharpened.png|train/malignant/malignant (110)-rotated32.png|train/malignant/malignant (110)-sharpened-rotated1.png|train/malignant/malignant (110)-sharpened-rotated2.png|train/malignant/malignant (110)-sharpened-rotated32.png|train/malignant/malignant (110)-sharpened-sharpened.png|train/malignant/malignant (110)-sharpened.png|train/malignant/malignant (110).png,2595470a0350bec42b4c10d242ad8ac2|4c6a057842887da949c56e51affd7848|cdf4c254346539bc4bfa142fcdecc8bb|26a6fc220f8e51d97cf554100a203096|6455a80e2b109fea34ad9efd7b5437a3|79d15da2fdac8c5419a6a0675e51182f|59338e324243bf4235da792e3bf49723|6db2cdc53217dafd393f1341eee6de86|9ea0dc2e0453b7d5e26726c4c317f047|942b7057de4d3fd0dff10649a2ed7414|0cc0fefe860c2ef2c2aa90f32b69c8fc|fd8879ba22c5a1cb8652c43df1f83d39|3ec193be9182f885c13fc8257a8e7f70|bf770a5a96180f5ddffa08140f57e04a|3ec193be9182f885c13fc8257a8e7f70|721294ada6f1c90a45c78e0cc127103a|00ef535ed2ddadc3900acaf641329150|8ec7a651afb9fb99705ca3b47c6e2a46|4b5e448cf9b9acbb091ec33d81e4a4d1|bf770a5a96180f5ddffa08140f57e04a|46f1b2d9d2093f7daef56bdde596eef1,malignant (110),inferred_from_filename_not_verified_identifier,train,False,train/malignant/malignant (110).png
bag-b377c879ce28,grp-b377c879ce28,malignant,21,train/malignant/malignant (25)-rotated1-rotated1.png|train/malignant/malignant (25)-rotated1-rotated2.png|train/malignant/malignant (25)-rotated1-rotated32.png|train/malignant/malignant (25)-rotated1-sharpened.png|train/malignant/malignant (25)-rotated1.png|train/malignant/malignant (25)-rotated2-rotated1.png|train/malignant/malignant (25)-rotated2-rotated2.png|train/malignant/malignant (25)-rotated2-rotated32.png|train/malignant/malignant (25)-rotated2-sharpened.png|train/malignant/malignant (25)-rotated2.png|train/malignant/malignant (25)-rotated32-rotated1.png|train/malignant/malignant (25)-rotated32-rotated2.png|train/malignant/malignant (25)-rotated32-rotated32.png|train/malignant/malignant (25)-rotated32-sharpened.png|train/malignant/malignant (25)-rotated32.png|train/malignant/malignant (25)-sharpened-rotated1.png|train/malignant/malignant (25)-sharpened-rotated2.png|train/malignant/malignant (25)-sharpened-rotated32.png|train/malignant/malignant (25)-sharpened-sharpened.png|train/malignant/malignant (25)-sharpened.png|train/malignant/malignant (25).png,f554a57e6cda5dbae4d3aef6e64e0b41|4045b816fa262f83a5818c7b47cbc8d4|d710c6b6a633e4d605a8cd0463054122|158a3375ce7794543d9cfaa9c1dfccc3|95f58cb18bcf30465384107fecd1a189|e1babd22805bf011b4d38e3adb9bd236|64abdc06b5cc871b1ecfbd15aee93f89|c35cd718fe9a8b3f7c6cb9f7a1e1d089|e36b86a1653770c04f684cd2dc6a5f0f|b6f6395cfce475d3ae20b495940bbe3a|83395f769c6f8fae4220cea937bd749f|17d212a0a8dc1b054fdf735633c03e55|1320bea244acfc8305e93ecfa45919ad|879a8423f85cfcc80cd45627df2bb911|7ccb734d1aa3532e6c9c728ac12bfc70|818074f8890ea829b15ad1fe50a89a0d|c3a90ac587d27bec601d8419af0e0495|f9a2cc9682e3234790a7b4f28438daf4|794f874b3eaa9d191c834ce7fa7738ee|879a8423f85cfcc80cd45627df2bb911|169db505d92a734b0ca5aadb9f4e0fbf,malignant (25),inferred_from_filename_not_verified_identifier,train,False,train/malignant/malignant (25).png
bag-b5037f223886,grp-b5037f223886,benign,16,train/benign/benign (165)-rotated1-rotated1.png|train/benign/benign (165)-rotated1-rotated2.png|train/benign/benign (165)-rotated1-sharpened.png|train/benign/benign (165)-rotated1.jpg|train/benign/benign (165)-rotated1.png|train/benign/benign (165)-rotated2-rotated1.png|train/benign/benign (165)-rotated2-rotated2.png|train/benign/benign (165)-rotated2-sharpened.png|train/benign/benign (165)-rotated2.jpg|train/benign/benign (165)-rotated2.png|train/benign/benign (165)-sharpened-rotated1.png|train/benign/benign (165)-sharpened-rotated2.png|train/benign/benign (165)-sharpened-sharpened.png|train/benign/benign (165)-sharpened.jpg|train/benign/benign (165)-sharpened.png|train/benign/benign (165).png,85b6d7e6d349b25dbb6171f6e6740cc2|86abdd09cf32cc1c1e6296233d181295|a6be6cec7638cf3c77ceb443cd2699c3|810e041cb4e618e0e5adde1bf647d1d5|3977dff4dc5654aa1f86446719b93665|6bb77529b0ef889f912b36de2d9d25f6|015ce824e1f67e63c56bb2eaba4864f9|68b6100c5b361579efa62b4d260f758e|6dff2a1e4d39db07abe0b663d699768b|57f1bd3f38d45b413f41358acbccce1a|76052c0b955fe0c30eaa67413d42a167|af5a73f2848c97b09915e6d0157fb6db|b2a1c50bd4dda3de5a478d22619efdae|c44b42b1b82666bea6107ac99ffb3ee2|75f45a9917b1947716704f2a15c7b37f|33620819366ddff7048109db5c42d331,benign (165),inferred_from_filename_not_verified_identifier,train,False,train/benign/benign (165).png
bag-b5e5e6267742,grp-b5e5e6267742,benign,16,train/benign/benign (239)-rotated1-rotated1.png|train/benign/benign (239)-rotated1-rotated2.png|train/benign/benign (239)-rotated1-sharpened.png|train/benign/benign (239)-rotated1.jpg|train/benign/benign (239)-rotated1.png|train/benign/benign (239)-rotated2-rotated1.png|train/benign/benign (239)-rotated2-rotated2.png|train/benign/benign (239)-rotated2-sharpened.png|train/benign/benign (239)-rotated2.jpg|train/benign/benign (239)-rotated2.png|train/benign/benign (239)-sharpened-rotated1.png|train/benign/benign (239)-sharpened-rotated2.png|train/benign/benign (239)-sharpened-sharpened.png|train/benign/benign (239)-sharpened.jpg|train/benign/benign (239)-sharpened.png|train/benign/benign (239).png,d7bf623d5ddff7b1fffc241e09b5f451|3077660d7f4911fe329c5161e5186c1e|337fdcf1f08370999107c21d870f080a|14717b95ca6b0bf11ed6d888e8d91f28|60e50790740906414e57c2389cf99ea3|358ff43dd525ea626adc30ec76a80ef7|d6e94e35d95cd860ff3d604abc882e05|a5b97780a9d07a33e7b5e04a361c63ae|6a9b8f6c759d9eb675d031133da1171a|b8cf3cbcf585c7cf5b2538f3971b2be5|1d5dbc216659e23ff51a62e2ef501984|30b8131ef241835e5705018248f6598b|6c653acc3ed170734742ddb2f17774d2|e388db7b274be5c7c67f6551cb0dad22|5b7dddd20ca8d9a2fdcd4d66c7dc18ea|bb0347168d76b97686e21d6b1269dacb,benign (239),inferred_from_filename_not_verified_identifier,train,False,train/benign/benign (239).png
bag-b6905bdc2fd4,grp-b6905bdc2fd4,benign,16,train/benign/benign (206)-rotated1-rotated1.png|train/benign/benign (206)-rotated1-rotated2.png|train/benign/benign (206)-rotated1-sharpened.png|train/benign/benign (206)-rotated1.jpg|train/benign/benign (206)-rotated1.png|train/benign/benign (206)-rotated2-rotated1.png|train/benign/benign (206)-rotated2-rotated2.png|train/benign/benign (206)-rotated2-sharpened.png|train/benign/benign (206)-rotated2.jpg|train/benign/benign (206)-rotated2.png|train/benign/benign (206)-sharpened-rotated1.png|train/benign/benign (206)-sharpened-rotated2.png|train/benign/benign (206)-sharpened-sharpened.png|train/benign/benign (206)-sharpened.jpg|train/benign/benign (206)-sharpened.png|train/benign/benign (206).png,ce5a6b13f3f55e5912f4314ecccc10e5|0c6941131da091836968362b265e8fac|84c52c299f96b6fbf34bbebab20355a0|bdfb1526889ab77f98dbe4ceefe729c0|dcf46412a2026a78f361271ee049cff7|74ee28ee942abe93ab53e5b0c5502c69|87f5e5550e73eca7a3ec9d660b664916|35896361a9fdcf9de73b0e65d289d0e4|279268406d15ce4589887b424d5f2258|a466021e875be21bd839f3cb3f975290|7b3283907dbca5a71499c40aef43f6d1|f241177a2dba0a2b6354ac359516f302|2605167591b261924e38853771fb9dd2|25c374702f121cabce999fce96b46996|35896361a9fdcf9de73b0e65d289d0e4|62ea23ceb9dc6a9b743e8da1ba980b45,benign (206),inferred_from_filename_not_verified_identifier,train,False,train/benign/benign (206).png
bag-b6905ea0346f,grp-b6905ea0346f,benign,16,train/benign/benign (38)-rotated1-rotated1.png|train/benign/benign (38)-rotated1-rotated2.png|train/benign/benign (38)-rotated1-sharpened.png|train/benign/benign (38)-rotated1.jpg|train/benign/benign (38)-rotated1.png|train/benign/benign (38)-rotated2-rotated1.png|train/benign/benign (38)-rotated2-rotated2.png|train/benign/benign (38)-rotated2-sharpened.png|train/benign/benign (38)-rotated2.jpg|train/benign/benign (38)-rotated2.png|train/benign/benign (38)-sharpened-rotated1.png|train/benign/benign (38)-sharpened-rotated2.png|train/benign/benign (38)-sharpened-sharpened.png|train/benign/benign (38)-sharpened.jpg|train/benign/benign (38)-sharpened.png|train/benign/benign (38).png,906fa66162d58a40e32615a39e0a19e5|e716648c0b87f5414f5dcb957e0f2e11|f4ed83864e363a16e6b12ded10e501b0|257f30d16e41bf3002cb444318253247|2df88e4ca5010a2beb77ed3e2ad0b0fc|74dae825ef9a2c7cecd88cc06ae7ec02|aa190fad56b7ddbd42e8237a3756cc4b|704f051ffabe06d0ef9a7f1402a84af7|e3fcbbf377bb5d27830b338f8214020e|7ea6d3d7cd82fab3e6a3999e1d21785f|fc4f1ed6725d1a0f3e7aaa2b07681e90|9a04da08d8eb5bc4c9cb5d53c4a55e24|d615cd4506e07357c0e0a22383bea08b|afd599615b8d5c27f72ef766c8bd859d|5da538b244945bdd8712d6f2cbac7d1a|9805e3e889059304cca1ec97e83714f4,benign (38),inferred_from_filename_not_verified_identifier,train,False,train/benign/benign (38).png
bag-b76d14a72ce2,grp-b76d14a72ce2,malignant,21,train/malignant/malignant (40)-rotated1-rotated1.png|train/malignant/malignant (40)-rotated1-rotated2.png|train/malignant/malignant (40)-rotated1-rotated32.png|train/malignant/malignant (40)-rotated1-sharpened.png|train/malignant/malignant (40)-rotated1.png|train/malignant/malignant (40)-rotated2-rotated1.png|train/malignant/malignant (40)-rotated2-rotated2.png|train/malignant/malignant (40)-rotated2-rotated32.png|train/malignant/malignant (40)-rotated2-sharpened.png|train/malignant/malignant (40)-rotated2.png|train/malignant/malignant (40)-rotated32-rotated1.png|train/malignant/malignant (40)-rotated32-rotated2.png|train/malignant/malignant (40)-rotated32-rotated32.png|train/malignant/malignant (40)-rotated32-sharpened.png|train/malignant/malignant (40)-rotated32.png|train/malignant/malignant (40)-sharpened-rotated1.png|train/malignant/malignant (40)-sharpened-rotated2.png|train/malignant/malignant (40)-sharpened-rotated32.png|train/malignant/malignant (40)-sharpened-sharpened.png|train/malignant/malignant (40)-sharpened.png|train/malignant/malignant (40).png,5887495664ba447c936a0570dc8ae2a7|f069a8c5b1766c509b5a1c25e52d3efc|df74854c57d81739149be2c5f2d4806b|9ba3818ff8da7b420e80f08ceb3f88bb|29fdfb667aa125255dc6eec6075fa38e|3d001bdd4e5404edb5e748d519c60a62|9ffc60ad2459f492589c126a12167dd6|ee4e86dae388f25c1272566178f26922|f4f896cede5b367ae1205b70a8c0dd6a|b8ad6304e3c70055f1d59b852a964703|882354bf97ecd167744bf2c0a6cfcc07|3d39f217cce46623ddd5b5b2df5b2404|54af3ab0e3cca011c6dd631860f34cf8|b78dd4449ef197e1bc3baa9a3ccfdc2c|6ba57cb6c56a24cb30b7de4c96b4448f|60f6cc0fdd3113313fde5fd1adcd31ce|92bc577f69c0dd8f26df769afef6e152|8df8875557e77cee4f5f0268ad0b8ebf|cd8104b46b6a6d8e925f39207c84b814|9ba3818ff8da7b420e80f08ceb3f88bb|50259ee3846f1efed3ec586d423357f3,malignant (40),inferred_from_filename_not_verified_identifier,train,False,train/malignant/malignant (40).png
bag-b7b740f7c037,grp-b7b740f7c037,malignant,21,train/malignant/malignant (36)-rotated1-rotated1.png|train/malignant/malignant (36)-rotated1-rotated2.png|train/malignant/malignant (36)-rotated1-rotated32.png|train/malignant/malignant (36)-rotated1-sharpened.png|train/malignant/malignant (36)-rotated1.png|train/malignant/malignant (36)-rotated2-rotated1.png|train/malignant/malignant (36)-rotated2-rotated2.png|train/malignant/malignant (36)-rotated2-rotated32.png|train/malignant/malignant (36)-rotated2-sharpened.png|train/malignant/malignant (36)-rotated2.png|train/malignant/malignant (36)-rotated32-rotated1.png|train/malignant/malignant (36)-rotated32-rotated2.png|train/malignant/malignant (36)-rotated32-rotated32.png|train/malignant/malignant (36)-rotated32-sharpened.png|train/malignant/malignant (36)-rotated32.png|train/malignant/malignant (36)-sharpened-rotated1.png|train/malignant/malignant (36)-sharpened-rotated2.png|train/malignant/malignant (36)-sharpened-rotated32.png|train/malignant/malignant (36)-sharpened-sharpened.png|train/malignant/malignant (36)-sharpened.png|train/malignant/malignant (36).png,f55d5af52f9efe0e397d3d6b13039c60|0423ba52faa023e06e69017c77fc848f|6336ac9a9aec705cafe35ca05d74f53c|a2b5c771c7e32bce2aaa1b67b45ca7dc|dea29411924ab524008aeb97775cc90a|85a623878efec90664c4f021b219fa45|3aaf968cbfe3c36474135457640cfe6c|27a6141d257449bff170d3c46c2490ed|959bc5126a953ddfa4aee5b8e4e3a2d7|11b44464ed2a897c452d6faabc379951|66ffae62d5a2971734be16842c4e97a7|b0dc5bd1428814fc291e4f1f61841029|3a2666094d235fac333c4c937224b6c3|d67c4267b03665cac217cff06aa0d0f7|53facf4b7ba967aa12057a1f0642dc88|8d909cf2f5928bbe6c11b5b800b9c2ae|619ff75b860b7472f8fa86045fb0af17|4bf75da0de6bf34028eb3e80e0bddd87|057371628d7d81ade81a93c139992a24|ece138c9bb89a52e6d52182affc00d4a|9503f0caba6c16c08792b2932254cfb1,malignant (36),inferred_from_filename_not_verified_identifier,train,False,train/malignant/malignant (36).png
bag-b8b55cc7a34e,grp-b8b55cc7a34e,benign,16,train/benign/benign (217)-rotated1-rotated1.png|train/benign/benign (217)-rotated1-rotated2.png|train/benign/benign (217)-rotated1-sharpened.png|train/benign/benign (217)-rotated1.jpg|train/benign/benign (217)-rotated1.png|train/benign/benign (217)-rotated2-rotated1.png|train/benign/benign (217)-rotated2-rotated2.png|train/benign/benign (217)-rotated2-sharpened.png|train/benign/benign (217)-rotated2.jpg|train/benign/benign (217)-rotated2.png|train/benign/benign (217)-sharpened-rotated1.png|train/benign/benign (217)-sharpened-rotated2.png|train/benign/benign (217)-sharpened-sharpened.png|train/benign/benign (217)-sharpened.jpg|train/benign/benign (217)-sharpened.png|train/benign/benign (217).png,c7fb87654c109f6f3b4ab7f179e7ee81|569db95bb0fba8f30c55360ac4cb6e78|ef7f0ba200e07aedc8d7528796a5a5c7|54dee8faf835add374866ca709c53be0|dab3eab5b4f3e78da9575712bcaefbf3|400c1363127f684750099230d7f3f69a|138dde4cf04b1d8802306fe505910c42|86ba4336e95cdd69282eb5630f24363e|54dee8faf835add374866ca709c53be0|05fa9bd93a0033ba7e2e323fcbd0841d|83afb768399cec4d9b4b03a759e7ae4e|ea4facc7d912a95a3be2927d7e34d78f|9e52306101d7284f43bd93e18027acaf|1114aebfbe449901c244eb5fec053345|03ff3d15bc44f369de1b8f2ee03dae69|265f9f9d2dea3308063bd658c96d4272,benign (217),inferred_from_filename_not_verified_identifier,train,False,train/benign/benign (217).png
bag-b91b202b57b4,grp-b91b202b57b4,benign,16,val/benign/benign (29)-rotated1-rotated1.png|val/benign/benign (29)-rotated1-rotated2.png|val/benign/benign (29)-rotated1-sharpened.png|val/benign/benign (29)-rotated1.jpg|val/benign/benign (29)-rotated1.png|val/benign/benign (29)-rotated2-rotated1.png|val/benign/benign (29)-rotated2-rotated2.png|val/benign/benign (29)-rotated2-sharpened.png|val/benign/benign (29)-rotated2.jpg|val/benign/benign (29)-rotated2.png|val/benign/benign (29)-sharpened-rotated1.png|val/benign/benign (29)-sharpened-rotated2.png|val/benign/benign (29)-sharpened-sharpened.png|val/benign/benign (29)-sharpened.jpg|val/benign/benign (29)-sharpened.png|val/benign/benign (29).png,a484cce09ea8ab164540a59f454cce73|3f1fcc277e1ba3c26ac2eb91e8b016ca|ede2d53848c4aaec57f5faefb9c6c701|107ee770a86171add9fd3b1db890c5a7|3f33d003e78329d576d2a5620f6b6320|e0d250c3e3af1f01e791466907def89d|71a3b3c702eff849f72a302061839972|068b67747da50c7ffb76cdb01748c3cd|97c8357d58ab943862f41e7b91b4ea29|bd832756488a285a71721b3422e35ea8|6d05fb0c1f2a0de61d9a1f59ba3f3771|0ce6431b7021c69c2eef9241a30e5e8a|48b635c83ae04d57c51db742143e113d|76e9d279a87185a54c3198e5cf84e992|e2c92d50b929a70f0aa3ba3a27cbd027|69f5258bcbe7e1ee61f1a94f899f2bc4,benign (29),inferred_from_filename_not_verified_identifier,val,False,val/benign/benign (29).png
bag-b9e9982c54b9,grp-b9e9982c54b9,malignant,21,train/malignant/malignant (161)-rotated1-rotated1.png|train/malignant/malignant (161)-rotated1-rotated2.png|train/malignant/malignant (161)-rotated1-rotated32.png|train/malignant/malignant (161)-rotated1-sharpened.png|train/malignant/malignant (161)-rotated1.png|train/malignant/malignant (161)-rotated2-rotated1.png|train/malignant/malignant (161)-rotated2-rotated2.png|train/malignant/malignant (161)-rotated2-rotated32.png|train/malignant/malignant (161)-rotated2-sharpened.png|train/malignant/malignant (161)-rotated2.png|train/malignant/malignant (161)-rotated32-rotated1.png|train/malignant/malignant (161)-rotated32-rotated2.png|train/malignant/malignant (161)-rotated32-rotated32.png|train/malignant/malignant (161)-rotated32-sharpened.png|train/malignant/malignant (161)-rotated32.png|train/malignant/malignant (161)-sharpened-rotated1.png|train/malignant/malignant (161)-sharpened-rotated2.png|train/malignant/malignant (161)-sharpened-rotated32.png|train/malignant/malignant (161)-sharpened-sharpened.png|train/malignant/malignant (161)-sharpened.png|train/malignant/malignant (161).png,fa5d51c4e9b6032c4a69662ede767751|9e4f50bc4c91b6cd061b439a72e277b4|359d67aa950fbdb8996449bf18c00739|19c2b3ad1da8852b75969f87a11310a2|ce38767b7b88710424924a4f3612e1c4|c9875f55d18bfdd4ec25c7b078609843|c81ab36750c67251eb8ee43a0510a32b|eb7ce449513f41206afe662a48d82f58|fa92d5dc42b294279ff419a9b2fb05ea|9c4b313d08bcb3abc43ea8423aff4137|bddf117638d814ab911153ad287a86cd|77b6c43046db008f99a7301f5b3512ec|7ceaf7039100f7b0f43839bec2babbf1|ccd1512163e87918cdf24b7bcf33ae50|bd6ad56ea975b612297a6dcdd164cd3c|4eb73f68032746c45ee46d0bf12e14f8|5e0aa9627044e98f12fd4b0bb97cf9c0|ee80be4915e6f0ed12512505fc2e51e3|486eb51e0df8c2a17f64f2abd797c9ab|19c2b3ad1da8852b75969f87a11310a2|67f861f14b38dd4330bd2e25d8967829,malignant (161),inferred_from_filename_not_verified_identifier,train,False,train/malignant/malignant (161).png
bag-baa082b6333f,grp-baa082b6333f,benign,16,train/benign/benign (130)-rotated1-rotated1.png|train/benign/benign (130)-rotated1-rotated2.png|train/benign/benign (130)-rotated1-sharpened.png|train/benign/benign (130)-rotated1.jpg|train/benign/benign (130)-rotated1.png|train/benign/benign (130)-rotated2-rotated1.png|train/benign/benign (130)-rotated2-rotated2.png|train/benign/benign (130)-rotated2-sharpened.png|train/benign/benign (130)-rotated2.jpg|train/benign/benign (130)-rotated2.png|train/benign/benign (130)-sharpened-rotated1.png|train/benign/benign (130)-sharpened-rotated2.png|train/benign/benign (130)-sharpened-sharpened.png|train/benign/benign (130)-sharpened.jpg|train/benign/benign (130)-sharpened.png|train/benign/benign (130).png,501616d4f50b885deb9a2e730004f62a|2ffbb15751c8d3b2b615c07c3fa4deb7|c66f65956c8a388584f8d9a5a10ec06e|19bb116b9ccdaafe27885a33145365c1|6f3142e016a09c0790e2d727280b3273|a237501cbeca584d3f30bc3f40792c5a|4a58a81da8fd479ab53125b0383e5884|324d3611f81395599c72597008779497|abaa011a319d99b8c62290ea5c27add4|bc0d472841439871936d98da68c1646d|20dc165be8fab2d347bed6f058f49b8f|3dd7ac7b5471efb648de4755b653d5fc|f09476e65e14982986f092a4c320e4fd|65e4626abce730a030245bd2e9647498|ad361742e49d3f51f7e4287a2902093b|39cde9bddcdb3ec72a39411560fb3715,benign (130),inferred_from_filename_not_verified_identifier,train,False,train/benign/benign (130).png
bag-bab2c9a2a700,grp-bab2c9a2a700,benign,16,train/benign/benign (172)-rotated1-rotated1.png|train/benign/benign (172)-rotated1-rotated2.png|train/benign/benign (172)-rotated1-sharpened.png|train/benign/benign (172)-rotated1.jpg|train/benign/benign (172)-rotated1.png|train/benign/benign (172)-rotated2-rotated1.png|train/benign/benign (172)-rotated2-rotated2.png|train/benign/benign (172)-rotated2-sharpened.png|train/benign/benign (172)-rotated2.jpg|train/benign/benign (172)-rotated2.png|train/benign/benign (172)-sharpened-rotated1.png|train/benign/benign (172)-sharpened-rotated2.png|train/benign/benign (172)-sharpened-sharpened.png|train/benign/benign (172)-sharpened.jpg|train/benign/benign (172)-sharpened.png|train/benign/benign (172).png,37084d584cec82d98977f705b7047b5e|d73831b8ead446e7ce2aa3db66233f6f|f422f02c15c36171b783cce79aaaddca|6c7937b3a372da10459dd5441660459a|8ca689d0e9b82213ba15f64fee1a9721|cdbef07ca6cc67a67a58f46fe8f476d0|17fe26377b3470315563eaf533defb76|bf8db91c127b9d3028539ac7f6764c36|87eb6762d05bf2bda5891f312672717a|939e86d81c54aed292a8e4449367b7c4|b2a8cfcc058be1801310b5a7033e1d38|0f09349e9243059a226c8579afc1d6bb|fb5390cf32db2ac84eb21e80bbf41ca5|22f52edea7dc9170b18b2b243c8539b9|3a6a1105974d404ba0f2ef4a633a55fd|bd56b6201ddd3b667cda92807ee27c41,benign (172),inferred_from_filename_not_verified_identifier,train,False,train/benign/benign (172).png
bag-bb42428cb18c,grp-bb42428cb18c,malignant,21,train/malignant/malignant (117)-rotated1-rotated1.png|train/malignant/malignant (117)-rotated1-rotated2.png|train/malignant/malignant (117)-rotated1-rotated32.png|train/malignant/malignant (117)-rotated1-sharpened.png|train/malignant/malignant (117)-rotated1.png|train/malignant/malignant (117)-rotated2-rotated1.png|train/malignant/malignant (117)-rotated2-rotated2.png|train/malignant/malignant (117)-rotated2-rotated32.png|train/malignant/malignant (117)-rotated2-sharpened.png|train/malignant/malignant (117)-rotated2.png|train/malignant/malignant (117)-rotated32-rotated1.png|train/malignant/malignant (117)-rotated32-rotated2.png|train/malignant/malignant (117)-rotated32-rotated32.png|train/malignant/malignant (117)-rotated32-sharpened.png|train/malignant/malignant (117)-rotated32.png|train/malignant/malignant (117)-sharpened-rotated1.png|train/malignant/malignant (117)-sharpened-rotated2.png|train/malignant/malignant (117)-sharpened-rotated32.png|train/malignant/malignant (117)-sharpened-sharpened.png|train/malignant/malignant (117)-sharpened.png|train/malignant/malignant (117).png,46a8ec540e24c768ff7aed90591825d6|daf0681b16975319a482e1c4e8bc77c0|31acbd410a8bd82f5049328e2a04c19c|2b65969d095ebf96c287bc26931519cc|df93cc283538ec834dd690cd23e260b6|48555804ae21611d2f291b68b62c6d05|b874cfb083cdeb45ded66ece6f735279|19b86ff0ced3110f726ec94212ca9320|89e4e5d5a4e60e02271b297cb93d1ebe|0bd31e0273eaf81ef2cd645297f6e4d7|07e3ede1e75f9fb682111caf83138376|cfde99a2ee6b096f09070abf7423ba4f|208f4b28c1e7275632709d98c4ed4b52|7f89e1803a6b3e423e27aab69d974bbf|0ef810b4dbee2d8f6972b3225222c0f8|b39a371984ed3a7cd75b07785f760941|f0cd0d13c1d3b7238fb0f80c6add326f|cec98c3eabb8acf06dadc5b142273d9d|e3d5e4ba3bc832f7077ce04e33c32e04|4a76c4ce66a80f2458f694be7a0a10be|d0d379326e825a8ac58d96556e7a4a79,malignant (117),inferred_from_filename_not_verified_identifier,train,False,train/malignant/malignant (117).png
bag-bbdd79b65eeb,grp-bbdd79b65eeb,malignant,21,train/malignant/malignant (72)-rotated1-rotated1.png|train/malignant/malignant (72)-rotated1-rotated2.png|train/malignant/malignant (72)-rotated1-rotated32.png|train/malignant/malignant (72)-rotated1-sharpened.png|train/malignant/malignant (72)-rotated1.png|train/malignant/malignant (72)-rotated2-rotated1.png|train/malignant/malignant (72)-rotated2-rotated2.png|train/malignant/malignant (72)-rotated2-rotated32.png|train/malignant/malignant (72)-rotated2-sharpened.png|train/malignant/malignant (72)-rotated2.png|train/malignant/malignant (72)-rotated32-rotated1.png|train/malignant/malignant (72)-rotated32-rotated2.png|train/malignant/malignant (72)-rotated32-rotated32.png|train/malignant/malignant (72)-rotated32-sharpened.png|train/malignant/malignant (72)-rotated32.png|train/malignant/malignant (72)-sharpened-rotated1.png|train/malignant/malignant (72)-sharpened-rotated2.png|train/malignant/malignant (72)-sharpened-rotated32.png|train/malignant/malignant (72)-sharpened-sharpened.png|train/malignant/malignant (72)-sharpened.png|train/malignant/malignant (72).png,bd5adc0af682c23f975b5b303f6102af|571930b3e5270b91f9ace4603899e66e|f8faa20a15d4bbb21006affb68cbe54b|a30716647df7b802a11e2c18e217f691|2891db6d595855bddcecf973edd7bf32|ad4357f64676cbc8d87055c61d2d56db|31fc8b2f516038c09048ad32e61dc19a|1c0438e137ac808c8832ab176e809989|b79e993a3a41764d442c2629cff7d35e|6ccc1d85dcc73a5289d2881a5cc08e82|2faf378022f6a3abca996c1a0e8e734c|227966141ea378aeb433df8eb88845ec|cd9c3e91361323f75d1e835b4f19c77e|79e59be227018e27286d805df0c00193|c7328b95e7cd5346b4a069ec842f8cef|2804ac05bee471e5f3e53c45eea9ce3b|2e868c0c5e0d5ec3a52ebb1df8f2bd3b|62c6b2e1e19a2e5b93cb727d9b1b8ae1|84fb77120a296158d8594e4555700aec|3b3d9a2d99e6ad058dbc979409892271|8e1906c8c83be5c5005928559c0dc2d4,malignant (72),inferred_from_filename_not_verified_identifier,train,False,train/malignant/malignant (72).png
bag-bc780df75cde,grp-bc780df75cde,malignant,21,train/malignant/malignant (138)-rotated1-rotated1.png|train/malignant/malignant (138)-rotated1-rotated2.png|train/malignant/malignant (138)-rotated1-rotated32.png|train/malignant/malignant (138)-rotated1-sharpened.png|train/malignant/malignant (138)-rotated1.png|train/malignant/malignant (138)-rotated2-rotated1.png|train/malignant/malignant (138)-rotated2-rotated2.png|train/malignant/malignant (138)-rotated2-rotated32.png|train/malignant/malignant (138)-rotated2-sharpened.png|train/malignant/malignant (138)-rotated2.png|train/malignant/malignant (138)-rotated32-rotated1.png|train/malignant/malignant (138)-rotated32-rotated2.png|train/malignant/malignant (138)-rotated32-rotated32.png|train/malignant/malignant (138)-rotated32-sharpened.png|train/malignant/malignant (138)-rotated32.png|train/malignant/malignant (138)-sharpened-rotated1.png|train/malignant/malignant (138)-sharpened-rotated2.png|train/malignant/malignant (138)-sharpened-rotated32.png|train/malignant/malignant (138)-sharpened-sharpened.png|train/malignant/malignant (138)-sharpened.png|train/malignant/malignant (138).png,7e721c40b8f26fc77169c8531e5f5827|8d878165876a3ca1594b284218410e52|7dfcdf8e11694729c43705f527c25bfc|6f7677cecbcf2d359cbe81c6664afc24|d835e487ef5247d7ef4091994d2daaab|cad017c51cd360a2619e19c639acca4c|cedf295549b833a59c055d36b913febc|366de4e8c8c7e02d72f6d5c6b5d14f26|32bf8ec6123f963480740ef9b50fcca9|290da4e923a534e56530560dd12bb9a6|63bc3f715525458c11860e4feb671a33|27709d794a89c0c96c19e50040923d76|2219ef07ace6f28f1895c636656be9ff|6cccc5b48048dfe72633b1fe4dba2c71|5a56c5295549ae191f1405926563c13e|ac9f1cd6a373156e6933898445154957|b41ebdbf49663fd31a276ccd980fb535|289eb3a18b0c1c1f0c7d7850bb95d3a6|b7d08cdc5598690dba2ba0c9eb7c5a4d|ac9f1cd6a373156e6933898445154957|acf81c80141e7bf5e383ae38fc85fa2c,malignant (138),inferred_from_filename_not_verified_identifier,train,False,train/malignant/malignant (138).png
bag-bcf26a129a72,grp-bcf26a129a72,benign,16,train/benign/benign (69)-rotated1-rotated1.png|train/benign/benign (69)-rotated1-rotated2.png|train/benign/benign (69)-rotated1-sharpened.png|train/benign/benign (69)-rotated1.jpg|train/benign/benign (69)-rotated1.png|train/benign/benign (69)-rotated2-rotated1.png|train/benign/benign (69)-rotated2-rotated2.png|train/benign/benign (69)-rotated2-sharpened.png|train/benign/benign (69)-rotated2.jpg|train/benign/benign (69)-rotated2.png|train/benign/benign (69)-sharpened-rotated1.png|train/benign/benign (69)-sharpened-rotated2.png|train/benign/benign (69)-sharpened-sharpened.png|train/benign/benign (69)-sharpened.jpg|train/benign/benign (69)-sharpened.png|train/benign/benign (69).png,fb8f4569761969c1cce107f65ed77bb6|fb8f4569761969c1cce107f65ed77bb6|e5160b0b8a01848d682898b9928b1cd0|6bb5b5c4db7d28511a38889fd945a61b|24006ea128d84822cc49df0c84a5964d|4bd69ae43b5b7dfeeeb8da1475ac9e11|a95847f766cff9fb22658d4f60115abe|8a1a64c672bbb9251faefbbb3651071e|82e541e6b4c3599d771f9167babe0d04|3cc4b0fc768fc30f797b22cfa00eb43e|d2012d88f67e22c16864bf76457ccf04|62876a566bdae6cfe163419085731c99|994ee5899f704737c05839ed3d5716b5|47b9604aafd55a67f5e244d6a5dcfc0d|dc130f309a4338380ba2823d1daf666a|3f2fcb44674a0da9748ea6cd7eafa2c5,benign (69),inferred_from_filename_not_verified_identifier,train,False,train/benign/benign (69).png
bag-bd22a61126e3,grp-bd22a61126e3,malignant,21,train/malignant/malignant (135)-rotated1-rotated1.png|train/malignant/malignant (135)-rotated1-rotated2.png|train/malignant/malignant (135)-rotated1-rotated32.png|train/malignant/malignant (135)-rotated1-sharpened.png|train/malignant/malignant (135)-rotated1.png|train/malignant/malignant (135)-rotated2-rotated1.png|train/malignant/malignant (135)-rotated2-rotated2.png|train/malignant/malignant (135)-rotated2-rotated32.png|train/malignant/malignant (135)-rotated2-sharpened.png|train/malignant/malignant (135)-rotated2.png|train/malignant/malignant (135)-rotated32-rotated1.png|train/malignant/malignant (135)-rotated32-rotated2.png|train/malignant/malignant (135)-rotated32-rotated32.png|train/malignant/malignant (135)-rotated32-sharpened.png|train/malignant/malignant (135)-rotated32.png|train/malignant/malignant (135)-sharpened-rotated1.png|train/malignant/malignant (135)-sharpened-rotated2.png|train/malignant/malignant (135)-sharpened-rotated32.png|train/malignant/malignant (135)-sharpened-sharpened.png|train/malignant/malignant (135)-sharpened.png|train/malignant/malignant (135).png,27f8c824a6007125158a1bd5bb861240|322ad478c584514be387e311f727e2bc|cc162654dfe194d89006768089afa594|a1625ba01d745d4096f5ef99a095f998|9de9f706f51f56a3fe8c8d1d69f93f83|4fe265558f5fe58f4212ab060df4599c|21287cdd46da0a0373bdf00f744a5433|12175bddd26cc1a1aa7ec224e7059cd3|d9ac8845cd8a71d798bff40ab88e3268|a0a5b6126c99d57a42c4dd16f250dc12|6ff89da31786b39278a2802348d411c4|dbf0c2e1bf47d1d060bfb2f0d31a5393|1d235fc4f4581aa692ec674bf5c668d5|03ab6a0dca86b53dd30a77f4ad39194f|3b4e437d02be91f9a7fbc8bbfaf99d5a|3cc2ce807ebd0176e2d01b528276948c|c1ffce4533c8f6c389c252fdbbf7995c|bb5643de8cd37456c2d1b1db58494af8|9e9ddd13372957f7dac3bfb0ebd272bb|a1625ba01d745d4096f5ef99a095f998|ba868030bfec2774517540eb3b57dfd3,malignant (135),inferred_from_filename_not_verified_identifier,train,False,train/malignant/malignant (135).png
bag-bdb3f4ec7ed1,grp-bdb3f4ec7ed1,benign,16,train/benign/benign (104)-rotated1-rotated1.png|train/benign/benign (104)-rotated1-rotated2.png|train/benign/benign (104)-rotated1-sharpened.png|train/benign/benign (104)-rotated1.jpg|train/benign/benign (104)-rotated1.png|train/benign/benign (104)-rotated2-rotated1.png|train/benign/benign (104)-rotated2-rotated2.png|train/benign/benign (104)-rotated2-sharpened.png|train/benign/benign (104)-rotated2.jpg|train/benign/benign (104)-rotated2.png|train/benign/benign (104)-sharpened-rotated1.png|train/benign/benign (104)-sharpened-rotated2.png|train/benign/benign (104)-sharpened-sharpened.png|train/benign/benign (104)-sharpened.jpg|train/benign/benign (104)-sharpened.png|train/benign/benign (104).png,78eda8345617177dfb6aa7221f58b8dd|ee335e65950e853b2db6751f5564ea18|7e342da21c33d8a3528069eb8f5d9a7f|a6388a4d2adf91c0f515d7d17ccea3e7|eec25387dd8962935f3658f3012bc7a5|a8534e9479d2f6a25708e282826f0752|02f753e8d51eba1dc04961754914eaa2|225683d0a85171db5657e1fc1497df34|802c6761297b784621c23987739af92e|1edf87f887eec9d24fd0df3713a45724|189f7a4783947266d864fe9076c71576|b2682b5b5b7af7c6f04ef023ec44f7c0|ca849466b190531356a88a14d15ca49b|4c0c65e43ee0af05f11eed200b2e7def|97341491c2bd548058966b2305aaf9b4|f6ce173f70eef5a5f5c6ec1420ad0ae1,benign (104),inferred_from_filename_not_verified_identifier,train,False,train/benign/benign (104).png
bag-bdf6e2c9accb,grp-bdf6e2c9accb,malignant,21,train/malignant/malignant (173)-rotated1-rotated1.png|train/malignant/malignant (173)-rotated1-rotated2.png|train/malignant/malignant (173)-rotated1-rotated32.png|train/malignant/malignant (173)-rotated1-sharpened.png|train/malignant/malignant (173)-rotated1.png|train/malignant/malignant (173)-rotated2-rotated1.png|train/malignant/malignant (173)-rotated2-rotated2.png|train/malignant/malignant (173)-rotated2-rotated32.png|train/malignant/malignant (173)-rotated2-sharpened.png|train/malignant/malignant (173)-rotated2.png|train/malignant/malignant (173)-rotated32-rotated1.png|train/malignant/malignant (173)-rotated32-rotated2.png|train/malignant/malignant (173)-rotated32-rotated32.png|train/malignant/malignant (173)-rotated32-sharpened.png|train/malignant/malignant (173)-rotated32.png|train/malignant/malignant (173)-sharpened-rotated1.png|train/malignant/malignant (173)-sharpened-rotated2.png|train/malignant/malignant (173)-sharpened-rotated32.png|train/malignant/malignant (173)-sharpened-sharpened.png|train/malignant/malignant (173)-sharpened.png|train/malignant/malignant (173).png,c5009a43bf62af82df4393b546494438|2af2fb2c5c648f1996f93bff47a33304|66428ff7c5c52d705d5461a84ed22ad0|ae1113538b55f0116e698849cb054bcc|a1e0ea5e884dc60582386b4fc08cf05d|ada35052ebfee69b940ecea599e2aaa1|c90a5c346f101fccc21eb3e02e826ab3|e1b899668b6fd9703a02ccaa218eb1e9|778bbb35230694dbf6a8f7b231def795|f5c8bc7695907cefa0bb4ae8a573468b|8fa44ddf9d59f6980df7ecc203f92cba|0e0bae257f8fb9f4bf814d907e6687a8|63bcae60e9c8c7c833279e14f40628a5|6b90c83bf55cc4cb94c76c7c2bcd20e4|fa3d78d696fb6caa72634354701abdea|7bbe71975e9fee42163134ac8769e689|74cf860cc8a727873f9b2371a1308773|30a99fea157475249d9e8a712d6e2234|2a6222e6d25c407b1b78c8aca75068ac|016cceb16991f693cf490bfaf668d22e|60729be135865df707989376b8606c2c,malignant (173),inferred_from_filename_not_verified_identifier,train,False,train/malignant/malignant (173).png
bag-be9c5c5ad39d,grp-be9c5c5ad39d,malignant,21,train/malignant/malignant (177)-rotated1-rotated1.png|train/malignant/malignant (177)-rotated1-rotated2.png|train/malignant/malignant (177)-rotated1-rotated32.png|train/malignant/malignant (177)-rotated1-sharpened.png|train/malignant/malignant (177)-rotated1.png|train/malignant/malignant (177)-rotated2-rotated1.png|train/malignant/malignant (177)-rotated2-rotated2.png|train/malignant/malignant (177)-rotated2-rotated32.png|train/malignant/malignant (177)-rotated2-sharpened.png|train/malignant/malignant (177)-rotated2.png|train/malignant/malignant (177)-rotated32-rotated1.png|train/malignant/malignant (177)-rotated32-rotated2.png|train/malignant/malignant (177)-rotated32-rotated32.png|train/malignant/malignant (177)-rotated32-sharpened.png|train/malignant/malignant (177)-rotated32.png|train/malignant/malignant (177)-sharpened-rotated1.png|train/malignant/malignant (177)-sharpened-rotated2.png|train/malignant/malignant (177)-sharpened-rotated32.png|train/malignant/malignant (177)-sharpened-sharpened.png|train/malignant/malignant (177)-sharpened.png|train/malignant/malignant (177).png,05d3f5a09c6ab81fa2f240f77e4b114d|4ab6f4b0cae3549a72de274f38f629d8|ee2b59ea34b9d8720b7a58ceb83a8f94|ba080b08b93a48ca2dea31f90ab8b091|b9ae3d1430b907723d304e71729e7366|115acbe867f832fcaeb32f4c636e828d|f509c58b54aba4bca26526bf14fdfbc1|d3defe1cf5b2e67c974f02ef22d9634e|ceb97ea5277a705aac5cd90bac99d120|2c3a0e03a5ae6ebce71196b693b6a6f7|4264ae57f688c640d18387f46eb99a9d|62941a40b6a9097323b72abd289f7311|876349d1d6688bb99f952989f437202b|bf43694817e3fd1e0ce6a0c0526accc5|caf68ac95168bc41994f83a37fa00abf|4cac6792f0c7b7e90192e991cbfb30d5|e209e459d926497ee567228e69cf031a|30643fc89b281a15e0f0614ddc0a2a14|043e8970c4681141263e7719c147af0c|ec9513f01fd4d405ad542cbf71ff9ed3|6058c77aeecdeb16987c514232cb1d60,malignant (177),inferred_from_filename_not_verified_identifier,train,False,train/malignant/malignant (177).png
bag-beb07c2f5baf,grp-beb07c2f5baf,malignant,21,train/malignant/malignant (38)-rotated1-rotated1.png|train/malignant/malignant (38)-rotated1-rotated2.png|train/malignant/malignant (38)-rotated1-rotated32.png|train/malignant/malignant (38)-rotated1-sharpened.png|train/malignant/malignant (38)-rotated1.png|train/malignant/malignant (38)-rotated2-rotated1.png|train/malignant/malignant (38)-rotated2-rotated2.png|train/malignant/malignant (38)-rotated2-rotated32.png|train/malignant/malignant (38)-rotated2-sharpened.png|train/malignant/malignant (38)-rotated2.png|train/malignant/malignant (38)-rotated32-rotated1.png|train/malignant/malignant (38)-rotated32-rotated2.png|train/malignant/malignant (38)-rotated32-rotated32.png|train/malignant/malignant (38)-rotated32-sharpened.png|train/malignant/malignant (38)-rotated32.png|train/malignant/malignant (38)-sharpened-rotated1.png|train/malignant/malignant (38)-sharpened-rotated2.png|train/malignant/malignant (38)-sharpened-rotated32.png|train/malignant/malignant (38)-sharpened-sharpened.png|train/malignant/malignant (38)-sharpened.png|train/malignant/malignant (38).png,89ce104c62aa4054d7aba5dbddb831a5|8652880710a6e2b08cb862d607a44568|95f1990472207f57e5056985a1fb4a16|c6550044c15ebf2f821e39a19ef9cb9c|926f0062779709514f5c54e5e8cefc92|068310a8fa515daba6b28c5c1ed24769|1068fb5cc06a07dc134776de2cf0d2fb|57a9932377a8ab07159a38391281acb5|4e614074d356250b8d06ace1a49fb403|c7b1fbbde1c2e132b5193092829355d1|0ae5bc8788c690420dcfdf53593b049c|3281f058328b3c361e104728fe17f4a0|c85919c826d09f8d47df3c43cc2b0bfa|6ae4fd6bcc7aaacff2e10d35415cf5f5|834429a305d61071760bc7562b9db689|c8c1f5c384db7481993d53739ccc0834|891c8e7f3b77992b677189f0c4b61268|b07bc3e88cce3d48991f707a7a487279|2f1b659bb1290ec2597324c89cf75c9d|cc3ac153a7a47b15d3bdeb55d8ab5ad7|ba0a89001c2928f298f256807f078bde,malignant (38),inferred_from_filename_not_verified_identifier,train,False,train/malignant/malignant (38).png
bag-bfd9968e7de9,grp-bfd9968e7de9,malignant,21,train/malignant/malignant (194)-rotated1-rotated1.png|train/malignant/malignant (194)-rotated1-rotated2.png|train/malignant/malignant (194)-rotated1-rotated32.png|train/malignant/malignant (194)-rotated1-sharpened.png|train/malignant/malignant (194)-rotated1.png|train/malignant/malignant (194)-rotated2-rotated1.png|train/malignant/malignant (194)-rotated2-rotated2.png|train/malignant/malignant (194)-rotated2-rotated32.png|train/malignant/malignant (194)-rotated2-sharpened.png|train/malignant/malignant (194)-rotated2.png|train/malignant/malignant (194)-rotated32-rotated1.png|train/malignant/malignant (194)-rotated32-rotated2.png|train/malignant/malignant (194)-rotated32-rotated32.png|train/malignant/malignant (194)-rotated32-sharpened.png|train/malignant/malignant (194)-rotated32.png|train/malignant/malignant (194)-sharpened-rotated1.png|train/malignant/malignant (194)-sharpened-rotated2.png|train/malignant/malignant (194)-sharpened-rotated32.png|train/malignant/malignant (194)-sharpened-sharpened.png|train/malignant/malignant (194)-sharpened.png|train/malignant/malignant (194).png,92773ae87121c53de24e20929db02965|74d52f0da1db1e3360d6f38f20d11577|9866cea437bf16df944e6202ba27c11f|05eed3d7c305ded351f2d8992bf40f62|94d12976e8e9a86cfb49d34e3b9746c1|32cbbfb50b457900520ea7eec4ce766f|3b96a910c98baf08424036b835936162|290b041fbc35a2f7cee03b4a82cde228|79e62bebdb0b23882cabd5dc0916003d|b6768c0d9c46f2bed8ef2cdbe21a87cf|e8a863d32247ea34695b08c5c380a81e|315566881d893aa6484adb26313b2196|6902a9270579ae43e0de2a029046a27d|ada82514b58298e80855a3e9b6870947|7b61d5488245a09b3293b9ab6a1ff1af|41ceedfd6cf745de40d1cecff8efbc61|cde24ecfab67b7a30498fb134314b0ad|242ef7952d85ec412179c2b38d6fd8da|4d8403d4eea39ec74d2c30aa0fc149f4|c787e2da4b04faafe97290de3646de13|a77660ee3a3259070041db232ef0de79,malignant (194),inferred_from_filename_not_verified_identifier,train,False,train/malignant/malignant (194).png
bag-bfe0718c8b79,grp-bfe0718c8b79,benign,16,train/benign/benign (161)-rotated1-rotated1.png|train/benign/benign (161)-rotated1-rotated2.png|train/benign/benign (161)-rotated1-sharpened.png|train/benign/benign (161)-rotated1.jpg|train/benign/benign (161)-rotated1.png|train/benign/benign (161)-rotated2-rotated1.png|train/benign/benign (161)-rotated2-rotated2.png|train/benign/benign (161)-rotated2-sharpened.png|train/benign/benign (161)-rotated2.jpg|train/benign/benign (161)-rotated2.png|train/benign/benign (161)-sharpened-rotated1.png|train/benign/benign (161)-sharpened-rotated2.png|train/benign/benign (161)-sharpened-sharpened.png|train/benign/benign (161)-sharpened.jpg|train/benign/benign (161)-sharpened.png|train/benign/benign (161).png,389e1bd319f99bdeb2a68ff44ce1514f|ed5b77ef023bc906cfbea94213af5a59|d5a49b573b0f4d046d7609207ca22798|251c366018005678ec501381a06ab65e|577ac2476c1dc86be51079717ac06e2a|62a831f5f8539c83b3194dd40171cbd0|94f8c71fd2d328c3bd6dae7b39c92dda|c75f8ec903a97b32e8f4f112333c07b3|0c2fae18536f82a31d58129d2c3838c8|57d904dbd494d12249d024b57f8985f1|e87121b48e06a704ea5ec67724bb7e9d|267aa7f0ae596a06963bf8d663872a0e|40c98abcbdf8cb8ce5c3354cf8c2aa33|7d29c6ce6dc1de7332abc6a2be29457c|c5ee04b268ea1b582efc149344ab7e68|e6d2866679162694c7c52bc412b1dc9f,benign (161),inferred_from_filename_not_verified_identifier,train,False,train/benign/benign (161).png
bag-bffd99737f42,grp-bffd99737f42,malignant,21,train/malignant/malignant (124)-rotated1-rotated1.png|train/malignant/malignant (124)-rotated1-rotated2.png|train/malignant/malignant (124)-rotated1-rotated32.png|train/malignant/malignant (124)-rotated1-sharpened.png|train/malignant/malignant (124)-rotated1.png|train/malignant/malignant (124)-rotated2-rotated1.png|train/malignant/malignant (124)-rotated2-rotated2.png|train/malignant/malignant (124)-rotated2-rotated32.png|train/malignant/malignant (124)-rotated2-sharpened.png|train/malignant/malignant (124)-rotated2.png|train/malignant/malignant (124)-rotated32-rotated1.png|train/malignant/malignant (124)-rotated32-rotated2.png|train/malignant/malignant (124)-rotated32-rotated32.png|train/malignant/malignant (124)-rotated32-sharpened.png|train/malignant/malignant (124)-rotated32.png|train/malignant/malignant (124)-sharpened-rotated1.png|train/malignant/malignant (124)-sharpened-rotated2.png|train/malignant/malignant (124)-sharpened-rotated32.png|train/malignant/malignant (124)-sharpened-sharpened.png|train/malignant/malignant (124)-sharpened.png|train/malignant/malignant (124).png,4674c64643aefe3565d128e3f4a1c374|3dd5a3170a4106c13328b56e6271db99|1fb95c52e583f71179657f9964eaf279|f203c7817fe688db822f256726778ac7|1c5dd96c6bd21b8f122725587d4b126c|d16f4c9ee33de1cb325eded5fe717967|bbcf28db32e4d314e6505d594841546f|be107e44ef5da223a6d871d643d4cc35|01561da53de25e6c254cdcbfba25b304|d451d3459f2a8b04dab5de426de9604b|93300a643602d113dc32dc711abfd4a8|0a5540f4515d11edfb341b94674a965f|db6ad310d59f3b31d7dd7b8026577cbd|bf7b8c139fb536c98f683fb03d147e4c|cfc03a6849167222eeb6f7acc710b80f|e49c5191fecdfe1754922c06764708cf|481289fe065e1212382af93fddf72c4f|974a545d018cdf8b9d3817bde5508dfd|286d5138385964a163583be34a90c980|7ef871ef6c5d91bb998f76f7a2c204c1|f6be10f47aec0aad1ff5576eef46c28b,malignant (124),inferred_from_filename_not_verified_identifier,train,False,train/malignant/malignant (124).png
bag-c0b2cf671b95,grp-c0b2cf671b95,malignant,21,train/malignant/malignant (149)-rotated1-rotated1.png|train/malignant/malignant (149)-rotated1-rotated2.png|train/malignant/malignant (149)-rotated1-rotated32.png|train/malignant/malignant (149)-rotated1-sharpened.png|train/malignant/malignant (149)-rotated1.png|train/malignant/malignant (149)-rotated2-rotated1.png|train/malignant/malignant (149)-rotated2-rotated2.png|train/malignant/malignant (149)-rotated2-rotated32.png|train/malignant/malignant (149)-rotated2-sharpened.png|train/malignant/malignant (149)-rotated2.png|train/malignant/malignant (149)-rotated32-rotated1.png|train/malignant/malignant (149)-rotated32-rotated2.png|train/malignant/malignant (149)-rotated32-rotated32.png|train/malignant/malignant (149)-rotated32-sharpened.png|train/malignant/malignant (149)-rotated32.png|train/malignant/malignant (149)-sharpened-rotated1.png|train/malignant/malignant (149)-sharpened-rotated2.png|train/malignant/malignant (149)-sharpened-rotated32.png|train/malignant/malignant (149)-sharpened-sharpened.png|train/malignant/malignant (149)-sharpened.png|train/malignant/malignant (149).png,0b6bb60735fb7c959c73abd41514b519|c4541bccb0446deae24c0a7966c87efa|74bcd9601bf25280ca0c410b4e137ffa|7bae6713deb170951e97ff771bacd72c|fd6913a2635cadbd071bc618204e489c|ad26510b72f72d2173652263028acb30|c59fe3b37ca9d343a91ad42218abb2e9|89aacb7f287097145fe5269401e9df10|ba469dc1104d04f4b99fd830dbe90019|f4601491095dee73c2fe2361d426af5c|2007036a40a5f26f912d22d402e919ef|4c6cf99b35c3990e81592b76a387028c|f2e769f173c80977eefc4e596d6bee04|1e749b8e825848959417f16f67189e1d|eea55218bee465f2860eb8c72f7e5b8c|1a5c418abe198bac199142ad5a1770a1|6aa7af13d1b6d0ebdbd0d3edec25f3ba|8c7018ff0711bebe6c7abf05fac38140|96524c829bef5509b349169fa1e60c13|78d733ce4cc9f4e0f0ee29463ba08f28|3f72c8c8c1e6a83d8c960bb0ba3fb20a,malignant (149),inferred_from_filename_not_verified_identifier,train,False,train/malignant/malignant (149).png
bag-c0e6116ec2c9,grp-c0e6116ec2c9,benign,16,train/benign/benign (146)-rotated1-rotated1.png|train/benign/benign (146)-rotated1-rotated2.png|train/benign/benign (146)-rotated1-sharpened.png|train/benign/benign (146)-rotated1.jpg|train/benign/benign (146)-rotated1.png|train/benign/benign (146)-rotated2-rotated1.png|train/benign/benign (146)-rotated2-rotated2.png|train/benign/benign (146)-rotated2-sharpened.png|train/benign/benign (146)-rotated2.jpg|train/benign/benign (146)-rotated2.png|train/benign/benign (146)-sharpened-rotated1.png|train/benign/benign (146)-sharpened-rotated2.png|train/benign/benign (146)-sharpened-sharpened.png|train/benign/benign (146)-sharpened.jpg|train/benign/benign (146)-sharpened.png|train/benign/benign (146).png,c0f89f9e429ff119126de504e082e9ba|f0521b9fdfa835024133b6c2a05f732d|8de5e9e2932e2593c63613f02baadcd1|eea2d8a94b435ff1dbf54afbfbecde74|a2f35d5713102c438156b3798af15976|65c778673d7dbe92c321b0c307a52641|ad5b26856e61457b58a4e335ae40c048|2ac982620593da34202d23a23f0f3512|ce98534e0cc4550bc810004ece8f2bea|e96abf2a0c35f1738a6df256cc9f8541|1d784534998283f3d5e72f0d2d0e3952|e7fcf5d2438812389f5e7ca5955aeb3d|0df5a98a5f753af2c5fe18c59c24c2f0|097b1b2a795be832a6a99ae6fffabbae|8de5e9e2932e2593c63613f02baadcd1|c7b8c5a39ac4a248d3ac38c684a0f02e,benign (146),inferred_from_filename_not_verified_identifier,train,False,train/benign/benign (146).png
bag-c0f39801cd2f,grp-c0f39801cd2f,benign,16,train/benign/benign (271)-rotated1-rotated1.png|train/benign/benign (271)-rotated1-rotated2.png|train/benign/benign (271)-rotated1-sharpened.png|train/benign/benign (271)-rotated1.jpg|train/benign/benign (271)-rotated1.png|train/benign/benign (271)-rotated2-rotated1.png|train/benign/benign (271)-rotated2-rotated2.png|train/benign/benign (271)-rotated2-sharpened.png|train/benign/benign (271)-rotated2.jpg|train/benign/benign (271)-rotated2.png|train/benign/benign (271)-sharpened-rotated1.png|train/benign/benign (271)-sharpened-rotated2.png|train/benign/benign (271)-sharpened-sharpened.png|train/benign/benign (271)-sharpened.jpg|train/benign/benign (271)-sharpened.png|train/benign/benign (271).png,663841cf5b6d980af86eda5ba7736e6e|a26d5957c0fa3e5f510b43fa807b89be|352a75e24f2fe23a0c1ab81eb4af4ca7|bb6eeea3c018b6fe7b93c4215d4542d9|7c20c45110ad060229b8ac495b84341a|a55199b01dd3f7a5ebf44c05367e9466|bd3fffd24b8470cbb2aa45d11fb930d5|f6bafc66ea853320cc3c23cf80d23294|4c8895a205c5a9f3f6563a0d4674f702|cfd92d2af35db354cd32f7d34be6d738|8f6adc05b82774a0a1c59b52195fc6d4|bfd9abb69dde2e17db57ca205e4eba2d|eef680e2b529e481ae7fe7bcb6bc8450|1e4bb34bae382b670612092a713b97f9|f6bafc66ea853320cc3c23cf80d23294|7cc4ea7dce8a8d7d2a2241799035208e,benign (271),inferred_from_filename_not_verified_identifier,train,False,train/benign/benign (271).png
bag-c17a1cf4614c,grp-c17a1cf4614c,benign,16,train/benign/benign (241)-rotated1-rotated1.png|train/benign/benign (241)-rotated1-rotated2.png|train/benign/benign (241)-rotated1-sharpened.png|train/benign/benign (241)-rotated1.jpg|train/benign/benign (241)-rotated1.png|train/benign/benign (241)-rotated2-rotated1.png|train/benign/benign (241)-rotated2-rotated2.png|train/benign/benign (241)-rotated2-sharpened.png|train/benign/benign (241)-rotated2.jpg|train/benign/benign (241)-rotated2.png|train/benign/benign (241)-sharpened-rotated1.png|train/benign/benign (241)-sharpened-rotated2.png|train/benign/benign (241)-sharpened-sharpened.png|train/benign/benign (241)-sharpened.jpg|train/benign/benign (241)-sharpened.png|train/benign/benign (241).png,00a3c3fde41a9b7774c6ab083ee3284e|d3b44a157cc102e690e2477b11a0c588|151994eeeaedf2469027b38366d5e7d0|5976956e32cbdcdd342b5cacffaae65d|f9eccf0f06e1e4e624d4a928f45f095f|cdbcc1f2d0ed02f43679c5e328d29bc3|a3f4e0ac833c444710a48e3464b9d412|338550c60e33fa770c7dede6a6185f1d|221efa6e2421a9751ddd0c7f70e387f9|e2ca1d08479e3d461fcc5c4b4e1bdd82|fb5830b46f2cfc05dc9362ab0d0f2ce5|e97c3958794d9c3685a9554c5a34ab78|b8c910b9c3f8630151d6745b7ad01033|956c530d6820603829f214a66aede45a|2e112287bf137f377c7887a5e7def5b3|18da74d8318ca028465967fabfff3cf6,benign (241),inferred_from_filename_not_verified_identifier,train,False,train/benign/benign (241).png
bag-c19be2f39636,grp-c19be2f39636,benign,16,val/benign/benign (19)-rotated1-rotated1.png|val/benign/benign (19)-rotated1-rotated2.png|val/benign/benign (19)-rotated1-sharpened.png|val/benign/benign (19)-rotated1.jpg|val/benign/benign (19)-rotated1.png|val/benign/benign (19)-rotated2-rotated1.png|val/benign/benign (19)-rotated2-rotated2.png|val/benign/benign (19)-rotated2-sharpened.png|val/benign/benign (19)-rotated2.jpg|val/benign/benign (19)-rotated2.png|val/benign/benign (19)-sharpened-rotated1.png|val/benign/benign (19)-sharpened-rotated2.png|val/benign/benign (19)-sharpened-sharpened.png|val/benign/benign (19)-sharpened.jpg|val/benign/benign (19)-sharpened.png|val/benign/benign (19).png,f28cdcb89183f4619b6f8ba3ab6c5050|a880a0785eb37b819f3f427dd62fc75f|0d99e1a1db5c1eb83cb59f50722e8930|09fc9999e6a8f693d43980a72272727e|b22b26238e8662aa44393fc32d456d1b|1157162b833a0dbb1688b3d40df8a22c|e4b7887b0bfb42d9205c2faea8247009|1511d41fb55ded0cb070d99dc16cb9f2|95bb41b3817ef5cf82995bc0db603e9d|5de9cff185eed0703e3a548a35f21e5f|182d50e662c5708eba17bf4852ad500f|c29e1f8bf7469ad634eb725d6a9bd058|33b5eb82358cdd0c4afd0e1b8489bcf3|8e1669b478988c9ea57ae6ec0c440c3f|c29e1f8bf7469ad634eb725d6a9bd058|152b151a471580eff1d2a00e68f0975a,benign (19),inferred_from_filename_not_verified_identifier,val,False,val/benign/benign (19).png
bag-c1b2cbcc605f,grp-c1b2cbcc605f,benign,16,train/benign/benign (115)-rotated1-rotated1.png|train/benign/benign (115)-rotated1-rotated2.png|train/benign/benign (115)-rotated1-sharpened.png|train/benign/benign (115)-rotated1.jpg|train/benign/benign (115)-rotated1.png|train/benign/benign (115)-rotated2-rotated1.png|train/benign/benign (115)-rotated2-rotated2.png|train/benign/benign (115)-rotated2-sharpened.png|train/benign/benign (115)-rotated2.jpg|train/benign/benign (115)-rotated2.png|train/benign/benign (115)-sharpened-rotated1.png|train/benign/benign (115)-sharpened-rotated2.png|train/benign/benign (115)-sharpened-sharpened.png|train/benign/benign (115)-sharpened.jpg|train/benign/benign (115)-sharpened.png|train/benign/benign (115).png,b378f6586b5388fb25c2a26bdbbbce83|617a0c2baf63b122b3b5a1d7a326e6a6|90ffff0ae6093be4e8a499407ea5b7f0|99e97701cb013f087edaa2c58bb461c5|64060e89b2b9e5bba51474bddcd8fdae|cfefe6d2d4703cd5a7fbbe08cda8bcb7|6f68705783ccaa652694763f01ee393f|55ae148249574c73f1c2daf235f14954|17d205198d702db75fbc9d5376dd2788|aae28a3d6b706fa474532111329e7fba|f7a387c13154a46f1cf5884e5334c7a0|ca4a7dbefd31993b447323e343e813df|9f99eed75a7c005913ba28c0b0cc2648|1549a8ac3892ea85df1d7913a99b4e43|0594f02fe3914b73f48c138fa4a8c827|42af4ffcbea7353b9ea7c6dc537ae343,benign (115),inferred_from_filename_not_verified_identifier,train,False,train/benign/benign (115).png
bag-c2c08d45cfab,grp-c2c08d45cfab,malignant,21,train/malignant/malignant (99)-rotated1-rotated1.png|train/malignant/malignant (99)-rotated1-rotated2.png|train/malignant/malignant (99)-rotated1-rotated32.png|train/malignant/malignant (99)-rotated1-sharpened.png|train/malignant/malignant (99)-rotated1.png|train/malignant/malignant (99)-rotated2-rotated1.png|train/malignant/malignant (99)-rotated2-rotated2.png|train/malignant/malignant (99)-rotated2-rotated32.png|train/malignant/malignant (99)-rotated2-sharpened.png|train/malignant/malignant (99)-rotated2.png|train/malignant/malignant (99)-rotated32-rotated1.png|train/malignant/malignant (99)-rotated32-rotated2.png|train/malignant/malignant (99)-rotated32-rotated32.png|train/malignant/malignant (99)-rotated32-sharpened.png|train/malignant/malignant (99)-rotated32.png|train/malignant/malignant (99)-sharpened-rotated1.png|train/malignant/malignant (99)-sharpened-rotated2.png|train/malignant/malignant (99)-sharpened-rotated32.png|train/malignant/malignant (99)-sharpened-sharpened.png|train/malignant/malignant (99)-sharpened.png|train/malignant/malignant (99).png,07fadd2478f52707678a69a4768c82d9|0c817c7043541180b923492b5ec6cb50|dfee91f72484b1dea29141463439ab19|529dff295ad0e58eeaba7a15affb6fdb|54838842c2348e65c9b6a7c91a6c5afe|c553717745747fa9fcd25b77d817b125|4b54ae062df3788fd424541e5fd51662|30c59379d6420ca7ff239d3eccc9929c|85f683b247b0bf93ff76fe2671852c39|54a9192c67ca6f5504765cebe5856f99|f74b9d1b8c020d7c53bc8e654176b0eb|f74b9d1b8c020d7c53bc8e654176b0eb|cdac40da439f207d6f09fd8bb04bcd7a|6d0e24db23431afb8a55a34032c5d484|4d2f0d2a0c0708b841e61c13a96c7034|c744fbd11b994e35bfa042225feae8ed|1d17d45bd8ecdf3aa1c1e7bd8eca31df|0a531b1d4e3970cabfad73d0191b39e1|27556c598d6ab9437589d258908eae2a|a1a617ddc630b2f754517be6136854de|69ec784db42663b2bb61ab0281c86b23,malignant (99),inferred_from_filename_not_verified_identifier,train,False,train/malignant/malignant (99).png
bag-c37d4fceb6e0,grp-c37d4fceb6e0,malignant,21,train/malignant/malignant (148)-rotated1-rotated1.png|train/malignant/malignant (148)-rotated1-rotated2.png|train/malignant/malignant (148)-rotated1-rotated32.png|train/malignant/malignant (148)-rotated1-sharpened.png|train/malignant/malignant (148)-rotated1.png|train/malignant/malignant (148)-rotated2-rotated1.png|train/malignant/malignant (148)-rotated2-rotated2.png|train/malignant/malignant (148)-rotated2-rotated32.png|train/malignant/malignant (148)-rotated2-sharpened.png|train/malignant/malignant (148)-rotated2.png|train/malignant/malignant (148)-rotated32-rotated1.png|train/malignant/malignant (148)-rotated32-rotated2.png|train/malignant/malignant (148)-rotated32-rotated32.png|train/malignant/malignant (148)-rotated32-sharpened.png|train/malignant/malignant (148)-rotated32.png|train/malignant/malignant (148)-sharpened-rotated1.png|train/malignant/malignant (148)-sharpened-rotated2.png|train/malignant/malignant (148)-sharpened-rotated32.png|train/malignant/malignant (148)-sharpened-sharpened.png|train/malignant/malignant (148)-sharpened.png|train/malignant/malignant (148).png,c1f3803ea2bf0a254c8a5437381c3b3a|46b623c2df7194b0a62be64ce82a93ae|5f9b64b3f0cc8f250c36f4eb7e873538|7a991fcd277ee1937e23e69184939eca|594d7b5cfd64e26bdf7a457dcbeb1911|54ad990484679eb33eac8e09120068d2|27ada76664a73343572fa48ed5b59d96|c6b5e99b71398ff08c07159584e54396|12b0f5e7fe13c23023853dfe08f17709|6308ac49fb451ae5e1f000339b28c74b|63b9fbdf7512a93ec16acd3c4b24cfaa|2f8af99055952039c953f998cea68077|c5c236a6cc4b8aca56b27020268be73f|60704c0ca04eedb856fda45bc781c4bc|f7cef72e6c2a1f36948579aaabda438e|3fd556e3bd440c883e0d2f4696903b59|3b469f9f83fedf662cabb20df8a217b3|f2a12fc975c0cfeda978b4f5dc940045|836c4220ce66dec6407e8f24f6f6c125|b2d0eaba620b033173cf310857986f03|d5ccd05dd7e7a103c7a8bdb514d401fc,malignant (148),inferred_from_filename_not_verified_identifier,train,False,train/malignant/malignant (148).png
bag-c4b24e1e092f,grp-c4b24e1e092f,malignant,21,train/malignant/malignant (74)-rotated1-rotated1.png|train/malignant/malignant (74)-rotated1-rotated2.png|train/malignant/malignant (74)-rotated1-rotated32.png|train/malignant/malignant (74)-rotated1-sharpened.png|train/malignant/malignant (74)-rotated1.png|train/malignant/malignant (74)-rotated2-rotated1.png|train/malignant/malignant (74)-rotated2-rotated2.png|train/malignant/malignant (74)-rotated2-rotated32.png|train/malignant/malignant (74)-rotated2-sharpened.png|train/malignant/malignant (74)-rotated2.png|train/malignant/malignant (74)-rotated32-rotated1.png|train/malignant/malignant (74)-rotated32-rotated2.png|train/malignant/malignant (74)-rotated32-rotated32.png|train/malignant/malignant (74)-rotated32-sharpened.png|train/malignant/malignant (74)-rotated32.png|train/malignant/malignant (74)-sharpened-rotated1.png|train/malignant/malignant (74)-sharpened-rotated2.png|train/malignant/malignant (74)-sharpened-rotated32.png|train/malignant/malignant (74)-sharpened-sharpened.png|train/malignant/malignant (74)-sharpened.png|train/malignant/malignant (74).png,ca540e53a29f38971549bbca3c5a6e9c|b57faebdbcf8bd6f71e065fa56eef98a|b6dff93c91c8ba99a4351093d9301124|bd554a34a77d1062efaa0808f017f0c2|ad177b57aa060e51745a0ab49cbc2c63|8d6781ca7d1f700c364f523f35e37a4e|b80d6962ed2f7b1abd290cda0d8e233e|828c987a4b8a9db570396bb3af3a246a|93b6bcf7a97d2f0bf2a2fea81a12b1b8|6fc27d8ed1676aef16528e8ef67398f9|0a4f7f9047bc3b5848191c6ac5f19eb0|c7f6da09d783948350546f140f317caf|1ed86070428d132ddb964c358dd94aeb|0e39326a50da0755e488528dd4e5a6e1|92152f03184480aacacaeb3c4dc6fa2a|7c653dc0e95d4c3cae2234c977e1ccfb|f08e263487570838dea231429366e2f9|2b770cbe91cf5368300b034d1af3b0b1|0f64126252dd0fad9af61d642fe3a4c4|7c653dc0e95d4c3cae2234c977e1ccfb|1d62b1d3551369c4fe954b8e228edd77,malignant (74),inferred_from_filename_not_verified_identifier,train,False,train/malignant/malignant (74).png
bag-c519e2661327,grp-c519e2661327,benign,16,train/benign/benign (187)-rotated1-rotated1.png|train/benign/benign (187)-rotated1-rotated2.png|train/benign/benign (187)-rotated1-sharpened.png|train/benign/benign (187)-rotated1.jpg|train/benign/benign (187)-rotated1.png|train/benign/benign (187)-rotated2-rotated1.png|train/benign/benign (187)-rotated2-rotated2.png|train/benign/benign (187)-rotated2-sharpened.png|train/benign/benign (187)-rotated2.jpg|train/benign/benign (187)-rotated2.png|train/benign/benign (187)-sharpened-rotated1.png|train/benign/benign (187)-sharpened-rotated2.png|train/benign/benign (187)-sharpened-sharpened.png|train/benign/benign (187)-sharpened.jpg|train/benign/benign (187)-sharpened.png|train/benign/benign (187).png,4a0064688b9e1cfeeb27abc86f2d7798|2f735d294ce339f603923b924683c2d9|fb46e61c67ac7abc336f010679a7185e|40e91020144be976519d425e291c753b|8bb9d708e6ca4b674b4abf4ad531bd85|da7c9dcbb1b607328b01bd450feb4c2a|1be5149d4d7c000d0a1fa780a4ff3e35|0e14810627cc591ad6a625f51f3907b9|9c28566bab3f615b29cdbf8425539eb2|29f81dcc0c8813d4de229c8a17efcf12|5838c70e70a6d1d2e4164f354e849dd9|69d6c2a3eff133453cc058bb6db1c737|33eee000b4eaf118a3ee38a08b0fddad|9c2fcffa59789feed335c7497fd42501|fa5086acc3beb9562b7740c42a87481b|21a5ceebe143e3cd291733cad87a47fc,benign (187),inferred_from_filename_not_verified_identifier,train,False,train/benign/benign (187).png
bag-c59130b5ae38,grp-c59130b5ae38,malignant,21,train/malignant/malignant (129)-rotated1-rotated1.png|train/malignant/malignant (129)-rotated1-rotated2.png|train/malignant/malignant (129)-rotated1-rotated32.png|train/malignant/malignant (129)-rotated1-sharpened.png|train/malignant/malignant (129)-rotated1.png|train/malignant/malignant (129)-rotated2-rotated1.png|train/malignant/malignant (129)-rotated2-rotated2.png|train/malignant/malignant (129)-rotated2-rotated32.png|train/malignant/malignant (129)-rotated2-sharpened.png|train/malignant/malignant (129)-rotated2.png|train/malignant/malignant (129)-rotated32-rotated1.png|train/malignant/malignant (129)-rotated32-rotated2.png|train/malignant/malignant (129)-rotated32-rotated32.png|train/malignant/malignant (129)-rotated32-sharpened.png|train/malignant/malignant (129)-rotated32.png|train/malignant/malignant (129)-sharpened-rotated1.png|train/malignant/malignant (129)-sharpened-rotated2.png|train/malignant/malignant (129)-sharpened-rotated32.png|train/malignant/malignant (129)-sharpened-sharpened.png|train/malignant/malignant (129)-sharpened.png|train/malignant/malignant (129).png,fe895e7ac2b707cb7b2efd2b49e11bf5|90a5133a61896515f97f3adeb02ee0ba|5ee26b76ccc8fc851645000002cde3d0|1d7eb0c967f5b8fd13319fec53bdc14c|aa2da6e3894383d39a4a0a752a7f8c07|7e500d58e7909bace643b475447c1f66|fa26530768348b14ff2c009b06e740f5|905256f436ad9921cd211caeef7fe558|0f01f997d4e4e8e40ba5c9b9d2673567|93025c5d7d69acffaf31e11339770a89|e8dc130cc49d327c260df411bd90bdca|825d33e3006499167038da93c77e8f82|2282ada8c742cd8b1e192bd9fdad3f94|f0b42bfdfde898aba01aedde10a3a182|85d408dac132e530c80adf1ca344cad2|979f4e7fbffb8d6db641a855b169d456|5976888f7707a29e201f2c99d69321d0|cb3e8edf2ee4499f3b0761e2e2fe35d4|d310f0dabcd3eea9fedfadfb9108bbac|b6b5cd6cfc14d82ab78693f41637f143|1c978488e4ad24df99bc0fc70d617ae5,malignant (129),inferred_from_filename_not_verified_identifier,train,False,train/malignant/malignant (129).png
bag-c5b38d188462,grp-c5b38d188462,benign,16,train/benign/benign (59)-rotated1-rotated1.png|train/benign/benign (59)-rotated1-rotated2.png|train/benign/benign (59)-rotated1-sharpened.png|train/benign/benign (59)-rotated1.jpg|train/benign/benign (59)-rotated1.png|train/benign/benign (59)-rotated2-rotated1.png|train/benign/benign (59)-rotated2-rotated2.png|train/benign/benign (59)-rotated2-sharpened.png|train/benign/benign (59)-rotated2.jpg|train/benign/benign (59)-rotated2.png|train/benign/benign (59)-sharpened-rotated1.png|train/benign/benign (59)-sharpened-rotated2.png|train/benign/benign (59)-sharpened-sharpened.png|train/benign/benign (59)-sharpened.jpg|train/benign/benign (59)-sharpened.png|train/benign/benign (59).png,24034f2a5478492afa2cc7f3d79df467|60cca9d389081c315e83128e642d5f87|de49afdf75f9581c1dd135a1591013a4|0b707eb6a388b0d205f4f0d6ad99a790|f02a666f9b3642f233c5712a4c9f67d6|0f1b503dc8c2531b59655620233efcb9|686d955271abd6bcb73513312a4ab09a|04506867b7fdc6ec1fcd0674d3e6cf7d|005b13b02deaf65c666d2a943305425b|57e28b2734553d894a24761ed44991ac|42eea6bb8eb036e8d92b27ee6139141c|2dba8523e9cdb4d0833fe6746bbafc93|415adaa1138c33a6ae69513cb04442e1|06649f943df458284b85e5fdacfab54c|3083d44f313c3470289f28d710724741|5c40572ffe838492f33aa26161b05de5,benign (59),inferred_from_filename_not_verified_identifier,train,False,train/benign/benign (59).png
bag-c5e3094946d7,grp-c5e3094946d7,benign,16,train/benign/benign (154)-rotated1-rotated1.png|train/benign/benign (154)-rotated1-rotated2.png|train/benign/benign (154)-rotated1-sharpened.png|train/benign/benign (154)-rotated1.jpg|train/benign/benign (154)-rotated1.png|train/benign/benign (154)-rotated2-rotated1.png|train/benign/benign (154)-rotated2-rotated2.png|train/benign/benign (154)-rotated2-sharpened.png|train/benign/benign (154)-rotated2.jpg|train/benign/benign (154)-rotated2.png|train/benign/benign (154)-sharpened-rotated1.png|train/benign/benign (154)-sharpened-rotated2.png|train/benign/benign (154)-sharpened-sharpened.png|train/benign/benign (154)-sharpened.jpg|train/benign/benign (154)-sharpened.png|train/benign/benign (154).png,25f0d21512b6a74bacf9f17673546099|25f0d21512b6a74bacf9f17673546099|fc830a0cdbbe7171abc46cb6adcf9ea9|940a529831e8afa4e03183024d056f62|d98c5448fcc26e97f4f302f7f436f69e|4dab921e3e5624ebacb7e299a15999e6|3bc3cbea2ffb55ab692dae53c5d7b74f|9875bb0f5b4158dd8b50aa7478eb7768|77667c0c360dbe5ca9c42c2b93a27b9a|bad0d32373705c74c672d08279ca3e47|9247f4a79e325d6f6b8c2c15bfefe399|150c1046f7a1860a86f91ec25de3120b|a46bdcc78b5baf017b13e867713adcf6|71e49f910b0744fe5a8e5e6c29e3b9af|d30c85f874f6a1b0bef37f46a3064d3b|1e56783886054b78ac788d72f116f8af,benign (154),inferred_from_filename_not_verified_identifier,train,False,train/benign/benign (154).png
bag-c710d94525e0,grp-c710d94525e0,malignant,21,train/malignant/malignant (156)-rotated1-rotated1.png|train/malignant/malignant (156)-rotated1-rotated2.png|train/malignant/malignant (156)-rotated1-rotated32.png|train/malignant/malignant (156)-rotated1-sharpened.png|train/malignant/malignant (156)-rotated1.png|train/malignant/malignant (156)-rotated2-rotated1.png|train/malignant/malignant (156)-rotated2-rotated2.png|train/malignant/malignant (156)-rotated2-rotated32.png|train/malignant/malignant (156)-rotated2-sharpened.png|train/malignant/malignant (156)-rotated2.png|train/malignant/malignant (156)-rotated32-rotated1.png|train/malignant/malignant (156)-rotated32-rotated2.png|train/malignant/malignant (156)-rotated32-rotated32.png|train/malignant/malignant (156)-rotated32-sharpened.png|train/malignant/malignant (156)-rotated32.png|train/malignant/malignant (156)-sharpened-rotated1.png|train/malignant/malignant (156)-sharpened-rotated2.png|train/malignant/malignant (156)-sharpened-rotated32.png|train/malignant/malignant (156)-sharpened-sharpened.png|train/malignant/malignant (156)-sharpened.png|train/malignant/malignant (156).png,4caf048a60b5f687dd7620fbc2d189ee|e50baba87171d9379e437bbe24a2b494|9031c7ec66fcbdcc6459271cc53433f4|d5fa89eda5593cb8668b9f3684aaa866|6ba9545f1593f5d42f3690b8acc9d866|27ea75663a3f9a4411cb81f9e4b80bba|90a169766e15721de9b89715be6b5aae|eac6fc7c4da8cbbc6eab47106819993b|1fd91e9d72a64597fa97d3798c128dbf|02884f40d0ebb65aeefcff52d1b0f506|1cd0225880529b544c3fc2deedef2c51|8d5b60c2d0ad47b57bbd67348126ec1b|0909daad22651e32d7ec0f07d254c33c|ab1d10000e052200f7d68cf0be024af7|8ffe03515a6dbfb69753f9de95dc97f8|4a5c84c838ff0c1178b612e8eb486b31|a5d633c8ea8bafe0a9b1e36724a345db|018d1bcd5afd6a177984bf5c7e6ef30c|66896a24cda65b254ced8eee39e47cdf|ccfd2676f0b6ac39b07b88a6ba6b5b67|99a40707aeca38f2f7f66771eaae1931,malignant (156),inferred_from_filename_not_verified_identifier,train,False,train/malignant/malignant (156).png
bag-c785338fd3aa,grp-c785338fd3aa,benign,16,train/benign/benign (119)-rotated1-rotated1.png|train/benign/benign (119)-rotated1-rotated2.png|train/benign/benign (119)-rotated1-sharpened.png|train/benign/benign (119)-rotated1.jpg|train/benign/benign (119)-rotated1.png|train/benign/benign (119)-rotated2-rotated1.png|train/benign/benign (119)-rotated2-rotated2.png|train/benign/benign (119)-rotated2-sharpened.png|train/benign/benign (119)-rotated2.jpg|train/benign/benign (119)-rotated2.png|train/benign/benign (119)-sharpened-rotated1.png|train/benign/benign (119)-sharpened-rotated2.png|train/benign/benign (119)-sharpened-sharpened.png|train/benign/benign (119)-sharpened.jpg|train/benign/benign (119)-sharpened.png|train/benign/benign (119).png,7e95396af4240e1333af5c73e2f51c97|a276901e1505a86911ac470d64067d18|2ce3a101a2a83081f0883a7a8a4ea621|38a7b9b97a24cae66c7a6ccec3a52674|3ab882a3ee4edfe4c0897c18ddfd4be5|a92387c45b767bf58190a84ec57bb8d0|03a2c7bc2f0c4d7a4597862ba225d28f|9348d36265e6a58522d372439a325766|92da8f3fe6db35e66ee0e9c826c34511|0ca1886b505b62894abc34b6e96f569c|691bc45a39452bf851dce3c5ef00ed72|ba9933ea30ed180e8bc1664aa54c35f2|8385007d76b54db4ef2786aee6ec32d0|09578b97501af264bf77006806af0611|42d88a52fda1456af364f10322078d68|656a5e2900798126f889f90d0294f1d7,benign (119),inferred_from_filename_not_verified_identifier,train,False,train/benign/benign (119).png
bag-c9c2f10f62d7,grp-c9c2f10f62d7,malignant,21,val/malignant/malignant (3)-rotated1-rotated1.png|val/malignant/malignant (3)-rotated1-rotated2.png|val/malignant/malignant (3)-rotated1-rotated32.png|val/malignant/malignant (3)-rotated1-sharpened.png|val/malignant/malignant (3)-rotated1.png|val/malignant/malignant (3)-rotated2-rotated1.png|val/malignant/malignant (3)-rotated2-rotated2.png|val/malignant/malignant (3)-rotated2-rotated32.png|val/malignant/malignant (3)-rotated2-sharpened.png|val/malignant/malignant (3)-rotated2.png|val/malignant/malignant (3)-rotated32-rotated1.png|val/malignant/malignant (3)-rotated32-rotated2.png|val/malignant/malignant (3)-rotated32-rotated32.png|val/malignant/malignant (3)-rotated32-sharpened.png|val/malignant/malignant (3)-rotated32.png|val/malignant/malignant (3)-sharpened-rotated1.png|val/malignant/malignant (3)-sharpened-rotated2.png|val/malignant/malignant (3)-sharpened-rotated32.png|val/malignant/malignant (3)-sharpened-sharpened.png|val/malignant/malignant (3)-sharpened.png|val/malignant/malignant (3).png,abb3b1ef82fd9eedcd394464fc58d636|b06497521351abf342d2d73848645572|18e5a7c2efcca427cf4ba37eddeefe16|5cfd45aa0c65e8c35370f35798b68f93|f8d947c24bbdd25b228c3aadbbe89d34|6642b641b641a4a3444d05bc7673370f|3b14eb1eeb3d262dc0dadf72d73745ef|3b14eb1eeb3d262dc0dadf72d73745ef|d3012d72eddf2fb40fb741aac0254551|a2455df803f552c5bf7df87a7401d21b|39ccef3b78c4bb2eaa6cb5772e845947|2258b05a1298d8bc16be98799238e523|b5bcebfd705695eed1ad1e6f6cbb69d4|5cfd45aa0c65e8c35370f35798b68f93|6f5d2b3de6d675a2ebca9e37f5d00498|5b703d36842de8f1464c72db4398a8d8|21ef31f08803da3b39d296cedf5a20ef|ef42ae1ce1b273cf32359f5f4e7f15e7|947812629ffb753884f41d2d68e0b07e|85edbe8f2aa26a4454a71eb49916e456|f83e29639c7201ef86a00ca6d2dffa7c,malignant (3),inferred_from_filename_not_verified_identifier,val,False,val/malignant/malignant (3).png
bag-ca98bbc1bbc3,grp-ca98bbc1bbc3,benign,16,val/benign/benign (31)-rotated1-rotated1.png|val/benign/benign (31)-rotated1-rotated2.png|val/benign/benign (31)-rotated1-sharpened.png|val/benign/benign (31)-rotated1.jpg|val/benign/benign (31)-rotated1.png|val/benign/benign (31)-rotated2-rotated1.png|val/benign/benign (31)-rotated2-rotated2.png|val/benign/benign (31)-rotated2-sharpened.png|val/benign/benign (31)-rotated2.jpg|val/benign/benign (31)-rotated2.png|val/benign/benign (31)-sharpened-rotated1.png|val/benign/benign (31)-sharpened-rotated2.png|val/benign/benign (31)-sharpened-sharpened.png|val/benign/benign (31)-sharpened.jpg|val/benign/benign (31)-sharpened.png|val/benign/benign (31).png,86be49467ebafe1477506eeb3c627d18|9cf61aea9099444489c2f4efa96c457f|7f49b8f73f0dc8244585cb2209daf8c4|7c8128ed830e72e9fef7fcb90c84ae7f|6c02098bf2bc429e96abe289ad227685|831120474f1817b1d3bb8f7455167160|61b64c11af180e5edda6daf5843065a2|ad7976f1477b8cea9bf762c1b50b9fb3|6d4d1b42edb75356716bc67edc235684|145baad4b10b309ccce1ea970219a611|07a85e9fe104aac1d51f7f4e9e596e64|8148287dc2914d625493f2ad08591a6e|2acfceb509f5a3ba32a53fcad013afcc|97a2cf2ebd6ed53fc79733b07269b3c4|b7089cae8937afdf15011aa95c276d76|167af5b7780c9ce0d69a6d1428792d1c,benign (31),inferred_from_filename_not_verified_identifier,val,False,val/benign/benign (31).png
bag-cac5fa438cee,grp-cac5fa438cee,benign,16,train/benign/benign (281)-rotated1-rotated1.png|train/benign/benign (281)-rotated1-rotated2.png|train/benign/benign (281)-rotated1-sharpened.png|train/benign/benign (281)-rotated1.jpg|train/benign/benign (281)-rotated1.png|train/benign/benign (281)-rotated2-rotated1.png|train/benign/benign (281)-rotated2-rotated2.png|train/benign/benign (281)-rotated2-sharpened.png|train/benign/benign (281)-rotated2.jpg|train/benign/benign (281)-rotated2.png|train/benign/benign (281)-sharpened-rotated1.png|train/benign/benign (281)-sharpened-rotated2.png|train/benign/benign (281)-sharpened-sharpened.png|train/benign/benign (281)-sharpened.jpg|train/benign/benign (281)-sharpened.png|train/benign/benign (281).png,9838f8498d07f6c6e585f9c6b605b942|646ac77335d6e6405fe9bc902ce16f61|dbf91c619e41e2c166a15ff0ce61782c|5a810d1083fb1d9020b6f5bcd8165e78|e2550687d6d818ae3ec0db00badcbac1|198204098d772a6014ee9950ed4a07b3|4672c746c18f0bfb3bffba6ba322ac4c|0b95b649dd3455392ed7c04dec68867d|66f2a040f8558e397938522a569cf4f8|aa13baa560f37e1fad12a24f840f53e0|bedc4cfc741d9a77681c1506de9a3834|7f353b2aacbd87ee866e21a5848ea815|641a6c081476d02b9a82b5d6dbee7d0b|6970dbf764035217288758295df8906b|23ea32a74180d37906ce3ea8211fd16c|9e8b5882c40a43f61bc35c641171e5e3,benign (281),inferred_from_filename_not_verified_identifier,train,False,train/benign/benign (281).png
bag-cb018604fb57,grp-cb018604fb57,malignant,21,train/malignant/malignant (77)-rotated1-rotated1.png|train/malignant/malignant (77)-rotated1-rotated2.png|train/malignant/malignant (77)-rotated1-rotated32.png|train/malignant/malignant (77)-rotated1-sharpened.png|train/malignant/malignant (77)-rotated1.png|train/malignant/malignant (77)-rotated2-rotated1.png|train/malignant/malignant (77)-rotated2-rotated2.png|train/malignant/malignant (77)-rotated2-rotated32.png|train/malignant/malignant (77)-rotated2-sharpened.png|train/malignant/malignant (77)-rotated2.png|train/malignant/malignant (77)-rotated32-rotated1.png|train/malignant/malignant (77)-rotated32-rotated2.png|train/malignant/malignant (77)-rotated32-rotated32.png|train/malignant/malignant (77)-rotated32-sharpened.png|train/malignant/malignant (77)-rotated32.png|train/malignant/malignant (77)-sharpened-rotated1.png|train/malignant/malignant (77)-sharpened-rotated2.png|train/malignant/malignant (77)-sharpened-rotated32.png|train/malignant/malignant (77)-sharpened-sharpened.png|train/malignant/malignant (77)-sharpened.png|train/malignant/malignant (77).png,c31d7f4a213a341e520da5b776763acb|b37e090b2f1e7f62d73fcf65113d2422|a1bacc5fac2ebd929a24894719b84cf0|2ec8e09c93a16383dda0fe3a4a62d986|850a755253a45f9466b8ad05bc04a3bf|5c399b9186eae054b8d10ef36692a52f|647740af0e6c8d2ffe1bc5434398530b|89be2c423e6c041377611d03baaabc30|abd173b99681d822adcd85958f6af81f|742ecc1e592266ace59335bcd4a2d052|230c85931e0542970392074e8b0a41c3|6f357d65eb33e2f3befac79cb2ea70c0|643d3497767d6e6a278d63b2e0de3c0f|6250a2c12c0c8511a7ef8ec13defe380|0d79ee12c209587bf878d709a628d22c|4fc4e9daaf028f78d1df44dbdad830d0|08067e587312f29a56c3597bf2c11424|39126a2c7e177366791de8a7e250e226|3831f0fe02f6f8e649785c47633a3687|39126a2c7e177366791de8a7e250e226|aaf2baaa9f719c3f2432235855b253d4,malignant (77),inferred_from_filename_not_verified_identifier,train,False,train/malignant/malignant (77).png
bag-cb04bc63c02b,grp-cb04bc63c02b,malignant,21,train/malignant/malignant (62)-rotated1-rotated1.png|train/malignant/malignant (62)-rotated1-rotated2.png|train/malignant/malignant (62)-rotated1-rotated32.png|train/malignant/malignant (62)-rotated1-sharpened.png|train/malignant/malignant (62)-rotated1.png|train/malignant/malignant (62)-rotated2-rotated1.png|train/malignant/malignant (62)-rotated2-rotated2.png|train/malignant/malignant (62)-rotated2-rotated32.png|train/malignant/malignant (62)-rotated2-sharpened.png|train/malignant/malignant (62)-rotated2.png|train/malignant/malignant (62)-rotated32-rotated1.png|train/malignant/malignant (62)-rotated32-rotated2.png|train/malignant/malignant (62)-rotated32-rotated32.png|train/malignant/malignant (62)-rotated32-sharpened.png|train/malignant/malignant (62)-rotated32.png|train/malignant/malignant (62)-sharpened-rotated1.png|train/malignant/malignant (62)-sharpened-rotated2.png|train/malignant/malignant (62)-sharpened-rotated32.png|train/malignant/malignant (62)-sharpened-sharpened.png|train/malignant/malignant (62)-sharpened.png|train/malignant/malignant (62).png,c09c77f241a71bd3b28b3269ac17442e|2e1bc9bd1e0915c1b6e1859906b51d58|c6755500a9b53912f0e35069ce952d85|bb914b0e6411eed6066dfc62e2eb076b|c6dacb302cd808c162945603ebe080a0|9c2b4fec5e6400d46064a1930eae25a1|0d203cb1fcfbc5697cde14d91e2c6858|4f477402ea5231be66ce15681759a877|2b4f3515195eeeb1e2dc92f4a670ee71|216d0d17aa58aac3a679933ba46e72f2|46e8f046b8ce4b38bd5d6e8320153e56|4cbd7669b92d262dcaa0cf02d6b67cfc|2d028d3ea6d8ff6d0510a61669d0a918|bb914b0e6411eed6066dfc62e2eb076b|9598721dedd6274318bf8267465a0c4a|ccf7613d15b2e5896d37352947a637ec|ccf7613d15b2e5896d37352947a637ec|066c1a9d4f9a659cd3ce2ae3d6712737|0c2e9d5a770db4f5371963e78eb396ad|bb914b0e6411eed6066dfc62e2eb076b|9f341492de090bc078b101d34839f06b,malignant (62),inferred_from_filename_not_verified_identifier,train,False,train/malignant/malignant (62).png
bag-cb057bbf90ba,grp-cb057bbf90ba,benign,16,train/benign/benign (143)-rotated1-rotated1.png|train/benign/benign (143)-rotated1-rotated2.png|train/benign/benign (143)-rotated1-sharpened.png|train/benign/benign (143)-rotated1.jpg|train/benign/benign (143)-rotated1.png|train/benign/benign (143)-rotated2-rotated1.png|train/benign/benign (143)-rotated2-rotated2.png|train/benign/benign (143)-rotated2-sharpened.png|train/benign/benign (143)-rotated2.jpg|train/benign/benign (143)-rotated2.png|train/benign/benign (143)-sharpened-rotated1.png|train/benign/benign (143)-sharpened-rotated2.png|train/benign/benign (143)-sharpened-sharpened.png|train/benign/benign (143)-sharpened.jpg|train/benign/benign (143)-sharpened.png|train/benign/benign (143).png,6ebb8d63e42aafaecb996f393e14c941|407e323a527c73c2911a856507a6a227|7cf6a9333d45887015df3343a8b3ab42|a0eb9e81ac89e5c9b93ffa536565ef13|44ceb863d7b30b431c5e34b4ddd66673|1fb902fed6ce352fc724d72656936e48|f820683483593aadc727309941fcf339|42e25ae95c7d688b5894f527087742a6|9f130fc5c362fb58b7b0a7987a911e59|e8e9d8170eda0d1b55035eb714ba8eb3|400a81aeece6879fe327b95e88848bb4|786ac58ef4169ec1f6147374a8025016|f5cf429deee887895b7040fa6d035a2b|9acd5f236bcf6e3cc54313c08a97a4b9|4efcbdd4a5ed86fcbdd59730c2f45e99|0b51e9737665356f74bb31348fca4c66,benign (143),inferred_from_filename_not_verified_identifier,train,False,train/benign/benign (143).png
bag-cb3dd6f63a36,grp-cb3dd6f63a36,malignant,21,train/malignant/malignant (92)-rotated1-rotated1.png|train/malignant/malignant (92)-rotated1-rotated2.png|train/malignant/malignant (92)-rotated1-rotated32.png|train/malignant/malignant (92)-rotated1-sharpened.png|train/malignant/malignant (92)-rotated1.png|train/malignant/malignant (92)-rotated2-rotated1.png|train/malignant/malignant (92)-rotated2-rotated2.png|train/malignant/malignant (92)-rotated2-rotated32.png|train/malignant/malignant (92)-rotated2-sharpened.png|train/malignant/malignant (92)-rotated2.png|train/malignant/malignant (92)-rotated32-rotated1.png|train/malignant/malignant (92)-rotated32-rotated2.png|train/malignant/malignant (92)-rotated32-rotated32.png|train/malignant/malignant (92)-rotated32-sharpened.png|train/malignant/malignant (92)-rotated32.png|train/malignant/malignant (92)-sharpened-rotated1.png|train/malignant/malignant (92)-sharpened-rotated2.png|train/malignant/malignant (92)-sharpened-rotated32.png|train/malignant/malignant (92)-sharpened-sharpened.png|train/malignant/malignant (92)-sharpened.png|train/malignant/malignant (92).png,3d9a9d0251f4d86ee3eddcd4da226e01|92c8ed30506e96778ce835485dda101f|c18309cd9601dd60a00c3ff47ef57383|e995d476f52189026c129f3bbbdaacd2|87da4e6a1705d8d02799ac2063f12c15|e106876a96aad5821aa27495e4225a7e|95aef88da55b2de22dda2316f31e69a4|a0b2d8c782a542acea60bcb8bbd43c82|57e7e8d841345caa1d7547991e61db4c|e23cafae418aad861d64bc2d0d570e02|40926938d9e320d543ebd63e8ac9dbb5|9bcc83f039179ba0d7b1d364a323c0d9|a901fe4bc058720c7cdf91daa94d7ad1|d33c8a1545cf6e932cab72e7d9fd4d54|87da4e6a1705d8d02799ac2063f12c15|045d72d475eb8ed893b34a42112ad02b|29c2428efb50b579a363bf1e41bcd8f7|09b28a2ab6d1a28022857baea04cb9de|4263b501ddd9490f97d9a595ca55a86a|29c2428efb50b579a363bf1e41bcd8f7|a7d5a91325a213e577e135e74cb6f060,malignant (92),inferred_from_filename_not_verified_identifier,train,False,train/malignant/malignant (92).png
bag-cbe77797492f,grp-cbe77797492f,malignant,21,val/malignant/malignant (13)-rotated1-rotated1.png|val/malignant/malignant (13)-rotated1-rotated2.png|val/malignant/malignant (13)-rotated1-rotated32.png|val/malignant/malignant (13)-rotated1-sharpened.png|val/malignant/malignant (13)-rotated1.png|val/malignant/malignant (13)-rotated2-rotated1.png|val/malignant/malignant (13)-rotated2-rotated2.png|val/malignant/malignant (13)-rotated2-rotated32.png|val/malignant/malignant (13)-rotated2-sharpened.png|val/malignant/malignant (13)-rotated2.png|val/malignant/malignant (13)-rotated32-rotated1.png|val/malignant/malignant (13)-rotated32-rotated2.png|val/malignant/malignant (13)-rotated32-rotated32.png|val/malignant/malignant (13)-rotated32-sharpened.png|val/malignant/malignant (13)-rotated32.png|val/malignant/malignant (13)-sharpened-rotated1.png|val/malignant/malignant (13)-sharpened-rotated2.png|val/malignant/malignant (13)-sharpened-rotated32.png|val/malignant/malignant (13)-sharpened-sharpened.png|val/malignant/malignant (13)-sharpened.png|val/malignant/malignant (13).png,47b895d7d595c4696f5c90cffc0beb44|7077c75881773a4e877b0a35a0730dda|419fe049e94bf09c126cc19ce4a14869|14b1e56a9453b864b13dacd9aa4a41fe|54716d8a4537d1afa477e8714905b4b7|7874e4fe8e5077c2a3768aa2683d7c60|034ecde5fa9e1691749237047575952d|05b927f0a78fd58ee6648ace54ececd0|c6f159a54b73a3c31a8b8c62b733b4be|16e3bdee3802408ece90b37a6d88fc57|b31a1c4cf656fb17d3c1ee919760f5b5|5c9c9a1c95453eee0b6bbbfa0ef0ed53|a3211616b09ad91803714712a41b2615|d4b73c95b3e7de3587b0346d16bddc4a|fc22d3c09b59b830ab3be029926a7a5c|7880c6a35cb421a1832c7b1ec7857fc3|1ece02b95617d7264b24f057d042499a|6bcbca849fa1d6409315af07b1c26eaa|13971b7884270c30241293e4e1f80691|14b1e56a9453b864b13dacd9aa4a41fe|01af025fb74f1350ef62ff6cce16bebd,malignant (13),inferred_from_filename_not_verified_identifier,val,False,val/malignant/malignant (13).png
bag-cc07a6c8e7d6,grp-cc07a6c8e7d6,malignant,21,train/malignant/malignant (122)-rotated1-rotated1.png|train/malignant/malignant (122)-rotated1-rotated2.png|train/malignant/malignant (122)-rotated1-rotated32.png|train/malignant/malignant (122)-rotated1-sharpened.png|train/malignant/malignant (122)-rotated1.png|train/malignant/malignant (122)-rotated2-rotated1.png|train/malignant/malignant (122)-rotated2-rotated2.png|train/malignant/malignant (122)-rotated2-rotated32.png|train/malignant/malignant (122)-rotated2-sharpened.png|train/malignant/malignant (122)-rotated2.png|train/malignant/malignant (122)-rotated32-rotated1.png|train/malignant/malignant (122)-rotated32-rotated2.png|train/malignant/malignant (122)-rotated32-rotated32.png|train/malignant/malignant (122)-rotated32-sharpened.png|train/malignant/malignant (122)-rotated32.png|train/malignant/malignant (122)-sharpened-rotated1.png|train/malignant/malignant (122)-sharpened-rotated2.png|train/malignant/malignant (122)-sharpened-rotated32.png|train/malignant/malignant (122)-sharpened-sharpened.png|train/malignant/malignant (122)-sharpened.png|train/malignant/malignant (122).png,9495076a593cb6cc6860382eb506011d|7e1879511cf5042f3c5a7053247af773|598aed3622e943c27b7e778208b18808|f13988e66308a705e8c65c974833aadc|e6f5139b8525a54f6edd27ddfd263223|da01287cd96fe4c7692690379a0866c9|da01287cd96fe4c7692690379a0866c9|8432cedcf3057c84c7953e0f7adf41dd|e9d9782f1743a4fb1cc4a59cd40f49d2|30282c282e5cbb52a2a2905e3cfb9283|4b6ad060f5dbf196ad2b0721bd63e520|d0d1ae6621f979f747d84d43e03074cc|887b048952221085c6a8e6015b30e425|f13988e66308a705e8c65c974833aadc|66273ccd8a148296421e461b70a36cdb|f26bf6b8e12383c190fc1bd087e03373|07854cd91137659e242a6edaebd4f891|412955fd0d388a5cb957b603d1a2f5f4|2a76402194eec857a61be57d6e505675|4f8dde16b6217db9aca904322bfb17e3|5a3b32dca17c53ea8c07a1c740c5f7f7,malignant (122),inferred_from_filename_not_verified_identifier,train,False,train/malignant/malignant (122).png
bag-cc38ff621c79,grp-cc38ff621c79,benign,16,train/benign/benign (221)-rotated1-rotated1.png|train/benign/benign (221)-rotated1-rotated2.png|train/benign/benign (221)-rotated1-sharpened.png|train/benign/benign (221)-rotated1.jpg|train/benign/benign (221)-rotated1.png|train/benign/benign (221)-rotated2-rotated1.png|train/benign/benign (221)-rotated2-rotated2.png|train/benign/benign (221)-rotated2-sharpened.png|train/benign/benign (221)-rotated2.jpg|train/benign/benign (221)-rotated2.png|train/benign/benign (221)-sharpened-rotated1.png|train/benign/benign (221)-sharpened-rotated2.png|train/benign/benign (221)-sharpened-sharpened.png|train/benign/benign (221)-sharpened.jpg|train/benign/benign (221)-sharpened.png|train/benign/benign (221).png,4c5aaf3212743e6edb00447db0680d10|0d70623482727396d129d3499303af5d|13a6ff41d8d6caa660b7d49d786c6a4e|36996cf9f0fc2c2c740a227b4ef8b4b4|1f70c4491d1fcdac5a7e5133a2c76e07|1254779955a7e1569fdc29023406aee1|df41bccd2bea2d82c7ded8200fb0d883|62469daf9af5f8daa97fdff408f769e1|9680fc7864aa15fec45ba26a38f2a6b0|0140808e180d121885ba79c954bf634e|20fdcae5381b325e0428fc8271344c78|0e866e4dbd66432f6514cea02d16204b|3dc3cf8ec0b2f842f17d597b22bcb76a|017675405421d8888a853a8ee4788ba2|19768a88e1dcc9c5bc95b40f055dbe5f|012bd5e3828de6c92b1b99aa431be672,benign (221),inferred_from_filename_not_verified_identifier,train,False,train/benign/benign (221).png
bag-cc9dbb83dc95,grp-cc9dbb83dc95,malignant,21,train/malignant/malignant (183)-rotated1-rotated1.png|train/malignant/malignant (183)-rotated1-rotated2.png|train/malignant/malignant (183)-rotated1-rotated32.png|train/malignant/malignant (183)-rotated1-sharpened.png|train/malignant/malignant (183)-rotated1.png|train/malignant/malignant (183)-rotated2-rotated1.png|train/malignant/malignant (183)-rotated2-rotated2.png|train/malignant/malignant (183)-rotated2-rotated32.png|train/malignant/malignant (183)-rotated2-sharpened.png|train/malignant/malignant (183)-rotated2.png|train/malignant/malignant (183)-rotated32-rotated1.png|train/malignant/malignant (183)-rotated32-rotated2.png|train/malignant/malignant (183)-rotated32-rotated32.png|train/malignant/malignant (183)-rotated32-sharpened.png|train/malignant/malignant (183)-rotated32.png|train/malignant/malignant (183)-sharpened-rotated1.png|train/malignant/malignant (183)-sharpened-rotated2.png|train/malignant/malignant (183)-sharpened-rotated32.png|train/malignant/malignant (183)-sharpened-sharpened.png|train/malignant/malignant (183)-sharpened.png|train/malignant/malignant (183).png,e43415f841a6389daf9cb1d5f2072333|b15af798ffe0fd2767696e49e69291ad|0611e38cdccdb964a1b05b91522a5b9e|5f5473b8c577d9d88947390fc0dd4354|0918154d7db892c01812dd13ea3fa17d|5adec85d7c9934b8e73a83a69835dde3|04796afd68506efdb36203dc2a48e32e|b89502ba4981dc50259ee78a8bbdab32|eb041348898f6a2dad355bc9cfde96fa|7964b47a1aabb3c636ab860ffcedb526|9ebadf62b7c21d6c41d518fc622013ca|0cb42de765a3be49ca26e0df6167fe1e|8b36731ec048efa51e7138b0370588bf|1ddf16c54bf0afd7e30217d00402b5cb|95fe383f76a9ac961410b27febfb716c|268bec1abaa3e5fb82fa53c33e3e2857|d97a8f41705ac677742319ff6823a987|2da57e176ccda50477c391c3d1fe9b77|ff88526b49b0054f67f406a0f32c6112|3e173555a2e7d6a36ba0a42b31d3aecd|c40e4f9974197117b3e052a59a7806f2,malignant (183),inferred_from_filename_not_verified_identifier,train,False,train/malignant/malignant (183).png
bag-ccdc17d444c3,grp-ccdc17d444c3,benign,16,train/benign/benign (207)-rotated1-rotated1.png|train/benign/benign (207)-rotated1-rotated2.png|train/benign/benign (207)-rotated1-sharpened.png|train/benign/benign (207)-rotated1.jpg|train/benign/benign (207)-rotated1.png|train/benign/benign (207)-rotated2-rotated1.png|train/benign/benign (207)-rotated2-rotated2.png|train/benign/benign (207)-rotated2-sharpened.png|train/benign/benign (207)-rotated2.jpg|train/benign/benign (207)-rotated2.png|train/benign/benign (207)-sharpened-rotated1.png|train/benign/benign (207)-sharpened-rotated2.png|train/benign/benign (207)-sharpened-sharpened.png|train/benign/benign (207)-sharpened.jpg|train/benign/benign (207)-sharpened.png|train/benign/benign (207).png,45cbf390cbd52ca6f7c47abac62fab70|50f394607b45afac34f0557ab8e846a0|2081bbf0127bbc48e4ab21477a47517b|19ea887601026f3b9c5c34605fda9bcf|6b5ce56e695dba79eecc45feac2e26a1|dd127a5f19ebc5a730e1b548b4b2e345|9357188a7ae9455e2baf557d951c466c|3dd8cc1e1ca5559bcd940e62f8a66bfd|5779644864975b831b8aafcc2914f308|6b5ce56e695dba79eecc45feac2e26a1|282d7a31c94356fadb658c678aaff87a|8f7c9e07d0d05731e8369c50e23b68a4|ae2e0e1645c0b014b5928e7a4b934139|58520bdcd0c2be88cdea287f0e793551|8db4832ca7162ff0edaf10f180abc1bf|b00a8332681244b6d321d35fa3c3759c,benign (207),inferred_from_filename_not_verified_identifier,train,False,train/benign/benign (207).png
bag-cd59e7553f28,grp-cd59e7553f28,malignant,21,train/malignant/malignant (47)-rotated1-rotated1.png|train/malignant/malignant (47)-rotated1-rotated2.png|train/malignant/malignant (47)-rotated1-rotated32.png|train/malignant/malignant (47)-rotated1-sharpened.png|train/malignant/malignant (47)-rotated1.png|train/malignant/malignant (47)-rotated2-rotated1.png|train/malignant/malignant (47)-rotated2-rotated2.png|train/malignant/malignant (47)-rotated2-rotated32.png|train/malignant/malignant (47)-rotated2-sharpened.png|train/malignant/malignant (47)-rotated2.png|train/malignant/malignant (47)-rotated32-rotated1.png|train/malignant/malignant (47)-rotated32-rotated2.png|train/malignant/malignant (47)-rotated32-rotated32.png|train/malignant/malignant (47)-rotated32-sharpened.png|train/malignant/malignant (47)-rotated32.png|train/malignant/malignant (47)-sharpened-rotated1.png|train/malignant/malignant (47)-sharpened-rotated2.png|train/malignant/malignant (47)-sharpened-rotated32.png|train/malignant/malignant (47)-sharpened-sharpened.png|train/malignant/malignant (47)-sharpened.png|train/malignant/malignant (47).png,a2209996c909e9121bc0826784673a32|8cec6349aa6fc2ab6943abe49af304f3|a1a408be1197b12e810b9db71714a19c|1f13047bfc60a44eaac164e21960f343|c341316cbc162e5cd6a0a4d59c43b93a|c7f9fd6db84b8b703699825be01b4ac4|51d5f84abc70b3d72c370d9574aec281|6e9c5c396d967dd39e4bff9e418fd96d|665aed5c412e9fb2a76c9f09774b9429|f47e74e469169cc25aba452ee91a2878|ebc14252e971fd615119a96801699514|66f8c830e7c109521a057b4c0bb1dd83|4b014eb815209cde14ae73647ccba368|633ad3635c61a2204ee3cdc5d28cacd4|8cec6349aa6fc2ab6943abe49af304f3|ddfa66a252d91efac257723de46302dd|c6111c555f8d32fea4f97183e9b7f4a0|9c125426ec972c8833e886bf1afc278c|604cdfcad79551fcff61606619bb854a|1f13047bfc60a44eaac164e21960f343|435a38265c5689b5a1b8087058979b36,malignant (47),inferred_from_filename_not_verified_identifier,train,False,train/malignant/malignant (47).png
bag-ce5115e34cff,grp-ce5115e34cff,benign,16,train/benign/benign (168)-rotated1-rotated1.png|train/benign/benign (168)-rotated1-rotated2.png|train/benign/benign (168)-rotated1-sharpened.png|train/benign/benign (168)-rotated1.jpg|train/benign/benign (168)-rotated1.png|train/benign/benign (168)-rotated2-rotated1.png|train/benign/benign (168)-rotated2-rotated2.png|train/benign/benign (168)-rotated2-sharpened.png|train/benign/benign (168)-rotated2.jpg|train/benign/benign (168)-rotated2.png|train/benign/benign (168)-sharpened-rotated1.png|train/benign/benign (168)-sharpened-rotated2.png|train/benign/benign (168)-sharpened-sharpened.png|train/benign/benign (168)-sharpened.jpg|train/benign/benign (168)-sharpened.png|train/benign/benign (168).png,4926ec59599577d478ad7f0ff2ed1f2d|b93727d63f70fb5bec74e4f5000868ec|64be1da9b81f891186388a1422cbed4e|8a50b78c7997c0901d0fb18ca90d5cee|daeb7c6e4194443cdc50f84fa2618ff8|1888e205eabe4e7e7db0711f0effedc7|9817d713442ae3c6631a92a842b946d9|b34fc7b3966438c37ab185093e9305c1|06bdbe02fe70f2fa9f8262a4248b8aeb|9cf42ee527a952a8c5be0c33c0212583|64a5a6a794ec67885d741e42dee6605a|fddccd6f95b971d098fddf8b88c7c13c|ad6109550dd861ace8b2dff51c02add2|034b2d9656e794874d2451e9b16b80bd|64a6caa045811e3543d43c9e4ce9abea|a09535d6c058100983f51a05deb16b6d,benign (168),inferred_from_filename_not_verified_identifier,train,False,train/benign/benign (168).png
bag-ced867fd080d,grp-ced867fd080d,benign,16,train/benign/benign (121)-rotated1-rotated1.png|train/benign/benign (121)-rotated1-rotated2.png|train/benign/benign (121)-rotated1-sharpened.png|train/benign/benign (121)-rotated1.jpg|train/benign/benign (121)-rotated1.png|train/benign/benign (121)-rotated2-rotated1.png|train/benign/benign (121)-rotated2-rotated2.png|train/benign/benign (121)-rotated2-sharpened.png|train/benign/benign (121)-rotated2.jpg|train/benign/benign (121)-rotated2.png|train/benign/benign (121)-sharpened-rotated1.png|train/benign/benign (121)-sharpened-rotated2.png|train/benign/benign (121)-sharpened-sharpened.png|train/benign/benign (121)-sharpened.jpg|train/benign/benign (121)-sharpened.png|train/benign/benign (121).png,47ac4a442f027f674f6cd6cf8cb0b691|85b7003983321ca0e4734aece2843ba9|9138e3e8ab7b6d66c077716743a04b63|01990978961ca1fe16a126e2e2cf294a|3f1333859ab2b3868145a292e91e0d6b|27cdc093734a2c5f3c786aefb3721686|c512b1c9dfea78e3fed2b7684727217d|29dd03ac26329b018595c5d568234f70|cf9bd311662397bc3ac5c134996cce07|6a966bbb7c321f82fb16b7f7ee2c0f87|83dc122ea3a596acf46f102f1ee187aa|e115032d543f6e14be1c6ae6999427fc|f149ca5683d96b3fe4ad4a64c42c1c8a|16ba9d83c450da7830ba3013c98b9f22|9138e3e8ab7b6d66c077716743a04b63|01c64f4cd9da6cb732ff81bf34b3a252,benign (121),inferred_from_filename_not_verified_identifier,train,False,train/benign/benign (121).png
bag-cefdf4829fd1,grp-cefdf4829fd1,benign,16,train/benign/benign (230)-rotated1-rotated1.png|train/benign/benign (230)-rotated1-rotated2.png|train/benign/benign (230)-rotated1-sharpened.png|train/benign/benign (230)-rotated1.jpg|train/benign/benign (230)-rotated1.png|train/benign/benign (230)-rotated2-rotated1.png|train/benign/benign (230)-rotated2-rotated2.png|train/benign/benign (230)-rotated2-sharpened.png|train/benign/benign (230)-rotated2.jpg|train/benign/benign (230)-rotated2.png|train/benign/benign (230)-sharpened-rotated1.png|train/benign/benign (230)-sharpened-rotated2.png|train/benign/benign (230)-sharpened-sharpened.png|train/benign/benign (230)-sharpened.jpg|train/benign/benign (230)-sharpened.png|train/benign/benign (230).png,eee17de56bc14795e16dcc0b3a61c595|0cad2b00385644b1b6c75d5249e0db09|c1008676d228806c9bf2c26598b760c8|38f805e839be06e186faf571de034b7d|f62855dfd60d18137dc7ddbbbccb5d7f|32c362a32718d9ae24d6fc46ef5f28b1|6fda67284d4ef270f30c2f5c812a5d6d|2b77ee9d8cf386464366ddf1938f2079|be212680e4baa5616d04fc7c7cd96d70|cc64c71b676560c55f8b2922910fa779|6e4807bd79385e9226deae732a301ca3|658fa349a97bc6d61a1c9134d75a8a17|28dc90861dbaad3de143ecde146a588d|ba4a013bbbd7918cca612d2bd14ae398|2965d719fa24e091a6f9d4af8ecd42da|57c41fc046584dd19339094c19b88b57,benign (230),inferred_from_filename_not_verified_identifier,train,False,train/benign/benign (230).png
bag-d04d726644ef,grp-d04d726644ef,malignant,21,train/malignant/malignant (152)-rotated1-rotated1.png|train/malignant/malignant (152)-rotated1-rotated2.png|train/malignant/malignant (152)-rotated1-rotated32.png|train/malignant/malignant (152)-rotated1-sharpened.png|train/malignant/malignant (152)-rotated1.png|train/malignant/malignant (152)-rotated2-rotated1.png|train/malignant/malignant (152)-rotated2-rotated2.png|train/malignant/malignant (152)-rotated2-rotated32.png|train/malignant/malignant (152)-rotated2-sharpened.png|train/malignant/malignant (152)-rotated2.png|train/malignant/malignant (152)-rotated32-rotated1.png|train/malignant/malignant (152)-rotated32-rotated2.png|train/malignant/malignant (152)-rotated32-rotated32.png|train/malignant/malignant (152)-rotated32-sharpened.png|train/malignant/malignant (152)-rotated32.png|train/malignant/malignant (152)-sharpened-rotated1.png|train/malignant/malignant (152)-sharpened-rotated2.png|train/malignant/malignant (152)-sharpened-rotated32.png|train/malignant/malignant (152)-sharpened-sharpened.png|train/malignant/malignant (152)-sharpened.png|train/malignant/malignant (152).png,9b645c73916a9d377865cdf98ed1d151|71e96b3bfef15ec6e483b8d3fdf4a36d|6dcd2211d4cb10cffe72064165acd5f3|406848dcb5d17dfde0b3656d12126cd5|6f8651d24e131ea02704f85482283c79|676fff69a5786a70406a5918c17c1fcd|f2122c17420ef052e26c69614e861c75|307c32d5b737d2b669beb243cea7bf46|db364a2c0fd1f418148241afbbe77191|d42d07ed258563b11e70c4a5dddb7c08|8b3a3f25a1ae9c0c6d845f21fe96d4db|7fdd378a4b7414f99d2b8b7c1de7b50c|27b9314831e75cb9f489d36f72518b46|13e4e2b1be31ccd0c219fa4713f23465|440d49b8f4efa377d8bde4a67afc9a70|c282d6908529d19aabd5a06bdc2dd102|a6cd12b7c77139cb7d6d2d32284e206e|d829d6484209ef780203dd7d7eb38d81|ddf11fb1b154d43d75d49fd82126e73d|4bb198ff3bda4c534b233c04fb4975ee|f543564ff7238f478d2e4b1014df9502,malignant (152),inferred_from_filename_not_verified_identifier,train,False,train/malignant/malignant (152).png
bag-d0c3a1c1f3ba,grp-d0c3a1c1f3ba,benign,16,val/benign/benign (32)-rotated1-rotated1.png|val/benign/benign (32)-rotated1-rotated2.png|val/benign/benign (32)-rotated1-sharpened.png|val/benign/benign (32)-rotated1.jpg|val/benign/benign (32)-rotated1.png|val/benign/benign (32)-rotated2-rotated1.png|val/benign/benign (32)-rotated2-rotated2.png|val/benign/benign (32)-rotated2-sharpened.png|val/benign/benign (32)-rotated2.jpg|val/benign/benign (32)-rotated2.png|val/benign/benign (32)-sharpened-rotated1.png|val/benign/benign (32)-sharpened-rotated2.png|val/benign/benign (32)-sharpened-sharpened.png|val/benign/benign (32)-sharpened.jpg|val/benign/benign (32)-sharpened.png|val/benign/benign (32).png,af2634ac2dd1bb2186a0f385135a6599|a4c67ea8d84498c0c5223ea5ead47fe5|67a4d0c24747036ac9022976e10d2998|ecc5dd188ac09f60ba731bb915c83780|12565177c4f244bfc7a20f7ee922c644|85cb0b0604ffd3afe5c00ef2d7ba8f16|a02d9f02de8703bdd4e6b23edc4b9710|31184f35707b9d263027032be191c25c|ba7f717215d9e24301432a69e5a7d0dc|b6b950f8e03cbd113bfec592bf055dd5|6234850d1e60d637dbf2e3ecd26e0a3d|12231d577783e302f745d6f20d4af4b6|1797a4318371bf058b37ba9728f833f1|7b42b27cc2d7e71be8d74374c2e27146|a9ffd7f95d511df993fde2dfbe5e3d27|2e8a8f4a021ddb030967e778aaec0d40,benign (32),inferred_from_filename_not_verified_identifier,val,False,val/benign/benign (32).png
bag-d0f13b1540f5,grp-d0f13b1540f5,malignant,21,train/malignant/malignant (188)-rotated1-rotated1.png|train/malignant/malignant (188)-rotated1-rotated2.png|train/malignant/malignant (188)-rotated1-rotated32.png|train/malignant/malignant (188)-rotated1-sharpened.png|train/malignant/malignant (188)-rotated1.png|train/malignant/malignant (188)-rotated2-rotated1.png|train/malignant/malignant (188)-rotated2-rotated2.png|train/malignant/malignant (188)-rotated2-rotated32.png|train/malignant/malignant (188)-rotated2-sharpened.png|train/malignant/malignant (188)-rotated2.png|train/malignant/malignant (188)-rotated32-rotated1.png|train/malignant/malignant (188)-rotated32-rotated2.png|train/malignant/malignant (188)-rotated32-rotated32.png|train/malignant/malignant (188)-rotated32-sharpened.png|train/malignant/malignant (188)-rotated32.png|train/malignant/malignant (188)-sharpened-rotated1.png|train/malignant/malignant (188)-sharpened-rotated2.png|train/malignant/malignant (188)-sharpened-rotated32.png|train/malignant/malignant (188)-sharpened-sharpened.png|train/malignant/malignant (188)-sharpened.png|train/malignant/malignant (188).png,a1c10338fb6b176859abf341852f4416|334d6d9d37b1d887aea7c2f6e91605c5|cc26c73e4575e81dba55d3a02f6bdc77|9710d795271b595fbdf1857b00140c22|f612365f9c35ccf611d5e2dc07603794|913d4dd2a618ff0daa84444ebfa4769f|49e5032d336dbf084c15f420dd1d9ab4|fde819770e12edeb001eeaae8a26ccb9|3d66516607d0806cabf0a4e679dda473|b957834972982f76b012b2c119bbaee2|16e38cec6cfea784b106d3773942ffad|de7d69bf4a32ee648bc6fbdcb5e5ac5f|6247e9e322285e8ed59732a4bb038c10|a6375fc81fead9371583cfd158eeddae|49fab5a1cd15831588977e31c4552d19|2907888b0799b06ee1dc1fae821345d7|2907888b0799b06ee1dc1fae821345d7|fe047ef9522fdc6f41020dc2afbd4468|84bfb31988a8b6de4488710a0fd1deaf|9710d795271b595fbdf1857b00140c22|fd1c655dc592682c1852557d416ccfff,malignant (188),inferred_from_filename_not_verified_identifier,train,False,train/malignant/malignant (188).png
bag-d27624c797f1,grp-d27624c797f1,benign,16,train/benign/benign (66)-rotated1-rotated1.png|train/benign/benign (66)-rotated1-rotated2.png|train/benign/benign (66)-rotated1-sharpened.png|train/benign/benign (66)-rotated1.jpg|train/benign/benign (66)-rotated1.png|train/benign/benign (66)-rotated2-rotated1.png|train/benign/benign (66)-rotated2-rotated2.png|train/benign/benign (66)-rotated2-sharpened.png|train/benign/benign (66)-rotated2.jpg|train/benign/benign (66)-rotated2.png|train/benign/benign (66)-sharpened-rotated1.png|train/benign/benign (66)-sharpened-rotated2.png|train/benign/benign (66)-sharpened-sharpened.png|train/benign/benign (66)-sharpened.jpg|train/benign/benign (66)-sharpened.png|train/benign/benign (66).png,f638f8d742cadca9ba2b1852ce7d4771|62725465b12b0738b2ce696f923ac2b2|fc833a6dd1a08565ab21a92aaf69b669|3c6b413e27190eef9886739ad5603e1e|291a99bdcad881251dbd0b32d44e41fe|915d1f7cbfb079c67e0e0785709423a5|26138dad66f69cb5db460afa4b628a76|83b972c43948c88b08e2c2ab95437af4|3cbef8ae064fc5ca786c0fbe7e8cbe91|291a99bdcad881251dbd0b32d44e41fe|7e66739b8b32f311bb295467afe547f5|1ad74948c036cbe0cd9be59708b1f1b3|749f5ca50a58213ac7b57702675b698b|111f4f0ae9be900b2f552e2293a10dfd|13e84aa55b3e931c85cec4f345fa8e65|7c465ed9f86fdd6c03e129b295624ffb,benign (66),inferred_from_filename_not_verified_identifier,train,False,train/benign/benign (66).png
bag-d2769614c793,grp-d2769614c793,benign,16,train/benign/benign (110)-rotated1-rotated1.png|train/benign/benign (110)-rotated1-rotated2.png|train/benign/benign (110)-rotated1-sharpened.png|train/benign/benign (110)-rotated1.jpg|train/benign/benign (110)-rotated1.png|train/benign/benign (110)-rotated2-rotated1.png|train/benign/benign (110)-rotated2-rotated2.png|train/benign/benign (110)-rotated2-sharpened.png|train/benign/benign (110)-rotated2.jpg|train/benign/benign (110)-rotated2.png|train/benign/benign (110)-sharpened-rotated1.png|train/benign/benign (110)-sharpened-rotated2.png|train/benign/benign (110)-sharpened-sharpened.png|train/benign/benign (110)-sharpened.jpg|train/benign/benign (110)-sharpened.png|train/benign/benign (110).png,269906d89bb77cf9067b9c6fda2ec925|a6bb09ce11ec71eb9aa9082a8de64ee8|eee63ce7524ef58b00b293a0d020b0d2|15905ab91b2f264512a277cb0a98bdd5|ba8406e7447eca0c6f4ae4b5ddbc5e8a|7847bdc74482a3c37fcbef9f6e18bf23|7499b4284b71e3d3351d6d0f2bdd7fa3|9d79575c2582098b5bc0b684be1a6a78|bbeb7fe353659ad611bddc6b826b24ed|22a13cb9c81e7765f27a239ae05f995c|155d46b493218ea4488dbdbdd2054a36|17f84178368c8c02d8748baf58b203f2|b4e2d286d8c8226d23e94ae11da908a1|2e99910f346db57b83b6d5e6f05b63fe|97459faee1d41aa613740569c10509ab|de556656b572a88929594e21469c7d5f,benign (110),inferred_from_filename_not_verified_identifier,train,False,train/benign/benign (110).png
bag-d28131a29347,grp-d28131a29347,benign,16,train/benign/benign (251)-rotated1-rotated1.png|train/benign/benign (251)-rotated1-rotated2.png|train/benign/benign (251)-rotated1-sharpened.png|train/benign/benign (251)-rotated1.jpg|train/benign/benign (251)-rotated1.png|train/benign/benign (251)-rotated2-rotated1.png|train/benign/benign (251)-rotated2-rotated2.png|train/benign/benign (251)-rotated2-sharpened.png|train/benign/benign (251)-rotated2.jpg|train/benign/benign (251)-rotated2.png|train/benign/benign (251)-sharpened-rotated1.png|train/benign/benign (251)-sharpened-rotated2.png|train/benign/benign (251)-sharpened-sharpened.png|train/benign/benign (251)-sharpened.jpg|train/benign/benign (251)-sharpened.png|train/benign/benign (251).png,c768fe0b272b6e76aeee0eb818406609|65918e0c649eefd6c1ac441b6980a120|b9a79443d41b3e13d6869ed71aef193a|f93dd6a066b5075052bcc85971c92164|5c42cf6bfc848aca4438a961ff30cca0|d862446a3e91d71c4895f9857ed58a05|29e361926a2449142e986846a8c1cddb|96b8a280c92a6f3d781908af5b9b6a8d|4775d1f0d6279efce35e59731ce186ea|f15757f62097490d0dbe8354a97bb18e|7b02e1f98c4f154683516fc37ec20436|c6d27a56aac22903b09fa39dcdc637da|36c7824d5ba682039c748238fc039c5d|b479505ceb51502a31496a20e98065bd|7b37514c0ee2826afe27d054b29d0787|a496cb6323d7c182c6513be36c22aecc,benign (251),inferred_from_filename_not_verified_identifier,train,False,train/benign/benign (251).png
bag-d307b7a4d881,grp-d307b7a4d881,malignant,21,train/malignant/malignant (196)-rotated1-rotated1.png|train/malignant/malignant (196)-rotated1-rotated2.png|train/malignant/malignant (196)-rotated1-rotated32.png|train/malignant/malignant (196)-rotated1-sharpened.png|train/malignant/malignant (196)-rotated1.png|train/malignant/malignant (196)-rotated2-rotated1.png|train/malignant/malignant (196)-rotated2-rotated2.png|train/malignant/malignant (196)-rotated2-rotated32.png|train/malignant/malignant (196)-rotated2-sharpened.png|train/malignant/malignant (196)-rotated2.png|train/malignant/malignant (196)-rotated32-rotated1.png|train/malignant/malignant (196)-rotated32-rotated2.png|train/malignant/malignant (196)-rotated32-rotated32.png|train/malignant/malignant (196)-rotated32-sharpened.png|train/malignant/malignant (196)-rotated32.png|train/malignant/malignant (196)-sharpened-rotated1.png|train/malignant/malignant (196)-sharpened-rotated2.png|train/malignant/malignant (196)-sharpened-rotated32.png|train/malignant/malignant (196)-sharpened-sharpened.png|train/malignant/malignant (196)-sharpened.png|train/malignant/malignant (196).png,1de200cd818763b264e5261f726afb26|31e548dd81dfeb355e8a1c5ca62dc975|4bbedd9134ad6c38107ae9d23c464b0d|7c330a23afe6da7850a18c8d425c069e|4fa66eb2750864a2119c5442e572fac6|449d82864c2501a8782d0bac0816c6c4|eb9da1ec605ef3f6de2eddd2379ea580|6b048d50c5d3fc29b1cd897367ab65ab|05c0f6473fa426246365760c8a7d2a3b|7a59ec44c051b8c8f7bcb5b4ed9cfb4d|191eaa00b884a19f9c9e9144304bc257|599f336a5a06a6435b5c9b4c44f7ca32|a659e79e8a28e0a833e8e969bae67682|2aa6012b4a0bdd50a96befcfc1b6a864|4d327db0a0af3d41f80329f6ce68a6ff|af8b4a400eb9866794b72d1177f2f898|f2aff844de7e2883ec5adf2368a2c4b3|1b733dea1745dab5694fc05a138cfd25|876976de474cff9961a2187bbd7fe66c|2aa6012b4a0bdd50a96befcfc1b6a864|2a36169c3d7be235598d59778650946c,malignant (196),inferred_from_filename_not_verified_identifier,train,False,train/malignant/malignant (196).png
bag-d351d7ded51f,grp-d351d7ded51f,benign,16,val/benign/benign (4)-rotated1-rotated1.png|val/benign/benign (4)-rotated1-rotated2.png|val/benign/benign (4)-rotated1-sharpened.png|val/benign/benign (4)-rotated1.jpg|val/benign/benign (4)-rotated1.png|val/benign/benign (4)-rotated2-rotated1.png|val/benign/benign (4)-rotated2-rotated2.png|val/benign/benign (4)-rotated2-sharpened.png|val/benign/benign (4)-rotated2.jpg|val/benign/benign (4)-rotated2.png|val/benign/benign (4)-sharpened-rotated1.png|val/benign/benign (4)-sharpened-rotated2.png|val/benign/benign (4)-sharpened-sharpened.png|val/benign/benign (4)-sharpened.jpg|val/benign/benign (4)-sharpened.png|val/benign/benign (4).png,57cda17aca0d88b30b44bf6afffb75a2|8cd65498aa9fda268725d760b5373a8b|74b35743567f44b4170343fd02b72394|181e07bda27be9bcd6a58a5408a3f11f|4e5b827acbcab9ee235101b6b20fe98d|619ff0af5e77c96619bf877f5bb80eb3|e8ce6083ea71d2b458750cac96906d52|74b35743567f44b4170343fd02b72394|958cc5051e393618759c7d9fcc804784|19b2e3de1d278addbbc571d1551b4ac9|dee2be1f2d80e1fda593dbe6396c6b57|74b35743567f44b4170343fd02b72394|a48abb3ffe4ce901deb3fbdffcd3fb8b|6a7e40d3099e775bf74f9f9bd7a436c9|74b35743567f44b4170343fd02b72394|894a09b9af26892f38a5ad69769044bd,benign (4),inferred_from_filename_not_verified_identifier,val,False,val/benign/benign (4).png
bag-d39f54d022ec,grp-d39f54d022ec,benign,16,train/benign/benign (62)-rotated1-rotated1.png|train/benign/benign (62)-rotated1-rotated2.png|train/benign/benign (62)-rotated1-sharpened.png|train/benign/benign (62)-rotated1.jpg|train/benign/benign (62)-rotated1.png|train/benign/benign (62)-rotated2-rotated1.png|train/benign/benign (62)-rotated2-rotated2.png|train/benign/benign (62)-rotated2-sharpened.png|train/benign/benign (62)-rotated2.jpg|train/benign/benign (62)-rotated2.png|train/benign/benign (62)-sharpened-rotated1.png|train/benign/benign (62)-sharpened-rotated2.png|train/benign/benign (62)-sharpened-sharpened.png|train/benign/benign (62)-sharpened.jpg|train/benign/benign (62)-sharpened.png|train/benign/benign (62).png,d71358df58fedc3a683f568c6f802ed3|c569daef099ae0d893411dd468732bb6|8a3aae0db53e07a404d2e8a7b3b71b63|3fa2518b81f38f99588561463d8f11c4|2de2ae7d4d3bcd0e1d28eeb8ca20d229|c8358c4896195655af53b65f0d30fa02|7dda7086a5c5f62cfdeb18830bcc849e|11c1aacd1bdec1b0be6ec304a5c2b11c|c046f9e6e6de85f279d7c94800152e08|0f131362c174c2e4fae70825113b42b0|02e60a592d9f4d50933573de6079134c|b1b721944d7c03e95978fdaf533f8ee9|bcb4b86845debe6ddf4bd58fcac09f50|b72b377200729b719f41305ebe8e7c7e|728f79d53ae938c1b87997dcea80cf18|e1b9ad27d1f6d6879aad5d3a2b17f293,benign (62),inferred_from_filename_not_verified_identifier,train,False,train/benign/benign (62).png
bag-d4630d384a7f,grp-d4630d384a7f,malignant,21,val/malignant/malignant (14)-rotated1-rotated1.png|val/malignant/malignant (14)-rotated1-rotated2.png|val/malignant/malignant (14)-rotated1-rotated32.png|val/malignant/malignant (14)-rotated1-sharpened.png|val/malignant/malignant (14)-rotated1.png|val/malignant/malignant (14)-rotated2-rotated1.png|val/malignant/malignant (14)-rotated2-rotated2.png|val/malignant/malignant (14)-rotated2-rotated32.png|val/malignant/malignant (14)-rotated2-sharpened.png|val/malignant/malignant (14)-rotated2.png|val/malignant/malignant (14)-rotated32-rotated1.png|val/malignant/malignant (14)-rotated32-rotated2.png|val/malignant/malignant (14)-rotated32-rotated32.png|val/malignant/malignant (14)-rotated32-sharpened.png|val/malignant/malignant (14)-rotated32.png|val/malignant/malignant (14)-sharpened-rotated1.png|val/malignant/malignant (14)-sharpened-rotated2.png|val/malignant/malignant (14)-sharpened-rotated32.png|val/malignant/malignant (14)-sharpened-sharpened.png|val/malignant/malignant (14)-sharpened.png|val/malignant/malignant (14).png,46b043772368ba9da3fb016215b1f2c0|8061c62fd7f7ce1f12f8c406fe897e28|b1c1b0e6e09e727278a47f7a0d798a8f|5bb420eb09a4e28c5049d19048de1f2e|baafdf51043f07d9cd8bfa5102135ae5|b0d465041fafbc66bc76b2260883633c|0a037dfed50c6add3104a594c8536043|d925e9067ac98c8c4cc3a49f02a9dad2|9c7e385fe332ca359d86b792d3baa7b5|0233864ee12c5b34ce0c70d20fe01fa1|46e21ded910bc95b0e3ebb7b6ac09744|481e1481a583cc102ea393ec59af7ca6|9a9c8b6f517ab735ac247c1d3ea83317|5505dc70c63cfbfce2e148c111383a7b|206a360596f33a842f07f038548255da|56482eef28039d45e8d8a0968ebfde87|0f1cfb0611563374f372d5d112e5b2d9|d3560b8073863c11a7b474fbdfbfee8e|fb2f9f29807e0b622d36acf98986f1c5|0dd0ce63fc1bfa91db054a5f4fb4fc20|fab7266465353cd1b7ad893c5b0d8b3b,malignant (14),inferred_from_filename_not_verified_identifier,val,False,val/malignant/malignant (14).png
bag-d4ceeeb68866,grp-d4ceeeb68866,malignant,21,train/malignant/malignant (67)-rotated1-rotated1.png|train/malignant/malignant (67)-rotated1-rotated2.png|train/malignant/malignant (67)-rotated1-rotated32.png|train/malignant/malignant (67)-rotated1-sharpened.png|train/malignant/malignant (67)-rotated1.png|train/malignant/malignant (67)-rotated2-rotated1.png|train/malignant/malignant (67)-rotated2-rotated2.png|train/malignant/malignant (67)-rotated2-rotated32.png|train/malignant/malignant (67)-rotated2-sharpened.png|train/malignant/malignant (67)-rotated2.png|train/malignant/malignant (67)-rotated32-rotated1.png|train/malignant/malignant (67)-rotated32-rotated2.png|train/malignant/malignant (67)-rotated32-rotated32.png|train/malignant/malignant (67)-rotated32-sharpened.png|train/malignant/malignant (67)-rotated32.png|train/malignant/malignant (67)-sharpened-rotated1.png|train/malignant/malignant (67)-sharpened-rotated2.png|train/malignant/malignant (67)-sharpened-rotated32.png|train/malignant/malignant (67)-sharpened-sharpened.png|train/malignant/malignant (67)-sharpened.png|train/malignant/malignant (67).png,2996b49c4c578b96f0b39d6b4afdf93c|dcf6df0c9a1e2ba29ff27c8a22fd1ce4|616fa285be265246a6a5459eeb86f0ec|ec7aaddd765af9cbd7151ef20e101dee|5c7e8c986c91f150f68c5b2c20d55f6c|df5a168fb47690c87c47dbad664050d8|c52ed9d29f90e89d299a28f4c439684f|cf983b75cbc7248dd72bf5d573ce31e5|ea5b5a34e99d270750164f8fb48806f4|584451a4260d0374b27a3041bfaaba9b|0013a1d687e4bd4076e99b1b59cc1ca1|2c3c1e1d0cfc6f3cfce1e5c9654344b1|5a2cbecbe5efe610e122e01a4561e4da|517392a563579caf6989264129ec0093|b4a6dc48c05355e36ad6ac5177eb5165|28d75cd4f73e245b290cd536088e7bf9|ac71b7b18c31d9cd7d7ce22627df2727|50d21680598e992fc182bcc1d2b65f01|cd4b79fba358e6f5e5e2b836f59fccc4|3cad25a21e9b441800403e3b73123943|887c825fa8485fef37d00ec0fae43bf1,malignant (67),inferred_from_filename_not_verified_identifier,train,False,train/malignant/malignant (67).png
bag-d5545beefcd1,grp-d5545beefcd1,malignant,21,train/malignant/malignant (104)-rotated1-rotated1.png|train/malignant/malignant (104)-rotated1-rotated2.png|train/malignant/malignant (104)-rotated1-rotated32.png|train/malignant/malignant (104)-rotated1-sharpened.png|train/malignant/malignant (104)-rotated1.png|train/malignant/malignant (104)-rotated2-rotated1.png|train/malignant/malignant (104)-rotated2-rotated2.png|train/malignant/malignant (104)-rotated2-rotated32.png|train/malignant/malignant (104)-rotated2-sharpened.png|train/malignant/malignant (104)-rotated2.png|train/malignant/malignant (104)-rotated32-rotated1.png|train/malignant/malignant (104)-rotated32-rotated2.png|train/malignant/malignant (104)-rotated32-rotated32.png|train/malignant/malignant (104)-rotated32-sharpened.png|train/malignant/malignant (104)-rotated32.png|train/malignant/malignant (104)-sharpened-rotated1.png|train/malignant/malignant (104)-sharpened-rotated2.png|train/malignant/malignant (104)-sharpened-rotated32.png|train/malignant/malignant (104)-sharpened-sharpened.png|train/malignant/malignant (104)-sharpened.png|train/malignant/malignant (104).png,d443049d69efc81db05799734ffdad0d|6ac5984027d7fcd2baa8b3bed2ac2552|c5a12386db18f615bfbebcfa5d7058d5|c350477cf66d492acd245164dfa9f144|adc66a3bc8778e9465372d3a1164d434|40cd89c7b2dc0cd7a353b1f16c060078|5157f8276af4e3c9e4699e32c84c0672|cf4d379f4b93c0bba5754b1271e9cedf|114b9209c4f5d00c6ba437d2da9e32cf|e0798f259b313f0ce6a03862066dfd8f|be911fc6a8f7370cebcf1db05b74febf|6603b25734893b21f74c4617f576f0d2|40ce44767718ba8958c81ffaa3cd7245|a00183c0c3ff309e8daf47d77a0aeb14|a99bd16f078c2de63a77c2b424ba0b39|b5b6bea221b768931cb26425f9b3e76f|b445c1e2131347c9ce33900813fb7966|f03bc540c09c5804200da29f09f46274|c8625bf998799e7c481d5a509edbe7b0|f69ed99f4504cac3d903c34b07953546|80a383398422c38974e0e373854c4a1f,malignant (104),inferred_from_filename_not_verified_identifier,train,False,train/malignant/malignant (104).png
bag-d55a85f2c306,grp-d55a85f2c306,benign,16,train/benign/benign (174)-rotated1-rotated1.png|train/benign/benign (174)-rotated1-rotated2.png|train/benign/benign (174)-rotated1-sharpened.png|train/benign/benign (174)-rotated1.jpg|train/benign/benign (174)-rotated1.png|train/benign/benign (174)-rotated2-rotated1.png|train/benign/benign (174)-rotated2-rotated2.png|train/benign/benign (174)-rotated2-sharpened.png|train/benign/benign (174)-rotated2.jpg|train/benign/benign (174)-rotated2.png|train/benign/benign (174)-sharpened-rotated1.png|train/benign/benign (174)-sharpened-rotated2.png|train/benign/benign (174)-sharpened-sharpened.png|train/benign/benign (174)-sharpened.jpg|train/benign/benign (174)-sharpened.png|train/benign/benign (174).png,ce082568d4b7e509bf9d88b996b818e7|c04101c271968bf625e1246e0f6eb117|6e1e00f8b11f2ac7ec4263c96a2da938|f41a6f78341cadbda0bcc3eb3b96bd7f|64deaeca2417be1d2be7eee7a50a5cc2|1641567d4adb42d5ac1701ae09cdfc02|f1f67cc10b9238d8fc4c3dc2588bdc5d|534452c820b63d2cb534848e55fd6956|a81695811fa6bc61672d1438640d647f|6a6099c0a760830766e72fcc9ec3c910|a562a691f0c03b5b759ca8a5262f85a4|5a91787201e7d4874dbe0508e08e0720|948d012a7c9378c9efe87bb4d2707b99|1e470d55b9697f6903eb250af75d5021|416cbd99ea2eb599bb8349dff01544a9|264220c3383ee225e4a0ed008043de70,benign (174),inferred_from_filename_not_verified_identifier,train,False,train/benign/benign (174).png
bag-d5e8e2568d11,grp-d5e8e2568d11,malignant,21,train/malignant/malignant (158)-rotated1-rotated1.png|train/malignant/malignant (158)-rotated1-rotated2.png|train/malignant/malignant (158)-rotated1-rotated32.png|train/malignant/malignant (158)-rotated1-sharpened.png|train/malignant/malignant (158)-rotated1.png|train/malignant/malignant (158)-rotated2-rotated1.png|train/malignant/malignant (158)-rotated2-rotated2.png|train/malignant/malignant (158)-rotated2-rotated32.png|train/malignant/malignant (158)-rotated2-sharpened.png|train/malignant/malignant (158)-rotated2.png|train/malignant/malignant (158)-rotated32-rotated1.png|train/malignant/malignant (158)-rotated32-rotated2.png|train/malignant/malignant (158)-rotated32-rotated32.png|train/malignant/malignant (158)-rotated32-sharpened.png|train/malignant/malignant (158)-rotated32.png|train/malignant/malignant (158)-sharpened-rotated1.png|train/malignant/malignant (158)-sharpened-rotated2.png|train/malignant/malignant (158)-sharpened-rotated32.png|train/malignant/malignant (158)-sharpened-sharpened.png|train/malignant/malignant (158)-sharpened.png|train/malignant/malignant (158).png,f3898ab318e357dd65a6d3cc40358162|3a4e9a89f4f11fb4f09141858557837a|020eda8a26e382771abb06dd6415978c|1de23964f51d1a2bbed144c295697145|c5131acbc0219ff058f5da47e136330f|589ec9f710178aed8a5002d4e7851048|9c4546027dfbf74187a482b2287a2feb|35da88fe4cda40330ff91c2f6155f249|43e4c512f5c39097ecefcbd3859c42bf|36e2b89e67860e10fec4672ffcf93fa9|b1928360e40a6fb93dde733a61a407c1|a02bb4d519559cfe6801c9e726337d5d|7cdf556979cc5852c8d9f8973dd48eba|de197eeb365ac364c9cfcee6c604bce5|b74ee62319e834a4d8b90016c13fe0dd|a2a431e1c4ce0080e7a2d5f5b9866132|9c7ba552a92804149c24e980aac71b84|b8a1559f31dc24a3aa01c81169d4a77d|3fd68903d53a39325f4aad5daf4fd1ec|a0dc77965c9a75662aa06b7f9ec5dec0|68fbb97aeb9421c26e8aa5aa53fdfa46,malignant (158),inferred_from_filename_not_verified_identifier,train,False,train/malignant/malignant (158).png
bag-d5f65320273b,grp-d5f65320273b,malignant,21,val/malignant/malignant (11)-rotated1-rotated1.png|val/malignant/malignant (11)-rotated1-rotated2.png|val/malignant/malignant (11)-rotated1-rotated32.png|val/malignant/malignant (11)-rotated1-sharpened.png|val/malignant/malignant (11)-rotated1.png|val/malignant/malignant (11)-rotated2-rotated1.png|val/malignant/malignant (11)-rotated2-rotated2.png|val/malignant/malignant (11)-rotated2-rotated32.png|val/malignant/malignant (11)-rotated2-sharpened.png|val/malignant/malignant (11)-rotated2.png|val/malignant/malignant (11)-rotated32-rotated1.png|val/malignant/malignant (11)-rotated32-rotated2.png|val/malignant/malignant (11)-rotated32-rotated32.png|val/malignant/malignant (11)-rotated32-sharpened.png|val/malignant/malignant (11)-rotated32.png|val/malignant/malignant (11)-sharpened-rotated1.png|val/malignant/malignant (11)-sharpened-rotated2.png|val/malignant/malignant (11)-sharpened-rotated32.png|val/malignant/malignant (11)-sharpened-sharpened.png|val/malignant/malignant (11)-sharpened.png|val/malignant/malignant (11).png,ff100a618e7bd1ff0143f60a24f0523f|e49e27a8ea3be743adc910464facf492|8be9b169c02a0b6edcda0ea1e2434bb3|c2cb510608393d2a69cc93fdd4549558|405e6cf7849e23e59cb6657e4873bdf7|56a417b44a623af33d3898c9d6d8aeab|c248b6327163eaa784fccd32cc674969|97451c82497f88d790602d3c6f54b853|86a1485a39e8c556cdcebed8d88d5756|09f52b042415ba26e60842339ab12b3c|5c47b593abe273869198c241ae79882a|2ee75ace04386e7fad1a1f62fc2a22cd|96e27cea514714728ae10f39ec33eb53|6c0649dd8f7c81bc575620f362b2a8e1|744dfcf0d418f5cf27b7d03fc5db6c88|c7c9ceac414acda44c2b8f7a265b0ffb|b5f6c23f7888d0f1bb6a1b0b18fb8938|c12fdcfa67da59ca48abf0392690596a|ff99744c5e5b51a772b93804034fa1d1|79aedc9079c6cb1e23d7eafe564c56f2|f0432867c6768a8fb1fef381d51d53a2,malignant (11),inferred_from_filename_not_verified_identifier,val,False,val/malignant/malignant (11).png
bag-d66e748a88fa,grp-d66e748a88fa,benign,16,train/benign/benign (270)-rotated1-rotated1.png|train/benign/benign (270)-rotated1-rotated2.png|train/benign/benign (270)-rotated1-sharpened.png|train/benign/benign (270)-rotated1.jpg|train/benign/benign (270)-rotated1.png|train/benign/benign (270)-rotated2-rotated1.png|train/benign/benign (270)-rotated2-rotated2.png|train/benign/benign (270)-rotated2-sharpened.png|train/benign/benign (270)-rotated2.jpg|train/benign/benign (270)-rotated2.png|train/benign/benign (270)-sharpened-rotated1.png|train/benign/benign (270)-sharpened-rotated2.png|train/benign/benign (270)-sharpened-sharpened.png|train/benign/benign (270)-sharpened.jpg|train/benign/benign (270)-sharpened.png|train/benign/benign (270).png,85209c887bff75af5d1c82f94dea537a|0eef1ed301efebb70c0b0158412e44e4|dddb570f744b25c395eb8d884025b7a4|49b1434edf6df5bc3cf3292473fbff00|4c422ddf26314eeb985395c3c1f8406e|c5407bb6a241e15c9d92e1f18bf29f8e|8d1221900fc059526bb39a6f54b30a7e|6bc23581895100c17e5f2f985d528c81|81f241ac1d99b011e9abdca209fad4cf|0931c04cb678581b408a47555427fdc8|4cef833f02a16972d2243a6b0fc712eb|19408e0c793cce64b48ab34904cb2c35|95afa18d8846c0d983f9cd3937068146|b0f02212891563a3ff06ba2932e7cdcc|3b657c94e06d03a3ddbdfb6385716e35|59cf43503abb22a32e5565e813795d89,benign (270),inferred_from_filename_not_verified_identifier,train,False,train/benign/benign (270).png
bag-d680848d33e0,grp-d680848d33e0,benign,16,train/benign/benign (97)-rotated1-rotated1.png|train/benign/benign (97)-rotated1-rotated2.png|train/benign/benign (97)-rotated1-sharpened.png|train/benign/benign (97)-rotated1.jpg|train/benign/benign (97)-rotated1.png|train/benign/benign (97)-rotated2-rotated1.png|train/benign/benign (97)-rotated2-rotated2.png|train/benign/benign (97)-rotated2-sharpened.png|train/benign/benign (97)-rotated2.jpg|train/benign/benign (97)-rotated2.png|train/benign/benign (97)-sharpened-rotated1.png|train/benign/benign (97)-sharpened-rotated2.png|train/benign/benign (97)-sharpened-sharpened.png|train/benign/benign (97)-sharpened.jpg|train/benign/benign (97)-sharpened.png|train/benign/benign (97).png,2e7cffd7b7da2e801438a765ef17d08a|90a5feaefaed8e080f6e90272d2fec28|bacc1799a26b199f71c2f8a3c63b8164|70c352817b047f67ca492a341f1cc7bb|dbd23f0542b270d07d856854c61a4e81|72a202fbbb3fb6ac367ddfe83ddf25e7|cd7bad3a82479964dfcd7ad56f3bf150|6d5b472fd1991a7e4e2a0145dd6cbc80|6f67d558f77f08b4d661498dde437a05|36114c833607a1c303ec969f762cc7a3|f1ea77470589e63cf96df8ff019a585b|7265f1f01c3a07965cbc07f3dd4efbaf|69324d74c53c9f1f504996ab2e1d22c2|40798f853fcb4f46e4611c3c6689d256|d20939e4515ab57d9349bb1dd0486a26|e7c8251a5694e89eb409eb3f0cdb138d,benign (97),inferred_from_filename_not_verified_identifier,train,False,train/benign/benign (97).png
bag-d744850a9ff7,grp-d744850a9ff7,malignant,21,train/malignant/malignant (139)-rotated1-rotated1.png|train/malignant/malignant (139)-rotated1-rotated2.png|train/malignant/malignant (139)-rotated1-rotated32.png|train/malignant/malignant (139)-rotated1-sharpened.png|train/malignant/malignant (139)-rotated1.png|train/malignant/malignant (139)-rotated2-rotated1.png|train/malignant/malignant (139)-rotated2-rotated2.png|train/malignant/malignant (139)-rotated2-rotated32.png|train/malignant/malignant (139)-rotated2-sharpened.png|train/malignant/malignant (139)-rotated2.png|train/malignant/malignant (139)-rotated32-rotated1.png|train/malignant/malignant (139)-rotated32-rotated2.png|train/malignant/malignant (139)-rotated32-rotated32.png|train/malignant/malignant (139)-rotated32-sharpened.png|train/malignant/malignant (139)-rotated32.png|train/malignant/malignant (139)-sharpened-rotated1.png|train/malignant/malignant (139)-sharpened-rotated2.png|train/malignant/malignant (139)-sharpened-rotated32.png|train/malignant/malignant (139)-sharpened-sharpened.png|train/malignant/malignant (139)-sharpened.png|train/malignant/malignant (139).png,a7d270e0ae348f2307cc59c307e194fb|bd7985e94df350e41134c1b6239a56a7|717555610b3aa2a19f23f0a67d593085|f8e88c6231e845a2d7c7099abdd60961|b48afcc9ccea2e22e04feeec7fda0fe9|f48a1a0b59ccc1f241af3839797d1f88|9bf5c61aa0b8925115135d6d36b16174|6643ad77ee67d645c0456db6e0e3cafc|49ca5c6fa908804a4a196e88f2c3af70|2c00e8c35d130951192a0c044acc1b8b|6ff7e8f582ebfb3725c7f4c0680dde5d|a939cadfe769c844251333b1f03c1440|ee4a51d30a38f7940257ab1b22c7decd|6f6a0a375577f6903ab3c83ae1856691|b1d64c3b3ee9cf2c3de7bd00e7e8cc81|bd31c568ccf585384bd2d7954dd12d44|0a2dcaf74016cda5648ac79bfcafeb62|76cea9e5d04893788e3e2322daac60eb|c3db57235a03b919644c2bd060161d74|56990899e54f9e3392af8b07dc4a6a93|52848987847391d9776a860edf99e155,malignant (139),inferred_from_filename_not_verified_identifier,train,False,train/malignant/malignant (139).png
bag-d8716eed80ae,grp-d8716eed80ae,benign,16,train/benign/benign (132)-rotated1-rotated1.png|train/benign/benign (132)-rotated1-rotated2.png|train/benign/benign (132)-rotated1-sharpened.png|train/benign/benign (132)-rotated1.jpg|train/benign/benign (132)-rotated1.png|train/benign/benign (132)-rotated2-rotated1.png|train/benign/benign (132)-rotated2-rotated2.png|train/benign/benign (132)-rotated2-sharpened.png|train/benign/benign (132)-rotated2.jpg|train/benign/benign (132)-rotated2.png|train/benign/benign (132)-sharpened-rotated1.png|train/benign/benign (132)-sharpened-rotated2.png|train/benign/benign (132)-sharpened-sharpened.png|train/benign/benign (132)-sharpened.jpg|train/benign/benign (132)-sharpened.png|train/benign/benign (132).png,4f987dd1b4a074a13afe55dfb5247bde|31e533bfd531e9db2d821ec4542a7fa1|67488f64bbca290dbd6d08149ff63656|ce5f32d3de83db3a6d68a69662a051d5|b83b15b9cc6c6c4b8a61a40960a5229c|a14d5bbf7078c722144007adefc6a9ef|f40693e7e0745250e17eafb1b37b217f|aa5ebb7c9d2ee44b0402f87428e98f7a|1b35587303c71df7287276a868b4147f|686db52a261ed800966b79836a5dda35|715bdeb61653b9ea9a6bb8d00de90fda|bb8b178fc61f660d9ebfafd9565eac6e|14e80afa484ee4c1b948e43098a6b2fb|605f15f734006bee07018ad759fa0eec|715bdeb61653b9ea9a6bb8d00de90fda|691f6ef4a963f940a0a0b3ae024f6e47,benign (132),inferred_from_filename_not_verified_identifier,train,False,train/benign/benign (132).png
bag-d9063fdcd998,grp-d9063fdcd998,benign,16,train/benign/benign (155)-rotated1-rotated1.png|train/benign/benign (155)-rotated1-rotated2.png|train/benign/benign (155)-rotated1-sharpened.png|train/benign/benign (155)-rotated1.jpg|train/benign/benign (155)-rotated1.png|train/benign/benign (155)-rotated2-rotated1.png|train/benign/benign (155)-rotated2-rotated2.png|train/benign/benign (155)-rotated2-sharpened.png|train/benign/benign (155)-rotated2.jpg|train/benign/benign (155)-rotated2.png|train/benign/benign (155)-sharpened-rotated1.png|train/benign/benign (155)-sharpened-rotated2.png|train/benign/benign (155)-sharpened-sharpened.png|train/benign/benign (155)-sharpened.jpg|train/benign/benign (155)-sharpened.png|train/benign/benign (155).png,b266967d523f2e9249fde07673f4ec0e|eab573fe4b6ce68623354758759bb634|621abf7c982e54f9d568cd3af6cbd2b3|fc64277b6665e89e4576a33ac4348bd6|203556ff0efa7748f41892897801a663|0211e59dbdcd227081357ada684f28e5|8da6b1b8e9f147ece6dce7b24e01c02c|6d3e6ad43bd3a6278df339eea4b829fd|bc433321469f343addaa5728f6a4508a|9438d1cb37b08ec958397d059e201456|dd5c1b9715b17917ffc5c9bbb28a0d50|01837592ee4d0269e7d404e5c7deb19c|d24032c8cb498c6b1c871c9c0e6684fb|5a79c5b72b61bdc6c8e84f358c443bcd|e179664e1a1366b35476c538e229908e|f110a951ea46dd052eefb9f054106bdc,benign (155),inferred_from_filename_not_verified_identifier,train,False,train/benign/benign (155).png
bag-d9d8f837eb1c,grp-d9d8f837eb1c,malignant,21,train/malignant/malignant (176)-rotated1-rotated1.png|train/malignant/malignant (176)-rotated1-rotated2.png|train/malignant/malignant (176)-rotated1-rotated32.png|train/malignant/malignant (176)-rotated1-sharpened.png|train/malignant/malignant (176)-rotated1.png|train/malignant/malignant (176)-rotated2-rotated1.png|train/malignant/malignant (176)-rotated2-rotated2.png|train/malignant/malignant (176)-rotated2-rotated32.png|train/malignant/malignant (176)-rotated2-sharpened.png|train/malignant/malignant (176)-rotated2.png|train/malignant/malignant (176)-rotated32-rotated1.png|train/malignant/malignant (176)-rotated32-rotated2.png|train/malignant/malignant (176)-rotated32-rotated32.png|train/malignant/malignant (176)-rotated32-sharpened.png|train/malignant/malignant (176)-rotated32.png|train/malignant/malignant (176)-sharpened-rotated1.png|train/malignant/malignant (176)-sharpened-rotated2.png|train/malignant/malignant (176)-sharpened-rotated32.png|train/malignant/malignant (176)-sharpened-sharpened.png|train/malignant/malignant (176)-sharpened.png|train/malignant/malignant (176).png,9d19706ce09ad6e6c55b6c5508859c22|7a0784a5ce0c2b9c3a2239afc7b6f5a9|5a0c6a2604745c8d3833bd8a7a87e0c4|d0f708904a8dab8a6ecbfa5cca957893|6437704ca89f3441139a6b893230435f|7272bf168ea7118fc45d6ac1f2ec8d86|13486d23219b46a124d51ee422c68898|7272bf168ea7118fc45d6ac1f2ec8d86|a1423f60d23ec9123bcbcd115e9bf1cc|7a4b7b84312bc97f9d921ad2512de6b7|8e011febb60502c15af8496ac941fde9|2c6a1f9eb2420992f75db5f716c2d165|63ff84252381c7de0b6977fb2620a288|7466f8ef89a590e3a1e6c3bc3a6180c3|1b619b9318e874327982a3c4bb0dcb5d|313ac2eb0030af0e38d88c614baefe32|4eb909768cc05d6a792b1cbed2b018f1|b6af81fadaf03ab1a342e1906d2e93d8|6459794a4c18c6bbcd2a0b97aa809f13|de46964556cb22704f810c74729b428d|4bb22d70ccb54bbb0ce357f0a6664e74,malignant (176),inferred_from_filename_not_verified_identifier,train,False,train/malignant/malignant (176).png
bag-d9e66447fade,grp-d9e66447fade,malignant,21,train/malignant/malignant (160)-rotated1-rotated1.png|train/malignant/malignant (160)-rotated1-rotated2.png|train/malignant/malignant (160)-rotated1-rotated32.png|train/malignant/malignant (160)-rotated1-sharpened.png|train/malignant/malignant (160)-rotated1.png|train/malignant/malignant (160)-rotated2-rotated1.png|train/malignant/malignant (160)-rotated2-rotated2.png|train/malignant/malignant (160)-rotated2-rotated32.png|train/malignant/malignant (160)-rotated2-sharpened.png|train/malignant/malignant (160)-rotated2.png|train/malignant/malignant (160)-rotated32-rotated1.png|train/malignant/malignant (160)-rotated32-rotated2.png|train/malignant/malignant (160)-rotated32-rotated32.png|train/malignant/malignant (160)-rotated32-sharpened.png|train/malignant/malignant (160)-rotated32.png|train/malignant/malignant (160)-sharpened-rotated1.png|train/malignant/malignant (160)-sharpened-rotated2.png|train/malignant/malignant (160)-sharpened-rotated32.png|train/malignant/malignant (160)-sharpened-sharpened.png|train/malignant/malignant (160)-sharpened.png|train/malignant/malignant (160).png,b722f2ee064a12b92d7a99d779de6e4c|d8767227789608a76a850c5ae14455b7|e675fe3d13c27937b3b949c25e677f85|194966b0997fdcb2c2ed74b94bbb8280|657ead64b1b3d58bf6193303d6b39abc|7e6f1de0c14d0400774574440d5dd630|50a2d003b0bf02c81bfdf0e5bf165aba|808e9952ee10803b7a749e71c4437dff|dd2f95f2fca8ee5794c98aaf730178c8|6c2bd32864178cce2976f42518e7ead2|551cab6673a420ca77fd29f3ad857c06|d0e4761d8b2bd160a4325292072f14cf|ff82baf6f6fd3a435c17c88ac0b32720|f54f3798f888a4c77a33a9206906ff05|a1111a64a41d8ae6bf112dcfc964d30e|ccbe86c52a769a846081897a04842d8e|3262542884912ed0a3651f1e01a3b40a|223a754cf94d959259190465b0bb5df1|7e22cdb37b57f1b9404448c5541b76d4|2416c9cc9ab8b1292f72dfc6646d157d|05af0d2f07994fad475b73831b07807b,malignant (160),inferred_from_filename_not_verified_identifier,train,False,train/malignant/malignant (160).png
bag-db8f4fe1a903,grp-db8f4fe1a903,benign,16,train/benign/benign (116)-rotated1-rotated1.png|train/benign/benign (116)-rotated1-rotated2.png|train/benign/benign (116)-rotated1-sharpened.png|train/benign/benign (116)-rotated1.jpg|train/benign/benign (116)-rotated1.png|train/benign/benign (116)-rotated2-rotated1.png|train/benign/benign (116)-rotated2-rotated2.png|train/benign/benign (116)-rotated2-sharpened.png|train/benign/benign (116)-rotated2.jpg|train/benign/benign (116)-rotated2.png|train/benign/benign (116)-sharpened-rotated1.png|train/benign/benign (116)-sharpened-rotated2.png|train/benign/benign (116)-sharpened-sharpened.png|train/benign/benign (116)-sharpened.jpg|train/benign/benign (116)-sharpened.png|train/benign/benign (116).png,63d71340afee1af2fef74aea906ea8c4|af7596e7e5004b9299897acdc407dad2|6e9912a79e0f083e3a292bdc604dfd91|34968aac664d1ee0da74aa649d6e800b|0986a5d431fc1f6fe5da358eede0fea4|82477bca05d24fde06579b38982eb403|97c015b0825b5dbfcb839cdf2a88a3e8|41a9e0c6c780483b32dd43edb8878bcc|e08beb3dbeaede3474d25c3119e4628d|5891019d7a63f93b412ac946efcf9cba|3220a59a62b440e46437ff0603b8bfff|fcaa7ac37acd26e6a71c24fdabf522d0|549925b4b965146aab3f49d419c76e5b|7a6a7443e0702f79bccaf6067d4726b5|4d0987834e7087f7b91b75756440e485|50272b0b90dc72dd434995915cba4098,benign (116),inferred_from_filename_not_verified_identifier,train,False,train/benign/benign (116).png
bag-dc06414f7b71,grp-dc06414f7b71,malignant,21,train/malignant/malignant (97)-rotated1-rotated1.png|train/malignant/malignant (97)-rotated1-rotated2.png|train/malignant/malignant (97)-rotated1-rotated32.png|train/malignant/malignant (97)-rotated1-sharpened.png|train/malignant/malignant (97)-rotated1.png|train/malignant/malignant (97)-rotated2-rotated1.png|train/malignant/malignant (97)-rotated2-rotated2.png|train/malignant/malignant (97)-rotated2-rotated32.png|train/malignant/malignant (97)-rotated2-sharpened.png|train/malignant/malignant (97)-rotated2.png|train/malignant/malignant (97)-rotated32-rotated1.png|train/malignant/malignant (97)-rotated32-rotated2.png|train/malignant/malignant (97)-rotated32-rotated32.png|train/malignant/malignant (97)-rotated32-sharpened.png|train/malignant/malignant (97)-rotated32.png|train/malignant/malignant (97)-sharpened-rotated1.png|train/malignant/malignant (97)-sharpened-rotated2.png|train/malignant/malignant (97)-sharpened-rotated32.png|train/malignant/malignant (97)-sharpened-sharpened.png|train/malignant/malignant (97)-sharpened.png|train/malignant/malignant (97).png,de6239abf6dc3d2a7d23cafde4a53980|2fc937a919e88068572058f63933707a|985214a8fd7ed8be79a1a05df60c6fe8|9ec05bb711e9fa4aef2a55cccd69c064|1f7873c18f59325e2b9cb0d1749098f8|0d08eb0ea8f306418fedc0335ee2c79a|c377463f7de129250476adc5158284ed|cda4fa5c7e0fa777c06809b661e40531|2032f433da2c64df814f1c74e82eb4bb|064bae08e1d2c45711a90498d902cfce|10e99e8d6cc59d6d513f9e9193a8d87e|61be158d9f803ee6b6a72d10c8c32006|9384cdf702fc1754596df2c13b2618d1|8df9a285565d535b9169db83d9453974|37b9f20f52575c413bf002faed57bf28|3a5ce9350db820c1ed54b237c09e9d51|d82ed5310c7ad69c86f7958fcdb10449|2dbe5fc4b1b9abab0b3cb478983c5d6c|a173c80043a9a8ad231eb79b42c615ea|9ec05bb711e9fa4aef2a55cccd69c064|a3d674114ef078e13658b5329ccb5f25,malignant (97),inferred_from_filename_not_verified_identifier,train,False,train/malignant/malignant (97).png
bag-dc3e49678e9b,grp-dc3e49678e9b,malignant,21,train/malignant/malignant (190)-rotated1-rotated1.png|train/malignant/malignant (190)-rotated1-rotated2.png|train/malignant/malignant (190)-rotated1-rotated32.png|train/malignant/malignant (190)-rotated1-sharpened.png|train/malignant/malignant (190)-rotated1.png|train/malignant/malignant (190)-rotated2-rotated1.png|train/malignant/malignant (190)-rotated2-rotated2.png|train/malignant/malignant (190)-rotated2-rotated32.png|train/malignant/malignant (190)-rotated2-sharpened.png|train/malignant/malignant (190)-rotated2.png|train/malignant/malignant (190)-rotated32-rotated1.png|train/malignant/malignant (190)-rotated32-rotated2.png|train/malignant/malignant (190)-rotated32-rotated32.png|train/malignant/malignant (190)-rotated32-sharpened.png|train/malignant/malignant (190)-rotated32.png|train/malignant/malignant (190)-sharpened-rotated1.png|train/malignant/malignant (190)-sharpened-rotated2.png|train/malignant/malignant (190)-sharpened-rotated32.png|train/malignant/malignant (190)-sharpened-sharpened.png|train/malignant/malignant (190)-sharpened.png|train/malignant/malignant (190).png,4b172f2ee50bd086ea6337fdc5da46e6|ed0c9c32f4a409d8d9c1598deb8ed695|5ee32f07814ae368fb911cc853fcbdde|4ce65a94213e708002b343e917a95773|c8d421993a203a7ac630de169f0f2ece|c75c1c2ea6d645ccf5e9f862e1bb208c|250d43406553bdf3c6a4cb23b2537095|1f0a9988fa361574e5a629478d1e23dd|51e98865117be144c9c3979a94510474|726ac989f0f493ec8a219be416685f80|acb4c7b810cac29dba8f967da4427d28|67640bdbed187a8080a25d8a38262704|43749be12a41431956a5f1ba2add7076|7da634c70cb3c207bf8111b349478e72|fbf347031aebbd026534352a9da17cf5|d62b4de9bda897796dd28821121a9cc7|a5aa902501febc8e01191b2bb8017ec3|1ef0132d0da16833ed5b5e9bccfcf135|7c23b2d71ed58adc1936dc33148714ee|2c19eabf3d487c7bcd18774ae6fb6a0c|448fe4e3cace50eeb21055675c052dd0,malignant (190),inferred_from_filename_not_verified_identifier,train,False,train/malignant/malignant (190).png
bag-dc413a80844e,grp-dc413a80844e,malignant,21,train/malignant/malignant (53)-rotated1-rotated1.png|train/malignant/malignant (53)-rotated1-rotated2.png|train/malignant/malignant (53)-rotated1-rotated32.png|train/malignant/malignant (53)-rotated1-sharpened.png|train/malignant/malignant (53)-rotated1.png|train/malignant/malignant (53)-rotated2-rotated1.png|train/malignant/malignant (53)-rotated2-rotated2.png|train/malignant/malignant (53)-rotated2-rotated32.png|train/malignant/malignant (53)-rotated2-sharpened.png|train/malignant/malignant (53)-rotated2.png|train/malignant/malignant (53)-rotated32-rotated1.png|train/malignant/malignant (53)-rotated32-rotated2.png|train/malignant/malignant (53)-rotated32-rotated32.png|train/malignant/malignant (53)-rotated32-sharpened.png|train/malignant/malignant (53)-rotated32.png|train/malignant/malignant (53)-sharpened-rotated1.png|train/malignant/malignant (53)-sharpened-rotated2.png|train/malignant/malignant (53)-sharpened-rotated32.png|train/malignant/malignant (53)-sharpened-sharpened.png|train/malignant/malignant (53)-sharpened.png|train/malignant/malignant (53).png,5803c8eba349ce40d68b35b959fdb262|553f83615d87a54e39667f29182ee6b2|2f61d22102831ad5aaf8653cf6321b8b|74078cd8859f501cb13dc395e1075958|a6ff9a0c05b73a44527ba62962715957|30559c5fb0c89b40af0e39f27106bdb3|b6e6c41336cd21724a4f475564941460|0e47b2156639b6c1cf24c48c611df5b2|079f45195f468093d59ed10e7834e39a|fc188c03173d965c7eef04f31210c785|21e5dabefbc0ecc3337807c08ad1bb27|d73388f914786f5f80929cfc06bc6b53|6b88cd8c64fe6557c674f08f5f13720e|c46918a38232f583b0d057b2c200492d|daaefb935c647f7fcc313cc3c5703323|e47cac3fa4962ddb6dd7836c557a074b|6cb893553db8e4f170167511e88f2100|aefafc8a08ed00e0f5f6de9b44715086|373b7624f5e413dbd8737b6f9a5566b1|9b801bb74a0ed700e46d3550d53d4d2a|ccc8b938d1e41cc15d126d254e5b451c,malignant (53),inferred_from_filename_not_verified_identifier,train,False,train/malignant/malignant (53).png
bag-dd8e39f382e6,grp-dd8e39f382e6,benign,16,train/benign/benign (151)-rotated1-rotated1.png|train/benign/benign (151)-rotated1-rotated2.png|train/benign/benign (151)-rotated1-sharpened.png|train/benign/benign (151)-rotated1.jpg|train/benign/benign (151)-rotated1.png|train/benign/benign (151)-rotated2-rotated1.png|train/benign/benign (151)-rotated2-rotated2.png|train/benign/benign (151)-rotated2-sharpened.png|train/benign/benign (151)-rotated2.jpg|train/benign/benign (151)-rotated2.png|train/benign/benign (151)-sharpened-rotated1.png|train/benign/benign (151)-sharpened-rotated2.png|train/benign/benign (151)-sharpened-sharpened.png|train/benign/benign (151)-sharpened.jpg|train/benign/benign (151)-sharpened.png|train/benign/benign (151).png,9d5374eebcf674549ec432c2b0bdd1a9|527203b12d0f61d8b8005339501f123c|3a2c642c1215face7af18a30f3432e4d|bf2758601321efe87a3323961892b37c|2b0a3c5791df45ee29a254a3063db714|292c12de6f43c345ee3670ed176d2259|7df418c0de0e680b38a7c797e13bfe57|164de4ff2bb6d9c69fa69f687dc03f43|a217d954aaccd395853f0a16b2b0e1ca|0408a3c602a997bf8ffc028a9c49b5e0|bbfffcfd7fd9aaa5528f297f1872f76b|4f459fea5b6cc46dcfedefc21d4e38c4|3432dbd4a6fae149c152224da2bd783f|284888d7faa8c77cc040cf357c5a74ae|4d4bdc4f14900e0f90c6b00288c65143|eb5e2f7d5d30947868c046ba54c4a2ad,benign (151),inferred_from_filename_not_verified_identifier,train,False,train/benign/benign (151).png
bag-ddec423d1fef,grp-ddec423d1fef,benign,16,train/benign/benign (60)-rotated1-rotated1.png|train/benign/benign (60)-rotated1-rotated2.png|train/benign/benign (60)-rotated1-sharpened.png|train/benign/benign (60)-rotated1.jpg|train/benign/benign (60)-rotated1.png|train/benign/benign (60)-rotated2-rotated1.png|train/benign/benign (60)-rotated2-rotated2.png|train/benign/benign (60)-rotated2-sharpened.png|train/benign/benign (60)-rotated2.jpg|train/benign/benign (60)-rotated2.png|train/benign/benign (60)-sharpened-rotated1.png|train/benign/benign (60)-sharpened-rotated2.png|train/benign/benign (60)-sharpened-sharpened.png|train/benign/benign (60)-sharpened.jpg|train/benign/benign (60)-sharpened.png|train/benign/benign (60).png,b35cb6f9d0260237f14406c026735b23|95e38cc31387d5b610637c1d2ffe0b2b|07cc2e02d432a142847e71c87f464b2f|72b9cca1b5b3fa699dcc7a8e3d6abbae|5353dbe32e5c577f9054de19ed33a5a2|3bbc2e54f7a75cb7c782977b3a5c67b7|4a0d601b545d215ae91072168ee163e3|7556e8db3b3f425ea0c2e082ad54c145|b4781c13f79e8211c855cb9332305365|9667b3e4555273da154738969c7e0db3|7732d552786119ce53acea70b821dc55|fdd711f6c3d04f0da3fa3255d6fce29f|1e31a0c4bee8b7b634e868e24785b958|431ffac387b545cb5c087e2b7daf4997|45be83d1dfebfae62fe16a4cb0edee6b|71a9466c2023512c1ce059d5125136e0,benign (60),inferred_from_filename_not_verified_identifier,train,False,train/benign/benign (60).png
bag-de01b035cecc,grp-de01b035cecc,malignant,21,train/malignant/malignant (164)-rotated1-rotated1.png|train/malignant/malignant (164)-rotated1-rotated2.png|train/malignant/malignant (164)-rotated1-rotated32.png|train/malignant/malignant (164)-rotated1-sharpened.png|train/malignant/malignant (164)-rotated1.png|train/malignant/malignant (164)-rotated2-rotated1.png|train/malignant/malignant (164)-rotated2-rotated2.png|train/malignant/malignant (164)-rotated2-rotated32.png|train/malignant/malignant (164)-rotated2-sharpened.png|train/malignant/malignant (164)-rotated2.png|train/malignant/malignant (164)-rotated32-rotated1.png|train/malignant/malignant (164)-rotated32-rotated2.png|train/malignant/malignant (164)-rotated32-rotated32.png|train/malignant/malignant (164)-rotated32-sharpened.png|train/malignant/malignant (164)-rotated32.png|train/malignant/malignant (164)-sharpened-rotated1.png|train/malignant/malignant (164)-sharpened-rotated2.png|train/malignant/malignant (164)-sharpened-rotated32.png|train/malignant/malignant (164)-sharpened-sharpened.png|train/malignant/malignant (164)-sharpened.png|train/malignant/malignant (164).png,ffd2864aa1b323c801c2f99ab7baadd3|8376ed27eb7f4b9614e597a2eeec40f4|f1430bea154959e11f295d929291a326|1931ead1109bf5e7a5561a0472a379d9|337d527596f4c6f6fee48d9607ae7b30|02c870622fcafe50ba201695e75a879d|2335ca37b29d8a3d4c73a41badda1a42|a46b7e870821f8e89d303c0dba7cdf63|91f1c264f521d0f2db0bcce65857c312|881537e2bf67278a0c839d048d068e70|8757933b414178a56da77ccfcdd8824a|5dba9970dc94d3e850c5318022456577|88a3fbb4aa66a958df53c80b2b0efe90|3ad23e87d01e910428bf3c1e978227f7|0fde5cb916783ce806dda32dc565ccb7|c55697cf0b99da82f1831e2db874262c|5fbb70dff71a12c301fc1d3e1bf13c6a|b05b3d55268377c973ac260a9794755a|ea3da938f68a06f7a25af021cd2dfe8f|9bab2546131528673a0de5aa2e0ced89|905386db4828c219fedb13260a87dedd,malignant (164),inferred_from_filename_not_verified_identifier,train,False,train/malignant/malignant (164).png
bag-de68c9ffd591,grp-de68c9ffd591,benign,16,train/benign/benign (57)-rotated1-rotated1.png|train/benign/benign (57)-rotated1-rotated2.png|train/benign/benign (57)-rotated1-sharpened.png|train/benign/benign (57)-rotated1.jpg|train/benign/benign (57)-rotated1.png|train/benign/benign (57)-rotated2-rotated1.png|train/benign/benign (57)-rotated2-rotated2.png|train/benign/benign (57)-rotated2-sharpened.png|train/benign/benign (57)-rotated2.jpg|train/benign/benign (57)-rotated2.png|train/benign/benign (57)-sharpened-rotated1.png|train/benign/benign (57)-sharpened-rotated2.png|train/benign/benign (57)-sharpened-sharpened.png|train/benign/benign (57)-sharpened.jpg|train/benign/benign (57)-sharpened.png|train/benign/benign (57).png,85ce01b57302fd4d7f66bd52b5368847|4bbd30f5f4712c2e08adba9aa1fea061|f8b6e69c7d6839a4b1c0de18ee5c3e68|d672f2b870bf5cf0dc3acf0385adc020|492372d87d4698442dc639533ed78f90|fff31acfbe7ace92d4176c106ded645d|38a4f03753da3b46efe970ae18c32477|b2de21138569fd8db6c95703b7422819|13115bf5199b5a96d027d9e0b3219062|6b951f90e880b6edd2f607e3f2e9ddf2|807b925a8c901de92e111fc52462c47c|e924cfdde4cec64cb2db74d0e153f9ac|f5fd6ed0b75adc399020981a6eea32df|57d19ce153fc23457196dcb31c78172d|a6335e4e4e8f2f324bd0106d2b17b84a|d6132ae4fb205f0716911ed972a84d43,benign (57),inferred_from_filename_not_verified_identifier,train,False,train/benign/benign (57).png
bag-de8ad7c62586,grp-de8ad7c62586,malignant,21,train/malignant/malignant (187)-rotated1-rotated1.png|train/malignant/malignant (187)-rotated1-rotated2.png|train/malignant/malignant (187)-rotated1-rotated32.png|train/malignant/malignant (187)-rotated1-sharpened.png|train/malignant/malignant (187)-rotated1.png|train/malignant/malignant (187)-rotated2-rotated1.png|train/malignant/malignant (187)-rotated2-rotated2.png|train/malignant/malignant (187)-rotated2-rotated32.png|train/malignant/malignant (187)-rotated2-sharpened.png|train/malignant/malignant (187)-rotated2.png|train/malignant/malignant (187)-rotated32-rotated1.png|train/malignant/malignant (187)-rotated32-rotated2.png|train/malignant/malignant (187)-rotated32-rotated32.png|train/malignant/malignant (187)-rotated32-sharpened.png|train/malignant/malignant (187)-rotated32.png|train/malignant/malignant (187)-sharpened-rotated1.png|train/malignant/malignant (187)-sharpened-rotated2.png|train/malignant/malignant (187)-sharpened-rotated32.png|train/malignant/malignant (187)-sharpened-sharpened.png|train/malignant/malignant (187)-sharpened.png|train/malignant/malignant (187).png,4021cf68b2ef4a944497238d236f6aab|32bfd7be57a6b31900b18c0cfd5c49e5|4f9fc78febc2be9e0a8d057fda2441cb|94bfd25087261612d6d73ee264c4acfb|fe63a3a14646405821828f3d2ffa0df2|0f9033629d6a9deae9dc2ad449d7f75f|762d23c075e7d2e39a9d0fc94123daba|e8ea693c765492cdb601767e331ccc32|b9c19a429828a1ed99a55888b3bf96e5|78ab0d336f0833f2127a3bb1e64dbd6f|f7bbd2c3c5497272d4f0a88ebed15707|9eac7fe080bed66d9ffc35f5904cfc60|fa529ac918b42385bce95917165776b2|6b3684685d3334fe3e99ee01e25fd089|824457094582d0007de5b5f48f69f2e5|4ecf575b33bcad91416015caa7da6f65|8bcbc6d7ef0caf33bcf71db01f05a061|5f9cf772e4702976c7b17bc3d32e0135|69d2141730912547e05055a72fb5d1f9|797c33bb26fa792b2739c8f08159b548|9853477c149b4aa69251d81490807c34,malignant (187),inferred_from_filename_not_verified_identifier,train,False,train/malignant/malignant (187).png
bag-deb68c528ef1,grp-deb68c528ef1,malignant,21,train/malignant/malignant (69)-rotated1-rotated1.png|train/malignant/malignant (69)-rotated1-rotated2.png|train/malignant/malignant (69)-rotated1-rotated32.png|train/malignant/malignant (69)-rotated1-sharpened.png|train/malignant/malignant (69)-rotated1.png|train/malignant/malignant (69)-rotated2-rotated1.png|train/malignant/malignant (69)-rotated2-rotated2.png|train/malignant/malignant (69)-rotated2-rotated32.png|train/malignant/malignant (69)-rotated2-sharpened.png|train/malignant/malignant (69)-rotated2.png|train/malignant/malignant (69)-rotated32-rotated1.png|train/malignant/malignant (69)-rotated32-rotated2.png|train/malignant/malignant (69)-rotated32-rotated32.png|train/malignant/malignant (69)-rotated32-sharpened.png|train/malignant/malignant (69)-rotated32.png|train/malignant/malignant (69)-sharpened-rotated1.png|train/malignant/malignant (69)-sharpened-rotated2.png|train/malignant/malignant (69)-sharpened-rotated32.png|train/malignant/malignant (69)-sharpened-sharpened.png|train/malignant/malignant (69)-sharpened.png|train/malignant/malignant (69).png,780d15336564296ccbdb5b19c015d57a|f7b82ee2bdf4049c96fe354c5115fff0|99ba92c6f7ac172e97217dfdca4f1109|da97668de98a67720ea6639c2f3c080f|d36b27176dcc582b36ba14259c49d64c|077c10797773971c0c0f476c9ef0a3a5|077c10797773971c0c0f476c9ef0a3a5|8798f796f0944d33ada0b1a7e80dedd0|0d06e3234409bcf76217380439a8cbe7|677867b61b5885e875d85adcae090a28|511b4023779cf8a913f21091e132c500|8a8a9501f37b0b58f571efb30d184476|d66365bb1e96bc0a30a4860e97af10c2|617ebd7d361e5d859733cdfe2cf5f3b8|49e4c12a0fb15fa1684ddb9d9cfaad7b|2cd5d83387a58df64a7746b29eb23c0f|e33ab17393b44db0f762bf26666b5daf|67ed168918afed0d4ad13e92b709a6fd|3e90cac3b73f54a99c0d33dcc4229cc4|650c5ecb709d927a8a878932b1648eb7|87d216c4529421d650923f66d40bde89,malignant (69),inferred_from_filename_not_verified_identifier,train,False,train/malignant/malignant (69).png
bag-df2474d7dbe3,grp-df2474d7dbe3,benign,16,train/benign/benign (284)-rotated1-rotated1.png|train/benign/benign (284)-rotated1-rotated2.png|train/benign/benign (284)-rotated1-sharpened.png|train/benign/benign (284)-rotated1.jpg|train/benign/benign (284)-rotated1.png|train/benign/benign (284)-rotated2-rotated1.png|train/benign/benign (284)-rotated2-rotated2.png|train/benign/benign (284)-rotated2-sharpened.png|train/benign/benign (284)-rotated2.jpg|train/benign/benign (284)-rotated2.png|train/benign/benign (284)-sharpened-rotated1.png|train/benign/benign (284)-sharpened-rotated2.png|train/benign/benign (284)-sharpened-sharpened.png|train/benign/benign (284)-sharpened.jpg|train/benign/benign (284)-sharpened.png|train/benign/benign (284).png,a909cb7c19514573b7de8be6b0ed8305|a5b3236651536da777e21595a18704db|aefa031451a5250aa00d4c537ec78aa8|cb1bd23c9c859f49dad737933070c66a|e4372787954e9adcf8a68ac00f606c06|a3d19b065a4a232a74f037fe44026010|8babf747e9e4d4ff0e5e0e4dede43c19|50f4fdbfc72b0381cc3af7c8acd8e3a7|4a64bf4bcc435c216bcaa9f7b11d1edb|b55fc349672f08ebcc6cb872822de3d6|9c4c289649bfa2968948a013c285683a|ac388872e877ce8961dddfd1d0a92456|ddcad8976d7eeed5c15c0c717fdeb16c|bb51bfea29ddcdc89382559637c3c9ad|fb5d25be0c4bc3f55a4d57e5db6d1fa0|76ad70979f79346bc9f67977894c1901,benign (284),inferred_from_filename_not_verified_identifier,train,False,train/benign/benign (284).png
bag-df2e91c6c622,grp-df2e91c6c622,benign,16,train/benign/benign (37)-rotated1-rotated1.png|train/benign/benign (37)-rotated1-rotated2.png|train/benign/benign (37)-rotated1-sharpened.png|train/benign/benign (37)-rotated1.jpg|train/benign/benign (37)-rotated1.png|train/benign/benign (37)-rotated2-rotated1.png|train/benign/benign (37)-rotated2-rotated2.png|train/benign/benign (37)-rotated2-sharpened.png|train/benign/benign (37)-rotated2.jpg|train/benign/benign (37)-rotated2.png|train/benign/benign (37)-sharpened-rotated1.png|train/benign/benign (37)-sharpened-rotated2.png|train/benign/benign (37)-sharpened-sharpened.png|train/benign/benign (37)-sharpened.jpg|train/benign/benign (37)-sharpened.png|train/benign/benign (37).png,a329edafbfb43edf84420f2bbda63637|4b28ca74845ff4d66b8c480eb3e57058|ca87454f18c26bb536aaa9dcd56a7d4f|330054b1174aa8c2da03b7e12530c1cc|1d36d5d1fb62f21aa689f14b2002f7f5|e8be380e53169775d5e416f5fb8f4a23|709fea8669def85082065f09ed70fd0b|ac7c7da734913faf34c8cd56a45c64fe|7067f9d927ad74d01d0289f0a5cbfb78|a3ed4ba9f924042c9af1a7100620ecbe|4180e7ff7549c4b6936baf57c1eb970a|400b7886f9546ea410d854cca5fb425c|eb79906a147934b50a7278d4de8b95d4|df25d3f3db046d6ff8d82f1a6e642b47|57f49973ffe9f0859d145a8ae1b35b2b|b103b95190213a63ace23c5e7c3b1d96,benign (37),inferred_from_filename_not_verified_identifier,train,False,train/benign/benign (37).png
bag-dffa2a3662bd,grp-dffa2a3662bd,malignant,21,train/malignant/malignant (193)-rotated1-rotated1.png|train/malignant/malignant (193)-rotated1-rotated2.png|train/malignant/malignant (193)-rotated1-rotated32.png|train/malignant/malignant (193)-rotated1-sharpened.png|train/malignant/malignant (193)-rotated1.png|train/malignant/malignant (193)-rotated2-rotated1.png|train/malignant/malignant (193)-rotated2-rotated2.png|train/malignant/malignant (193)-rotated2-rotated32.png|train/malignant/malignant (193)-rotated2-sharpened.png|train/malignant/malignant (193)-rotated2.png|train/malignant/malignant (193)-rotated32-rotated1.png|train/malignant/malignant (193)-rotated32-rotated2.png|train/malignant/malignant (193)-rotated32-rotated32.png|train/malignant/malignant (193)-rotated32-sharpened.png|train/malignant/malignant (193)-rotated32.png|train/malignant/malignant (193)-sharpened-rotated1.png|train/malignant/malignant (193)-sharpened-rotated2.png|train/malignant/malignant (193)-sharpened-rotated32.png|train/malignant/malignant (193)-sharpened-sharpened.png|train/malignant/malignant (193)-sharpened.png|train/malignant/malignant (193).png,8614d29f059a505721fa1affe9865ed3|f773e2420a64d0aa5374fc65eb5ed5d6|c72f98163a4ac8da34832f7d7ec85185|77437a4924139ee7ccbcca951fc20ceb|1825608b89cbfb0ba248d809842003b7|852bb37d6a5857a84bf9436c41c2181b|2c087481969c60c37a2a0187240d83af|76f920c49c03e0f341ddb171d7fdfed3|77437a4924139ee7ccbcca951fc20ceb|06bba0b911d1ba66f8aec025c6f75297|2fd46e6241dafdd92aa3efb1000c1889|ec875ab10fd3a79e3fd327eda40e1770|5fb5fc4779a52860f1713a3b59029b35|0edb35d6844ca854ceea7c86d5a7d9f5|b0cc850708f4218cb14ee4fc887b55c3|97dd385c177454b1fc7a9a01d16929bd|566c223d2388c2e217e83a8da5213f23|c56f57e1f13fd5a3e8e3865bd5d0494b|6e3b0fe9c3a935f5fc93191a9c0edd9b|403b51d2b9c73ba2296b66929f59ca7b|fce612e9236bac7e2b25f3f9dfe85a81,malignant (193),inferred_from_filename_not_verified_identifier,train,False,train/malignant/malignant (193).png
bag-e04161a1fb7b,grp-e04161a1fb7b,benign,16,train/benign/benign (150)-rotated1-rotated1.png|train/benign/benign (150)-rotated1-rotated2.png|train/benign/benign (150)-rotated1-sharpened.png|train/benign/benign (150)-rotated1.jpg|train/benign/benign (150)-rotated1.png|train/benign/benign (150)-rotated2-rotated1.png|train/benign/benign (150)-rotated2-rotated2.png|train/benign/benign (150)-rotated2-sharpened.png|train/benign/benign (150)-rotated2.jpg|train/benign/benign (150)-rotated2.png|train/benign/benign (150)-sharpened-rotated1.png|train/benign/benign (150)-sharpened-rotated2.png|train/benign/benign (150)-sharpened-sharpened.png|train/benign/benign (150)-sharpened.jpg|train/benign/benign (150)-sharpened.png|train/benign/benign (150).png,3872ffcba050522520a065320f8ca981|bebc47cc9127a05b47fa23d784d1a891|d969f07f9cc7335e0fed762afa68f44d|7846b6607de598ffb4ee84f2a626dc54|369243eb6f34f02c1142b014e980918b|02574309710cf346d58a0e3ffe07fadd|e05296f5bd9d3709672776e2214013b6|6e300c7296f4f65a322d7343bc4c344e|d72d308533757bb3cd9a8c7815888a02|e1f0d2061dea14270deb36ce4edd32ff|7adcf0b7d7bbd505063ba052740f88d6|b4febed8c447e2cfa3ec8c81c721282b|62f1f9ebba2185f99e789fc22af044e5|e7650a525d081153d0af6879451a1fd1|8f7b1d6e0b817bdfaf9552401d8895ff|2b4022bb4cca40e603011bda6d869d53,benign (150),inferred_from_filename_not_verified_identifier,train,False,train/benign/benign (150).png
bag-e077832d8e54,grp-e077832d8e54,benign,16,train/benign/benign (169)-rotated1-rotated1.png|train/benign/benign (169)-rotated1-rotated2.png|train/benign/benign (169)-rotated1-sharpened.png|train/benign/benign (169)-rotated1.jpg|train/benign/benign (169)-rotated1.png|train/benign/benign (169)-rotated2-rotated1.png|train/benign/benign (169)-rotated2-rotated2.png|train/benign/benign (169)-rotated2-sharpened.png|train/benign/benign (169)-rotated2.jpg|train/benign/benign (169)-rotated2.png|train/benign/benign (169)-sharpened-rotated1.png|train/benign/benign (169)-sharpened-rotated2.png|train/benign/benign (169)-sharpened-sharpened.png|train/benign/benign (169)-sharpened.jpg|train/benign/benign (169)-sharpened.png|train/benign/benign (169).png,0406701b600edee318b2e2f21d483bfb|0e7f334dabd61021dd98ac6beb3f1042|30fae6a531d9153553bc9fc6787e4d3e|aac6c63968833027b22f19893676ad34|6f73764c3633b5b431d22b11fbc57e7b|62133f312974536bcf1581fbd55b0d95|abe79ccd92a09a4229cd1f08fbfe412a|533e7150631fda83425ba70792a62844|27bbea19a220dbe2942fa8afcd98e803|3928bda5e68d3af94aae120b80c040fd|1d59d83ed919c0fc428191b50994293e|a2764c3ffd767fecc30b4bd8c5f661d4|8d3a56a77160b3c9547b3642803a28c9|63d591beeeac669a3066566cd04ca852|0a4830ae2bd125a4a96824ccc5469285|a8d23a60edfb90121665ffac2180ed85,benign (169),inferred_from_filename_not_verified_identifier,train,False,train/benign/benign (169).png
bag-e18057d8869d,grp-e18057d8869d,malignant,21,train/malignant/malignant (82)-rotated1-rotated1.png|train/malignant/malignant (82)-rotated1-rotated2.png|train/malignant/malignant (82)-rotated1-rotated32.png|train/malignant/malignant (82)-rotated1-sharpened.png|train/malignant/malignant (82)-rotated1.png|train/malignant/malignant (82)-rotated2-rotated1.png|train/malignant/malignant (82)-rotated2-rotated2.png|train/malignant/malignant (82)-rotated2-rotated32.png|train/malignant/malignant (82)-rotated2-sharpened.png|train/malignant/malignant (82)-rotated2.png|train/malignant/malignant (82)-rotated32-rotated1.png|train/malignant/malignant (82)-rotated32-rotated2.png|train/malignant/malignant (82)-rotated32-rotated32.png|train/malignant/malignant (82)-rotated32-sharpened.png|train/malignant/malignant (82)-rotated32.png|train/malignant/malignant (82)-sharpened-rotated1.png|train/malignant/malignant (82)-sharpened-rotated2.png|train/malignant/malignant (82)-sharpened-rotated32.png|train/malignant/malignant (82)-sharpened-sharpened.png|train/malignant/malignant (82)-sharpened.png|train/malignant/malignant (82).png,aaa3333a197a9a82f58241db83026d58|b67c76473b7e7724c3138e55be5fdf67|0b54b98b6ba040fbaa96658da9307b6f|b1a6ea59ad896ee1cd61ab9b90034c2e|b65a806c1477b4281b84d8a1ac54f6d3|affa0946f4a16e29aa9555d5a4d5aebd|72f1c6cd66175b1b4c4446995a7ab0a7|4b466dd856b6e509b7ba3b02b9efec9f|651c1c601b48ab6ea2edb9c9012b2952|292ad9ab795839b06f9f6edf2fd93840|5c1da6b0aa52e8559db5fe8e59a25352|e1491fed4ffd351417930713dab9184b|9b97fac42e1335d1eb5885f85eb0b11d|2a81de84411455bd35569fab52d72c53|b8228a0b5ea25186326f72642baacffd|41967196a5369cadb037ae04871df2ba|4b6296154ba9dda702e9d3c5b487f0f8|ca1ffc130f94d5696aa95cd2d95583f3|b10abacf015e505cfb3a482dbf2eb130|b1a6ea59ad896ee1cd61ab9b90034c2e|bf9452c20a446d0ee95acf61e40cf53f,malignant (82),inferred_from_filename_not_verified_identifier,train,False,train/malignant/malignant (82).png
bag-e283f951ce80,grp-e283f951ce80,malignant,21,train/malignant/malignant (154)-rotated1-rotated1.png|train/malignant/malignant (154)-rotated1-rotated2.png|train/malignant/malignant (154)-rotated1-rotated32.png|train/malignant/malignant (154)-rotated1-sharpened.png|train/malignant/malignant (154)-rotated1.png|train/malignant/malignant (154)-rotated2-rotated1.png|train/malignant/malignant (154)-rotated2-rotated2.png|train/malignant/malignant (154)-rotated2-rotated32.png|train/malignant/malignant (154)-rotated2-sharpened.png|train/malignant/malignant (154)-rotated2.png|train/malignant/malignant (154)-rotated32-rotated1.png|train/malignant/malignant (154)-rotated32-rotated2.png|train/malignant/malignant (154)-rotated32-rotated32.png|train/malignant/malignant (154)-rotated32-sharpened.png|train/malignant/malignant (154)-rotated32.png|train/malignant/malignant (154)-sharpened-rotated1.png|train/malignant/malignant (154)-sharpened-rotated2.png|train/malignant/malignant (154)-sharpened-rotated32.png|train/malignant/malignant (154)-sharpened-sharpened.png|train/malignant/malignant (154)-sharpened.png|train/malignant/malignant (154).png,e48edd1eb35e065882ef698f1ef956b1|a6141b1d19b43738b5498ae5487339c0|0823375146a80f4a814d5d70aeb96106|23617f666c0e9e4043ffd95d38fe35c8|a8f615de8fdca48b72e8654a25b0592c|d09802cad1c5f1727ab5ef50281928f2|b04cdc06538d4ecc74bd2fb16c12cfe3|75cb9f0d469ce0f169e85508a021c969|355542f2d682911acf8c31d25e6e744c|56fd973856ca2c923ea40c1036ac9ef7|769b4cab6b7aee59e8085a46f1de4c49|b57de1098c3168bb9985b6a8f7981b0f|65a45db044b9348c3d69a444664df6f1|89b0167a4713dc0558e5604da088dce4|0f32fea8a83e23f12eb32ccd29d02c57|93a51205533976d462cf9d619bbfda2a|1ef5f805db6a9661f377c720289b9b33|09da792400a0656887db690087f0ead2|43dcf642fd55dfa581cef326db243d80|e7443cd645399e0dee2c733698bdd145|9eff661e393629519564b79ca7f12157,malignant (154),inferred_from_filename_not_verified_identifier,train,False,train/malignant/malignant (154).png
bag-e35c859a925c,grp-e35c859a925c,benign,16,val/benign/benign (23)-rotated1-rotated1.png|val/benign/benign (23)-rotated1-rotated2.png|val/benign/benign (23)-rotated1-sharpened.png|val/benign/benign (23)-rotated1.jpg|val/benign/benign (23)-rotated1.png|val/benign/benign (23)-rotated2-rotated1.png|val/benign/benign (23)-rotated2-rotated2.png|val/benign/benign (23)-rotated2-sharpened.png|val/benign/benign (23)-rotated2.jpg|val/benign/benign (23)-rotated2.png|val/benign/benign (23)-sharpened-rotated1.png|val/benign/benign (23)-sharpened-rotated2.png|val/benign/benign (23)-sharpened-sharpened.png|val/benign/benign (23)-sharpened.jpg|val/benign/benign (23)-sharpened.png|val/benign/benign (23).png,252ab450053b5726d6851671f2072772|fb6ac7357f601232a1472226a2c279ed|afdb7dbc42c3c293c0331cbd4d19a3c9|493888b9a795e53fa10a7c5d1a2fe15c|98618ca35397367db6318a8377507e82|a0831f36d0248d5ea2b49b8857112c39|dd941ff52c39a167eb4d0322d7ec113b|048b012f5429b6d0e45cb1c37973aee7|3e20fff173b6a61295e147e38fa1e017|f1250ba72ba1f7d1b06a46b46ecfb689|612138630d6af268d7629188eaf93fdf|330623196eebb1405f8a4314575b07bb|c1874f1809016aa5b5edfa23463158b7|c0b8eb210ef274bcee98f6f3201fe092|ba98e63447701d8cb47995ea3974e5ff|2668b70747e3946baf269fbf9f2d3435,benign (23),inferred_from_filename_not_verified_identifier,val,False,val/benign/benign (23).png
bag-e38bd5661257,grp-e38bd5661257,benign,16,val/benign/benign (28)-rotated1-rotated1.png|val/benign/benign (28)-rotated1-rotated2.png|val/benign/benign (28)-rotated1-sharpened.png|val/benign/benign (28)-rotated1.jpg|val/benign/benign (28)-rotated1.png|val/benign/benign (28)-rotated2-rotated1.png|val/benign/benign (28)-rotated2-rotated2.png|val/benign/benign (28)-rotated2-sharpened.png|val/benign/benign (28)-rotated2.jpg|val/benign/benign (28)-rotated2.png|val/benign/benign (28)-sharpened-rotated1.png|val/benign/benign (28)-sharpened-rotated2.png|val/benign/benign (28)-sharpened-sharpened.png|val/benign/benign (28)-sharpened.jpg|val/benign/benign (28)-sharpened.png|val/benign/benign (28).png,8a4010f7d6af21c35c240b540c247405|049de1528b572e92826f645c7982405b|4af7191a109279c17bac808f0f9cd065|e31c8db8b08712a1d9b952e21d9cfb26|9110eef2653495836321dd585c68c13d|9f75a9d6e9d776ab5eed0c4186b58121|c9421f63eac05db8abfd4e93651cede7|c3194c2ef78f3d63fb51f9c77a829e13|51f5a0ce6d6f21c52383d1d2eee84271|f8d9a438d4a89dff39231d5f00a72ebb|3b4c37b00bd5e033f432f1c122ee2a13|3b9f11a32d873557bd062e0af5077abf|3e747fb695ee322f8c786411a699e165|1a15f17050c0b3204d9dcfb13e24cf25|d93948e63dbac71847466b58b82099d9|780f2214f1a66f21fd6036b5048aad5c,benign (28),inferred_from_filename_not_verified_identifier,val,False,val/benign/benign (28).png
bag-e3c0bebcfd8b,grp-e3c0bebcfd8b,malignant,21,train/malignant/malignant (43)-rotated1-rotated1.png|train/malignant/malignant (43)-rotated1-rotated2.png|train/malignant/malignant (43)-rotated1-rotated32.png|train/malignant/malignant (43)-rotated1-sharpened.png|train/malignant/malignant (43)-rotated1.png|train/malignant/malignant (43)-rotated2-rotated1.png|train/malignant/malignant (43)-rotated2-rotated2.png|train/malignant/malignant (43)-rotated2-rotated32.png|train/malignant/malignant (43)-rotated2-sharpened.png|train/malignant/malignant (43)-rotated2.png|train/malignant/malignant (43)-rotated32-rotated1.png|train/malignant/malignant (43)-rotated32-rotated2.png|train/malignant/malignant (43)-rotated32-rotated32.png|train/malignant/malignant (43)-rotated32-sharpened.png|train/malignant/malignant (43)-rotated32.png|train/malignant/malignant (43)-sharpened-rotated1.png|train/malignant/malignant (43)-sharpened-rotated2.png|train/malignant/malignant (43)-sharpened-rotated32.png|train/malignant/malignant (43)-sharpened-sharpened.png|train/malignant/malignant (43)-sharpened.png|train/malignant/malignant (43).png,3613f02cb358ae9ae8e6abab17511cbe|88e5a365da38839890a9ac1658e1c9d8|415418d93043d93bf44fd28d295f186a|7156e0b737d16e20fd6900947e7eacfd|1d570da22404a245c110a1c8461f0804|99cb05cd5178c4a975cd62b7e5b54f9e|99cb05cd5178c4a975cd62b7e5b54f9e|26a1fb05f2703b7f59a33baa619f3ec8|b4381a9feebc43b85c063f0bc87e13c2|cc063e0556c0a610d70a6e03acb38b47|a6352238f78b6deccad2c75959cdaf70|824c3e483b66b576f8f8b1ea39f7f384|24fcd1136f79df4af3762341223435dd|d0e9e4ba8052cd9f6a020394c5b2c0bb|90bf354b46db462763f6b376fc96f453|e18e93cafb4fb811d23c673a3f95a69f|1663113dc7d37fcd40d23eacfe5bf3fc|2237a19e047b2743b011c46676117a86|c263288da25fa3ff78c7db1d10301243|cc4093372c476c83e9b16be35e9cb1fe|edf54d0df546ab143ee4b444bdde6251,malignant (43),inferred_from_filename_not_verified_identifier,train,False,train/malignant/malignant (43).png
bag-e3db206d67c5,grp-e3db206d67c5,benign,16,train/benign/benign (257)-rotated1-rotated1.png|train/benign/benign (257)-rotated1-rotated2.png|train/benign/benign (257)-rotated1-sharpened.png|train/benign/benign (257)-rotated1.jpg|train/benign/benign (257)-rotated1.png|train/benign/benign (257)-rotated2-rotated1.png|train/benign/benign (257)-rotated2-rotated2.png|train/benign/benign (257)-rotated2-sharpened.png|train/benign/benign (257)-rotated2.jpg|train/benign/benign (257)-rotated2.png|train/benign/benign (257)-sharpened-rotated1.png|train/benign/benign (257)-sharpened-rotated2.png|train/benign/benign (257)-sharpened-sharpened.png|train/benign/benign (257)-sharpened.jpg|train/benign/benign (257)-sharpened.png|train/benign/benign (257).png,60687563f746e15e92874ef15c0e2497|9d6e71bfb2b42a66ca95dda6b165d383|616ee25491f826131519b25b93f39597|e17b02418c9e1bc773a4d243af7c3a38|ae601affaffc2fd4c2e897efa15ed718|1ee3f3ef171a3951d309d6f685209183|6ff4d631705f07eb8d889e679026bd5e|0c8d50671fa715ced963096c2ec81ae1|009e9a4a014da465b48d9ca65176dcb4|1dafa9931872595e55cbc5da9cd46e46|eb846e91ae8be9b0714efbad57b977dd|4850df208440a7316f1e87c96e8dcd10|dcfb93dd0debe7d1720188fbaf6cc8f7|eed9442654cacacc3f8d5988fcf602f8|8d37ae3bfac5bddb0bb3277d88005c56|1ba068110668c3f5a02fa652dc4651e9,benign (257),inferred_from_filename_not_verified_identifier,train,False,train/benign/benign (257).png
bag-e410547b6cb4,grp-e410547b6cb4,benign,16,val/benign/benign (24)-rotated1-rotated1.png|val/benign/benign (24)-rotated1-rotated2.png|val/benign/benign (24)-rotated1-sharpened.png|val/benign/benign (24)-rotated1.jpg|val/benign/benign (24)-rotated1.png|val/benign/benign (24)-rotated2-rotated1.png|val/benign/benign (24)-rotated2-rotated2.png|val/benign/benign (24)-rotated2-sharpened.png|val/benign/benign (24)-rotated2.jpg|val/benign/benign (24)-rotated2.png|val/benign/benign (24)-sharpened-rotated1.png|val/benign/benign (24)-sharpened-rotated2.png|val/benign/benign (24)-sharpened-sharpened.png|val/benign/benign (24)-sharpened.jpg|val/benign/benign (24)-sharpened.png|val/benign/benign (24).png,bbe75f33b930092de8fca271a0b626c6|b534efea5e6db64d0e77744f5b3a047a|08527abe6ae6bc88d7060496a82a1172|7b1c268cb5928fc0a4ea586d0f57db13|a2c8c85861127036056ac0e965b172f0|b1ee9ab0c50fbbdedb51e56998b6d006|5ad9ed530e6399f7d324b633da90c4fa|78fbd1a7b9e826a65bb10bbfda988d1e|2fda7e459d13485fb729a927a271d029|34e925c9d6f50532fc7918d44a9f4baa|e79c1940d9eb576ef71d65c4f5e9ec36|2eaadf492d9a76811a42f4f358b7538e|9d10559683f9699e35cb9d1053b5bd3a|7c619d7ec791e776123fdb88ceef47a0|e92b73e164a09806423e1c22bc48fb0b|aecfedf62f1b8e1250e243ddb23cbf08,benign (24),inferred_from_filename_not_verified_identifier,val,False,val/benign/benign (24).png
bag-e47ad0d0ffbf,grp-e47ad0d0ffbf,benign,16,train/benign/benign (258)-rotated1-rotated1.png|train/benign/benign (258)-rotated1-rotated2.png|train/benign/benign (258)-rotated1-sharpened.png|train/benign/benign (258)-rotated1.jpg|train/benign/benign (258)-rotated1.png|train/benign/benign (258)-rotated2-rotated1.png|train/benign/benign (258)-rotated2-rotated2.png|train/benign/benign (258)-rotated2-sharpened.png|train/benign/benign (258)-rotated2.jpg|train/benign/benign (258)-rotated2.png|train/benign/benign (258)-sharpened-rotated1.png|train/benign/benign (258)-sharpened-rotated2.png|train/benign/benign (258)-sharpened-sharpened.png|train/benign/benign (258)-sharpened.jpg|train/benign/benign (258)-sharpened.png|train/benign/benign (258).png,ad54537d24708d20c6efc415c154bfca|74a43aebd2c4ad0022810344967afc76|383ed2bdc342a08f9e45136252de1a9f|f8c9465a36849e7fd6f0d4a2ac781669|33633ff9f3f148429915ca27c1c5219a|36b1a2b9e12557523cfbbb1f1daedecc|a4d79cf8ad3cc18bf7d2e7f998ddce46|bc29e5337fc7d7bfca40b79281b73227|9c96fe7fcf7850f798866627074273a6|2e578531ec116cf15f98804802191930|ac6574b6490fe6ddf5cd257f1028711d|008877160d99e3c9cdb6e717651bbbe1|d34fc507cee4fec2cdb0d1930187cb16|e4bfa456613fa2c53c05b5749c17352a|69b280c543830123aa3d29caf0e3a7bf|a5f47de81aa2f6351cdbe1a469d13e76,benign (258),inferred_from_filename_not_verified_identifier,train,False,train/benign/benign (258).png
bag-e4e7b61aff8d,grp-e4e7b61aff8d,malignant,21,train/malignant/malignant (109)-rotated1-rotated1.png|train/malignant/malignant (109)-rotated1-rotated2.png|train/malignant/malignant (109)-rotated1-rotated32.png|train/malignant/malignant (109)-rotated1-sharpened.png|train/malignant/malignant (109)-rotated1.png|train/malignant/malignant (109)-rotated2-rotated1.png|train/malignant/malignant (109)-rotated2-rotated2.png|train/malignant/malignant (109)-rotated2-rotated32.png|train/malignant/malignant (109)-rotated2-sharpened.png|train/malignant/malignant (109)-rotated2.png|train/malignant/malignant (109)-rotated32-rotated1.png|train/malignant/malignant (109)-rotated32-rotated2.png|train/malignant/malignant (109)-rotated32-rotated32.png|train/malignant/malignant (109)-rotated32-sharpened.png|train/malignant/malignant (109)-rotated32.png|train/malignant/malignant (109)-sharpened-rotated1.png|train/malignant/malignant (109)-sharpened-rotated2.png|train/malignant/malignant (109)-sharpened-rotated32.png|train/malignant/malignant (109)-sharpened-sharpened.png|train/malignant/malignant (109)-sharpened.png|train/malignant/malignant (109).png,ca5acb41af969ec9a886feee856d709f|c8f3cfabdc01d4b0b82a49bca9d83a04|62243f157528d986cd4e36c7c9bdd378|c1f03617af96d07f4916fb8fe6da4c04|6c64750d085c6e32f2d28f8645202eec|e56f9f655857a0bd05470198c99ac0f9|91c26d588129e77c1d163d242dc58024|8e9e3a2cc7c44ea954ebb0193c07a46d|21b89bcc0682fac7a0200d2917d11668|481c12ff6aa89aa4384f3162d5f37e7b|fae346a119617eab6146ccc4127db149|019f785453cd9f2dee5ae99471dc3a8f|a391ce4aa973bee81a510cca5de61b0a|9476dd0a207d4b5ebb5065133b8464da|2f20d376b45a896b9982facdccef5a25|2880330724125aca52a44d058cc06cca|d1bffcb80348363361617d62c5b71569|325b56ccba38cab6ff83e5ad002c76af|3b958ad50965723fe167a7288d2d95bd|2880330724125aca52a44d058cc06cca|b6cc97fa294580f3994de5985ffd6e2b,malignant (109),inferred_from_filename_not_verified_identifier,train,False,train/malignant/malignant (109).png
bag-e598ccfcb386,grp-e598ccfcb386,benign,16,train/benign/benign (131)-rotated1-rotated1.png|train/benign/benign (131)-rotated1-rotated2.png|train/benign/benign (131)-rotated1-sharpened.png|train/benign/benign (131)-rotated1.jpg|train/benign/benign (131)-rotated1.png|train/benign/benign (131)-rotated2-rotated1.png|train/benign/benign (131)-rotated2-rotated2.png|train/benign/benign (131)-rotated2-sharpened.png|train/benign/benign (131)-rotated2.jpg|train/benign/benign (131)-rotated2.png|train/benign/benign (131)-sharpened-rotated1.png|train/benign/benign (131)-sharpened-rotated2.png|train/benign/benign (131)-sharpened-sharpened.png|train/benign/benign (131)-sharpened.jpg|train/benign/benign (131)-sharpened.png|train/benign/benign (131).png,171de979fa6e77c89d82f56a8d6c84cf|5bd4f1dc07b5aab44a23a0c319ea9293|837a9663279d06b65669442abb3673d8|bfed45fc59ab56f22e415922b5ccc9aa|ca7d14456a447cf59b4145213b5950d0|55ac2eb94cf397ec6f8252bebda5bc6a|663e8bdd09bbe5ed35a1ce23133e9618|a868e232f69ee434cd0f0ffcaa09209f|d1a4f779420fdbd8ff7b942acaa92f11|5abcbd2a74999a7e95acab1f6503ea64|9092490679531d4a77bd194125b7d30f|bdce38c595faf7dbe6c58513fc52277d|d04c8130bd27719922c80d4615559578|0fefcbd3c2e3f9bea8a8fcee32e2a86d|ae32bc153dfdf3d6c50b220991ea5eba|7d926b8b91a79647e8adf3bd27727924,benign (131),inferred_from_filename_not_verified_identifier,train,False,train/benign/benign (131).png
bag-e60592b96ffd,grp-e60592b96ffd,benign,16,train/benign/benign (156)-rotated1-rotated1.png|train/benign/benign (156)-rotated1-rotated2.png|train/benign/benign (156)-rotated1-sharpened.png|train/benign/benign (156)-rotated1.jpg|train/benign/benign (156)-rotated1.png|train/benign/benign (156)-rotated2-rotated1.png|train/benign/benign (156)-rotated2-rotated2.png|train/benign/benign (156)-rotated2-sharpened.png|train/benign/benign (156)-rotated2.jpg|train/benign/benign (156)-rotated2.png|train/benign/benign (156)-sharpened-rotated1.png|train/benign/benign (156)-sharpened-rotated2.png|train/benign/benign (156)-sharpened-sharpened.png|train/benign/benign (156)-sharpened.jpg|train/benign/benign (156)-sharpened.png|train/benign/benign (156).png,d0cee6b2ee08d4a28bd8d3db33d19a47|cf7b0ad7c46dc7b104c04a145780a740|b527c4ee71d3341ef12abab96d2d6247|9546c7856414d2a5c89b83fb369392bb|7e0261a51ef61b8ec35e1ae46562e216|64d3a53f28bfc18bb500ca9cef52cb1f|fb2eda295aeebb1bdab56e852ad952bd|b527c4ee71d3341ef12abab96d2d6247|fbbe76b55357ad78fc8368a43a5615cb|2235f614bff5916b906c10fe905ce919|f9f33983737e617bb14498b1651a21b2|ce1ae1f2b34b4f24803a73b95a666285|fe9ae8eff6c2f8ffee2e70b2a0883a74|11cd9b2f3c9a4f8f8627c805661d043b|a6d730348f54c1e9a5ef453ad550b731|372727142d1b7b57fc83ef32e352e531,benign (156),inferred_from_filename_not_verified_identifier,train,False,train/benign/benign (156).png
bag-e633b4640620,grp-e633b4640620,malignant,21,train/malignant/malignant (186)-rotated1-rotated1.png|train/malignant/malignant (186)-rotated1-rotated2.png|train/malignant/malignant (186)-rotated1-rotated32.png|train/malignant/malignant (186)-rotated1-sharpened.png|train/malignant/malignant (186)-rotated1.png|train/malignant/malignant (186)-rotated2-rotated1.png|train/malignant/malignant (186)-rotated2-rotated2.png|train/malignant/malignant (186)-rotated2-rotated32.png|train/malignant/malignant (186)-rotated2-sharpened.png|train/malignant/malignant (186)-rotated2.png|train/malignant/malignant (186)-rotated32-rotated1.png|train/malignant/malignant (186)-rotated32-rotated2.png|train/malignant/malignant (186)-rotated32-rotated32.png|train/malignant/malignant (186)-rotated32-sharpened.png|train/malignant/malignant (186)-rotated32.png|train/malignant/malignant (186)-sharpened-rotated1.png|train/malignant/malignant (186)-sharpened-rotated2.png|train/malignant/malignant (186)-sharpened-rotated32.png|train/malignant/malignant (186)-sharpened-sharpened.png|train/malignant/malignant (186)-sharpened.png|train/malignant/malignant (186).png,a6863bfbd2afa85a100bfcd0ea9b877e|1776268a84961930d46150953f3c3133|3c26944a6d7af0e0f11806c88a278648|fd71be29d4804ab63375fcaee4a671fa|6de486183757ca6b95299dad8835e492|0458bed9d24c9ae6aac4864a88c69851|fafe3395fcecfe907469755853319049|14d4f4901d80b688f2031ac0866145e5|e36715bc438321b556e8e73f69eba003|2496f45dd5b4e277fc5a20a93e22635b|1827a6eb8f06b7ee613c761e434dbae1|ac7c66356d29edfe65681fb39f88f2af|ecb13c008d75772e2f3aa99b07a6d310|bcdebe50cfadab35947f8e6613aff4a2|2cd0f197a632551b9f4a999386a6b0ff|6acbec58780d0f07d62fd6579c07b4d6|4ff9926e256d31d227aa48f051f3eb27|ab037a0323e2bfb962bed1f87005bf5e|583669785b4ad2eecd454423f87e573d|e36715bc438321b556e8e73f69eba003|6f7fdc1425d06b878111b1cb73088f01,malignant (186),inferred_from_filename_not_verified_identifier,train,False,train/malignant/malignant (186).png
bag-e66fde51f146,grp-e66fde51f146,benign,16,train/benign/benign (153)-rotated1-rotated1.png|train/benign/benign (153)-rotated1-rotated2.png|train/benign/benign (153)-rotated1-sharpened.png|train/benign/benign (153)-rotated1.jpg|train/benign/benign (153)-rotated1.png|train/benign/benign (153)-rotated2-rotated1.png|train/benign/benign (153)-rotated2-rotated2.png|train/benign/benign (153)-rotated2-sharpened.png|train/benign/benign (153)-rotated2.jpg|train/benign/benign (153)-rotated2.png|train/benign/benign (153)-sharpened-rotated1.png|train/benign/benign (153)-sharpened-rotated2.png|train/benign/benign (153)-sharpened-sharpened.png|train/benign/benign (153)-sharpened.jpg|train/benign/benign (153)-sharpened.png|train/benign/benign (153).png,de7d8771c968bdbedadf51d3524fd8b5|2d86a62bff1a2a3e65db3998c5dd7a44|88857e7d9de530eab94fac458ca011be|562a94b3784045560e4a0717dae987fd|38399e744f16f6c1ed786ee2ae7b48cb|c8a398cc9a8629858ca9ad7439ada62a|b6a74b62f533bbfefc48aba82dcab9f1|87a83751df86a465bf8c0d07a008928d|5598d5fef5be725fa45f265f8307e267|ba491fa65b61f56eed4a51adc87c3bc1|559617bdd1f76912d07ab95d41ce90f8|a3cffca58743764fa7609c89775eec4d|d7add6b725336f27509ee343bd77f8ab|a1bdf24c3fb62fba817ae7c6c049377a|f26f67fd3204ee6386b9883494fc65c5|a387d79778b6521eedabbf17bcc159c6,benign (153),inferred_from_filename_not_verified_identifier,train,False,train/benign/benign (153).png
bag-e6e55e846aeb,grp-e6e55e846aeb,benign,16,val/benign/benign (3)-rotated1-rotated1.png|val/benign/benign (3)-rotated1-rotated2.png|val/benign/benign (3)-rotated1-sharpened.png|val/benign/benign (3)-rotated1.jpg|val/benign/benign (3)-rotated1.png|val/benign/benign (3)-rotated2-rotated1.png|val/benign/benign (3)-rotated2-rotated2.png|val/benign/benign (3)-rotated2-sharpened.png|val/benign/benign (3)-rotated2.jpg|val/benign/benign (3)-rotated2.png|val/benign/benign (3)-sharpened-rotated1.png|val/benign/benign (3)-sharpened-rotated2.png|val/benign/benign (3)-sharpened-sharpened.png|val/benign/benign (3)-sharpened.jpg|val/benign/benign (3)-sharpened.png|val/benign/benign (3).png,6dd7cf900988cf807ef8b898fde0a157|48ad1a9ee6b5de589be6b8919691bdc3|02c0c692546844af85ab0f70c4b02c82|a1e5746ea32c29c1124713fb0c0f9b34|d54e581d006ca28ec187e442eb9eb6b6|ce5bde665cdd609a9e1de08f454b8a91|1d5179e7161e3a6620fb638194407b6f|13187ef6b12b87afe8c7b6d41cfe429a|96f17e3c4afadb9b5c2c47c46d3fad2e|2fc4a472dac0c8ff678fd0036119b017|328e7103c1be642d6e75dc1e506e9a22|7c66133b1f5df8a6e56dfb387fb40ba2|066f21b3831ca1324be562b15280a22e|596b1b0edc493f7e5cd94411ba23828a|569606a9c1f8380716a87ce2521586dd|bd076fae63641849cb9aeec33fcb0241,benign (3),inferred_from_filename_not_verified_identifier,val,False,val/benign/benign (3).png
bag-e77b6dc5b39d,grp-e77b6dc5b39d,benign,16,train/benign/benign (278)-rotated1-rotated1.png|train/benign/benign (278)-rotated1-rotated2.png|train/benign/benign (278)-rotated1-sharpened.png|train/benign/benign (278)-rotated1.jpg|train/benign/benign (278)-rotated1.png|train/benign/benign (278)-rotated2-rotated1.png|train/benign/benign (278)-rotated2-rotated2.png|train/benign/benign (278)-rotated2-sharpened.png|train/benign/benign (278)-rotated2.jpg|train/benign/benign (278)-rotated2.png|train/benign/benign (278)-sharpened-rotated1.png|train/benign/benign (278)-sharpened-rotated2.png|train/benign/benign (278)-sharpened-sharpened.png|train/benign/benign (278)-sharpened.jpg|train/benign/benign (278)-sharpened.png|train/benign/benign (278).png,f31bb25414b6f96bcf746424cb509d25|588c1f925bf23c36462f8fa87273ac27|a17de1d627242d49b4721b95a8d749d2|00c6208a800b3525091cee34892cc46d|d9aec52fc6b61247c5717cff7a2e613f|b6f450fe770dcdfdd8fec8ff827e65e1|5f16eb4d8ebf55a82173e8a4c9136b04|a0ebdd4206c4ea59436c073900e955f1|bd8d6be102644a8bdcc5a0d2287bc582|d9aec52fc6b61247c5717cff7a2e613f|86f33dfc97b8aae0a807db103360332f|05e0503b6825060782f717f4ddc5ff77|e5942a06a2c2aa6ddad8860f8fa90561|fc011f15eafd425283ad37cfccba0149|d22f4e94d9436aeb145169642f129531|a473383e639ed8617ccd3c7b90ebc894,benign (278),inferred_from_filename_not_verified_identifier,train,False,train/benign/benign (278).png
bag-e84ee33d17b9,grp-e84ee33d17b9,benign,16,val/benign/benign (21)-rotated1-rotated1.png|val/benign/benign (21)-rotated1-rotated2.png|val/benign/benign (21)-rotated1-sharpened.png|val/benign/benign (21)-rotated1.jpg|val/benign/benign (21)-rotated1.png|val/benign/benign (21)-rotated2-rotated1.png|val/benign/benign (21)-rotated2-rotated2.png|val/benign/benign (21)-rotated2-sharpened.png|val/benign/benign (21)-rotated2.jpg|val/benign/benign (21)-rotated2.png|val/benign/benign (21)-sharpened-rotated1.png|val/benign/benign (21)-sharpened-rotated2.png|val/benign/benign (21)-sharpened-sharpened.png|val/benign/benign (21)-sharpened.jpg|val/benign/benign (21)-sharpened.png|val/benign/benign (21).png,b43c0ef21a3f4d891618df010e915a6e|016ca0e56d80d1165d1a899c80cd4d4d|702886a33143aed46d93a1e3a8d0f5df|5187f5954fd917ceb17840c15bb4d8ca|0869eaa3c4ad3ceb34f702d75f1abe85|4020b1ec070c5b0ab11679a0c7c80667|b398e077392adc015c30b93e80478522|5218da87aac2dc03ef17b6a4f4270825|7fb2053853440636c1c8a56cfe87c36e|077663cbc01e93a89a075fbcd5686a19|f53243d0577fdf43ab552378eb760db5|b576c611d36e2ecdbb6381b1c8de4b18|a3a12c914feb2bdab596c25db0f62656|fb829391439f801dc3fb3e869da3a318|e9f7d070ad1335a2647d395b9a31850c|53581f143f237851e49b9761e619cbe1,benign (21),inferred_from_filename_not_verified_identifier,val,False,val/benign/benign (21).png
bag-e851341a8469,grp-e851341a8469,malignant,21,train/malignant/malignant (19)-rotated1-rotated1.png|train/malignant/malignant (19)-rotated1-rotated2.png|train/malignant/malignant (19)-rotated1-rotated32.png|train/malignant/malignant (19)-rotated1-sharpened.png|train/malignant/malignant (19)-rotated1.png|train/malignant/malignant (19)-rotated2-rotated1.png|train/malignant/malignant (19)-rotated2-rotated2.png|train/malignant/malignant (19)-rotated2-rotated32.png|train/malignant/malignant (19)-rotated2-sharpened.png|train/malignant/malignant (19)-rotated2.png|train/malignant/malignant (19)-rotated32-rotated1.png|train/malignant/malignant (19)-rotated32-rotated2.png|train/malignant/malignant (19)-rotated32-rotated32.png|train/malignant/malignant (19)-rotated32-sharpened.png|train/malignant/malignant (19)-rotated32.png|train/malignant/malignant (19)-sharpened-rotated1.png|train/malignant/malignant (19)-sharpened-rotated2.png|train/malignant/malignant (19)-sharpened-rotated32.png|train/malignant/malignant (19)-sharpened-sharpened.png|train/malignant/malignant (19)-sharpened.png|train/malignant/malignant (19).png,d8373d3b7fe451d09b1d1ac5f2451bd6|5ef493e5c8deb853568f48bebd0c5708|69b133387a79446305e3a3400fe05d7d|ee0bcd03105a5bfe194e2817a9ed68a4|5ecf8b95e2e932edf590bf7530194b4d|941219382f8b06acecf834a39faadccf|52f394edc0782b46c39bdf9177d35cce|55eb66719a68b8fa1996269dafdb7e4e|c9f588a9bbe5e73de95c2d661933ff85|2ad3f9c74b530f8e08bef241538a1c98|65e0cb6deb2fcf03502e288a5b395428|9e82b89f76e3a878d3e37586ea630a71|b0700ce4085a963348d9d99c219ca73a|32b6a8105cfa3276dbb096a75d835970|b114f6651a4ad0953b22225ddb42b87e|ee0bf151df4b51e8f278382c33fd198c|6e1021fd22210c8ae24e2e76811edb39|0a918425d5028199e146a4765b1a337f|036062d9e081bc11ce9b291247f4d8ed|db6dbfd5d699aee0491f475f86cca594|3e827950cc94e25280ca05d762b53f5d,malignant (19),inferred_from_filename_not_verified_identifier,train,False,train/malignant/malignant (19).png
bag-e8834c405843,grp-e8834c405843,benign,16,train/benign/benign (250)-rotated1-rotated1.png|train/benign/benign (250)-rotated1-rotated2.png|train/benign/benign (250)-rotated1-sharpened.png|train/benign/benign (250)-rotated1.jpg|train/benign/benign (250)-rotated1.png|train/benign/benign (250)-rotated2-rotated1.png|train/benign/benign (250)-rotated2-rotated2.png|train/benign/benign (250)-rotated2-sharpened.png|train/benign/benign (250)-rotated2.jpg|train/benign/benign (250)-rotated2.png|train/benign/benign (250)-sharpened-rotated1.png|train/benign/benign (250)-sharpened-rotated2.png|train/benign/benign (250)-sharpened-sharpened.png|train/benign/benign (250)-sharpened.jpg|train/benign/benign (250)-sharpened.png|train/benign/benign (250).png,c43f08766708f4b183202f8af9d57595|2af98b137e29e1dfc3994b79bb7df32c|107f05e6545aa30a299acfc2c05570ab|7c388343072bc754857cc899d5fb1959|83e897684b28ac088ed7f105f567f0ca|d04b4fe370297600cf25f5e03b39167e|d0ac0d90ca4f9eac5f0b52151336bcc6|07dcc65f7c596009e9d136b3607632c7|a9eebd19c2ff3503c9dc4d929c321c1f|027f4653a1689d53789355d932df7fe8|ef7403c9f51176f6bc1bafaf2567ba05|70ef9801817657e76c6e3abb124e634b|f0a68935956c1715df4e7da62c16b1ee|0f4cb38b56013061aa13a850b51a690c|9a2a821d635937a9f6f9239b01218fea|4e91a778c8bdd210a10db07612f43cfb,benign (250),inferred_from_filename_not_verified_identifier,train,False,train/benign/benign (250).png
bag-e95298c58998,grp-e95298c58998,benign,16,val/benign/benign (27)-rotated1-rotated1.png|val/benign/benign (27)-rotated1-rotated2.png|val/benign/benign (27)-rotated1-sharpened.png|val/benign/benign (27)-rotated1.jpg|val/benign/benign (27)-rotated1.png|val/benign/benign (27)-rotated2-rotated1.png|val/benign/benign (27)-rotated2-rotated2.png|val/benign/benign (27)-rotated2-sharpened.png|val/benign/benign (27)-rotated2.jpg|val/benign/benign (27)-rotated2.png|val/benign/benign (27)-sharpened-rotated1.png|val/benign/benign (27)-sharpened-rotated2.png|val/benign/benign (27)-sharpened-sharpened.png|val/benign/benign (27)-sharpened.jpg|val/benign/benign (27)-sharpened.png|val/benign/benign (27).png,d333b9c626bd811d74a45668dad68f28|b8e184628b1e9a30a84bd9c12062c4c0|31bf637570d370fc0ffec9a1afbbea3b|89f5a234c6f43d21193a4df3431d0e8e|d333b9c626bd811d74a45668dad68f28|8e70b091b6c232e148651a0d506c7bd4|a7929ba92ed9e953e73553579b31a6f4|23c41f8e364f6c63dfb76ddf58fe1bd3|336ce11e0f4725fce7c9e61536b5ea41|da2e84e7a4250bc2bc6be3befb4b179e|6df8d5c2bae7e4b002fcb76e97899e65|6a29d33c811e177b1bde2897bf38ea0a|d5fd6a30223644900d0e12555ac8c44d|3f65ca173e71e6fefd20cfa2c72fcf15|31bf637570d370fc0ffec9a1afbbea3b|33c0cb279ff66e328e6146b67244e886,benign (27),inferred_from_filename_not_verified_identifier,val,False,val/benign/benign (27).png
bag-e9921da1c97a,grp-e9921da1c97a,benign,16,train/benign/benign (190)-rotated1-rotated1.png|train/benign/benign (190)-rotated1-rotated2.png|train/benign/benign (190)-rotated1-sharpened.png|train/benign/benign (190)-rotated1.jpg|train/benign/benign (190)-rotated1.png|train/benign/benign (190)-rotated2-rotated1.png|train/benign/benign (190)-rotated2-rotated2.png|train/benign/benign (190)-rotated2-sharpened.png|train/benign/benign (190)-rotated2.jpg|train/benign/benign (190)-rotated2.png|train/benign/benign (190)-sharpened-rotated1.png|train/benign/benign (190)-sharpened-rotated2.png|train/benign/benign (190)-sharpened-sharpened.png|train/benign/benign (190)-sharpened.jpg|train/benign/benign (190)-sharpened.png|train/benign/benign (190).png,545844e7fb5155a5cebf4770dd061bdf|599afa2820f49ed8244da5778734c800|556e45f88d20588256410a9a7897c426|85bd3c8216e03df11555dc8147df6d26|d498d39c1383e92778209cf310a85bb1|d44a92baf69025181b82da3c87644196|3ec2d752f83cfc55978f8a06430de14e|556e45f88d20588256410a9a7897c426|0ed3628a1c946ab16a3a48f4386adfd2|2177e9f68765930f958a854a9ad9b72d|6b7afbec22098cbc9565d05a45736a0b|b29bd496f155a2a289ff9460a992662a|2d02c3fb93aa132aa1b61a8264ad69e5|dee636fd7ec58413cf83b4b310892307|158d930e1a9aa34761b1a54748877caf|e249bbd1b23abdcd7219b9b4b9f58031,benign (190),inferred_from_filename_not_verified_identifier,train,False,train/benign/benign (190).png
bag-e9d4af2827f9,grp-e9d4af2827f9,benign,16,train/benign/benign (247)-rotated1-rotated1.png|train/benign/benign (247)-rotated1-rotated2.png|train/benign/benign (247)-rotated1-sharpened.png|train/benign/benign (247)-rotated1.jpg|train/benign/benign (247)-rotated1.png|train/benign/benign (247)-rotated2-rotated1.png|train/benign/benign (247)-rotated2-rotated2.png|train/benign/benign (247)-rotated2-sharpened.png|train/benign/benign (247)-rotated2.jpg|train/benign/benign (247)-rotated2.png|train/benign/benign (247)-sharpened-rotated1.png|train/benign/benign (247)-sharpened-rotated2.png|train/benign/benign (247)-sharpened-sharpened.png|train/benign/benign (247)-sharpened.jpg|train/benign/benign (247)-sharpened.png|train/benign/benign (247).png,3f8f746f5dcafe96d32ff069678af56a|bd4cfb98222ce621ab123818e59756a1|07dd3fc106fb4169c4119f25130a58e9|34820c4134a44a7882596d51bd029b3e|14abfa4489a629d53e3218a5a226b79a|9da7a1b0c15bc529030e5cab123b87cf|9da7a1b0c15bc529030e5cab123b87cf|da180b248d2a3ba57c9c839215336d43|6bc74ce2a7794d6682654fd48767e83e|6cdc414be971836c91c530dff83fe6ab|2c3421ae3505c00a1128f2a243f5079c|72bb1f4edb281519630a0bb39257d3ec|673c52aa6473d03991217c029d0c4b0d|db07fdf65f228ebbb98fdd303b89674b|a500952932c7f77fb6755bc746882d8c|4169d8f6676dd15b8f077768cefb9768,benign (247),inferred_from_filename_not_verified_identifier,train,False,train/benign/benign (247).png
bag-e9fafe55a1b4,grp-e9fafe55a1b4,benign,16,train/benign/benign (86)-rotated1-rotated1.png|train/benign/benign (86)-rotated1-rotated2.png|train/benign/benign (86)-rotated1-sharpened.png|train/benign/benign (86)-rotated1.jpg|train/benign/benign (86)-rotated1.png|train/benign/benign (86)-rotated2-rotated1.png|train/benign/benign (86)-rotated2-rotated2.png|train/benign/benign (86)-rotated2-sharpened.png|train/benign/benign (86)-rotated2.jpg|train/benign/benign (86)-rotated2.png|train/benign/benign (86)-sharpened-rotated1.png|train/benign/benign (86)-sharpened-rotated2.png|train/benign/benign (86)-sharpened-sharpened.png|train/benign/benign (86)-sharpened.jpg|train/benign/benign (86)-sharpened.png|train/benign/benign (86).png,45dc988f638adad7f00ddf42bf1295aa|e06826dc2fd86749527962e03d2aed25|a31211be8dff36865168fc42a82e5434|4732a1413d3a2dbad8265becaebeab29|09aae2bba0760c8aa890037c8952cf3f|cfe043eecd3e0a330a0d367c83520036|bace82c45442a9798a57e912c16de4a5|e023ed7ca8fccd46cc66513c757bf288|d6cf94937a4ef1a9915c771bdf27798d|70df7d93d5d885ab7c42a3c33105e4b6|b3410f7b8de8832a8a5fa75a97b33b7f|715f8ab97e1c4d0049070954211f23ca|aaaa2e5edbaf373f196509b7b885a679|f93c9559cf7a718220a8e3509a3a2a75|53cbfb3e15e1c521bac488462f852d61|6955bef4d400462c8a98dab2b99dbd67,benign (86),inferred_from_filename_not_verified_identifier,train,False,train/benign/benign (86).png
bag-eb1dca0eac24,grp-eb1dca0eac24,malignant,21,train/malignant/malignant (23)-rotated1-rotated1.png|train/malignant/malignant (23)-rotated1-rotated2.png|train/malignant/malignant (23)-rotated1-rotated32.png|train/malignant/malignant (23)-rotated1-sharpened.png|train/malignant/malignant (23)-rotated1.png|train/malignant/malignant (23)-rotated2-rotated1.png|train/malignant/malignant (23)-rotated2-rotated2.png|train/malignant/malignant (23)-rotated2-rotated32.png|train/malignant/malignant (23)-rotated2-sharpened.png|train/malignant/malignant (23)-rotated2.png|train/malignant/malignant (23)-rotated32-rotated1.png|train/malignant/malignant (23)-rotated32-rotated2.png|train/malignant/malignant (23)-rotated32-rotated32.png|train/malignant/malignant (23)-rotated32-sharpened.png|train/malignant/malignant (23)-rotated32.png|train/malignant/malignant (23)-sharpened-rotated1.png|train/malignant/malignant (23)-sharpened-rotated2.png|train/malignant/malignant (23)-sharpened-rotated32.png|train/malignant/malignant (23)-sharpened-sharpened.png|train/malignant/malignant (23)-sharpened.png|train/malignant/malignant (23).png,eec9ab00b9ca7e8b675342821c6985f3|48788156af43c4d5240ba6eb360a37ca|fe4de611cd66b830b883ea7e51806c44|f13a5a0fbf07617b8393e6bd80bbe166|cb6f3dbd8e09bc0f75aafb7a8c7dca8b|01aa0bee994a53d9f5c4fefcce34d1ea|fc1e39e9aefc51ebc92758011c3a7a2b|42702e72d4b936f63faf5b61b6fe581c|970d4b5497df8b55ea9baa9a98afcfa2|25f4982184f14e07fd675b576cbca18d|81494b1e9c13d10dded2ec7986aac9d2|762dd1a59487f1058db4589e27b570d8|27b0853c3f54530f4c4b42843cadb157|6c24c28ff795df79c114b6ae23412235|62616130bdeecb0c6558bc87362c9722|9605c7fd537d386069575bc4da4715b3|ffb364a5bbc7d4bb044933a810a7c3ec|a9c682c8891a896e7c0fe72dd817392c|f09f6cbf723cc7a8b734f888f97eee71|3bfa3822588e3654ed7963a5a0f04f5e|03a5bdbaa8076334fa6e020b51e44ca4,malignant (23),inferred_from_filename_not_verified_identifier,train,False,train/malignant/malignant (23).png
bag-ebcb9c674548,grp-ebcb9c674548,benign,16,train/benign/benign (117)-rotated1-rotated1.png|train/benign/benign (117)-rotated1-rotated2.png|train/benign/benign (117)-rotated1-sharpened.png|train/benign/benign (117)-rotated1.jpg|train/benign/benign (117)-rotated1.png|train/benign/benign (117)-rotated2-rotated1.png|train/benign/benign (117)-rotated2-rotated2.png|train/benign/benign (117)-rotated2-sharpened.png|train/benign/benign (117)-rotated2.jpg|train/benign/benign (117)-rotated2.png|train/benign/benign (117)-sharpened-rotated1.png|train/benign/benign (117)-sharpened-rotated2.png|train/benign/benign (117)-sharpened-sharpened.png|train/benign/benign (117)-sharpened.jpg|train/benign/benign (117)-sharpened.png|train/benign/benign (117).png,cafcc821864b4e9f3fb84e3d066ee55e|1dc07f62272085036652519542dad7b4|356d2b591dcee6985a1af3cd6b14f770|291d7cd38fece9fc87ad2c38c167e258|7af1a521dd8c731194f6b57dd0f28ec4|fb21868a2b4b9990a836ab5784c0b70e|2b60726493def982b93c63cfe3149ca1|130df742ef4dda7b55793df87b20d130|697a5ae9b6d7b1e5b7eced7661fa9884|bd5e4601aa15845d99056ad555469581|b53f54230ae16c7df9771f4a81f102de|31a0e7e9904aeeb4fafa85d312c0e0bd|7c5f435e87bb1bfc3937faeb2a33dcea|db2443638c359f52668b5f3168acdb4c|70f0bc68ac37c3a4a1f4f3dabe1d98b0|4f653dd15563b651eb9969c60a6ad46f,benign (117),inferred_from_filename_not_verified_identifier,train,False,train/benign/benign (117).png
bag-ebcc8aae12b2,grp-ebcc8aae12b2,malignant,21,train/malignant/malignant (52)-rotated1-rotated1.png|train/malignant/malignant (52)-rotated1-rotated2.png|train/malignant/malignant (52)-rotated1-rotated32.png|train/malignant/malignant (52)-rotated1-sharpened.png|train/malignant/malignant (52)-rotated1.png|train/malignant/malignant (52)-rotated2-rotated1.png|train/malignant/malignant (52)-rotated2-rotated2.png|train/malignant/malignant (52)-rotated2-rotated32.png|train/malignant/malignant (52)-rotated2-sharpened.png|train/malignant/malignant (52)-rotated2.png|train/malignant/malignant (52)-rotated32-rotated1.png|train/malignant/malignant (52)-rotated32-rotated2.png|train/malignant/malignant (52)-rotated32-rotated32.png|train/malignant/malignant (52)-rotated32-sharpened.png|train/malignant/malignant (52)-rotated32.png|train/malignant/malignant (52)-sharpened-rotated1.png|train/malignant/malignant (52)-sharpened-rotated2.png|train/malignant/malignant (52)-sharpened-rotated32.png|train/malignant/malignant (52)-sharpened-sharpened.png|train/malignant/malignant (52)-sharpened.png|train/malignant/malignant (52).png,c933b7a0e8098c79e0b34250f0434986|e33afd9e40d7c756862dc1e00ad9aec7|3f0f0c435f35969e79218fdeed5b7475|a6a41782519c11af8f339fecd21828b0|ede9d3f3e80491055cf1fa11c7e8388e|bc536d09bc225d1284c0fc1e712171be|23d78dfb989e6083f3fa0f1fdd48230a|d530856fc73d55a7150045326d362bd1|5ef351deabf4e8dd9b63e2ac163799c3|145b9bd6ee25a627d0d01fa45678db2e|35bfbda20aa7842a84e3dad94f26a88a|85a9f9f7405e1ad1b89671a969bf4648|2b27ca9a4cbc0d5967e98add22335d75|a492d2115cb5fc6d0c24260d8c0d63e0|b510929818ac314801e52990655f3bd0|6780e878f623ee09e853deb92a7ab488|c69a196446e202c3c3eb4f3b40b81fe3|233745770c31852b06b04a7f45b57ef9|100f0e83d9f92cbff157c731eefe11ee|b8a99b107c264e356e7e3451833c434e|55ccb550079462492ced2cb0e0f9b4bd,malignant (52),inferred_from_filename_not_verified_identifier,train,False,train/malignant/malignant (52).png
bag-ec3f2b563e6c,grp-ec3f2b563e6c,benign,16,val/benign/benign (2)-rotated1-rotated1.png|val/benign/benign (2)-rotated1-rotated2.png|val/benign/benign (2)-rotated1-sharpened.png|val/benign/benign (2)-rotated1.jpg|val/benign/benign (2)-rotated1.png|val/benign/benign (2)-rotated2-rotated1.png|val/benign/benign (2)-rotated2-rotated2.png|val/benign/benign (2)-rotated2-sharpened.png|val/benign/benign (2)-rotated2.jpg|val/benign/benign (2)-rotated2.png|val/benign/benign (2)-sharpened-rotated1.png|val/benign/benign (2)-sharpened-rotated2.png|val/benign/benign (2)-sharpened-sharpened.png|val/benign/benign (2)-sharpened.jpg|val/benign/benign (2)-sharpened.png|val/benign/benign (2).png,c53ddb7c74be7592a492b919f125e997|01628353f6cf572ebba3e32c192c4711|6fc85ad7ef2ac650dcd1f2f9ff520ea5|7290a856310ed40c2e20eac07e8e1197|b94ac73095b734ed6b9a1b559c244a5b|d7b3ba87d15e4da41f0fb976ec82b1f8|6c21c36e80a2715db1b0efa640a30749|aa6a8c8d419f8813370871f41ab01e20|fc0a1ed2410550970b9ecb0439aebeff|323b8935b7b3ae19322621a4b85a3c96|b20ba2290dbb390c6d42fb33fbca2459|3f438fc3d7256beac729c0a247b26be6|04dd5715afba15cdc5e61165d735f98d|cc9226752294ac587adcae368dde0e98|07e9511ac51210f333d4d5b3b8b5ad01|80dd66fc399ad02f92252ae50e5afa9b,benign (2),inferred_from_filename_not_verified_identifier,val,False,val/benign/benign (2).png
bag-ec6b6b45faeb,grp-ec6b6b45faeb,malignant,21,train/malignant/malignant (30)-rotated1-rotated1.png|train/malignant/malignant (30)-rotated1-rotated2.png|train/malignant/malignant (30)-rotated1-rotated32.png|train/malignant/malignant (30)-rotated1-sharpened.png|train/malignant/malignant (30)-rotated1.png|train/malignant/malignant (30)-rotated2-rotated1.png|train/malignant/malignant (30)-rotated2-rotated2.png|train/malignant/malignant (30)-rotated2-rotated32.png|train/malignant/malignant (30)-rotated2-sharpened.png|train/malignant/malignant (30)-rotated2.png|train/malignant/malignant (30)-rotated32-rotated1.png|train/malignant/malignant (30)-rotated32-rotated2.png|train/malignant/malignant (30)-rotated32-rotated32.png|train/malignant/malignant (30)-rotated32-sharpened.png|train/malignant/malignant (30)-rotated32.png|train/malignant/malignant (30)-sharpened-rotated1.png|train/malignant/malignant (30)-sharpened-rotated2.png|train/malignant/malignant (30)-sharpened-rotated32.png|train/malignant/malignant (30)-sharpened-sharpened.png|train/malignant/malignant (30)-sharpened.png|train/malignant/malignant (30).png,17f6a7df0d4dd9c680336a4a84b0d66e|3200a3a04e9e91e24916d236f2bb2243|4a7820aab38ffb6c715a3ff0cb7526e5|6f4465ed5e0a629427fce97db5330d17|6e95d2222e42813af18672bfc4616caa|26be5e638e623669c3dc5f3f0f9df780|4937aa2b429e731a28a6357b2b6c14fa|c93ddfe10ad79c2ce4bd9da77f13b917|662e97315c2e261906f946e3d0ec77e0|cb1cc37afb6ef5ce20b6ea08803937fc|f5e60aa1a5436c297a0eb02acbe10f6e|d03462a1ff6d67189ff1f4e813f83da6|2f85a278e4f54dca8e815385ee2053e1|2d20a84b4f56c52fabe29906f188eacb|14fd9ed342bd0f8c37c513a4766b1297|7fe85683b13c413357fe93144fa2bb97|7fe85683b13c413357fe93144fa2bb97|6110ea0e1c72315492e6c9e85f4be8a2|eb15478414539d5b148bbfa5ba3a7d35|d603795810b18097e3612f7d243f07ea|33f222afa72aed2043b596f1132d8676,malignant (30),inferred_from_filename_not_verified_identifier,train,False,train/malignant/malignant (30).png
bag-ed48d05a8803,grp-ed48d05a8803,benign,16,train/benign/benign (171)-rotated1-rotated1.png|train/benign/benign (171)-rotated1-rotated2.png|train/benign/benign (171)-rotated1-sharpened.png|train/benign/benign (171)-rotated1.jpg|train/benign/benign (171)-rotated1.png|train/benign/benign (171)-rotated2-rotated1.png|train/benign/benign (171)-rotated2-rotated2.png|train/benign/benign (171)-rotated2-sharpened.png|train/benign/benign (171)-rotated2.jpg|train/benign/benign (171)-rotated2.png|train/benign/benign (171)-sharpened-rotated1.png|train/benign/benign (171)-sharpened-rotated2.png|train/benign/benign (171)-sharpened-sharpened.png|train/benign/benign (171)-sharpened.jpg|train/benign/benign (171)-sharpened.png|train/benign/benign (171).png,43411f903af3ac89dc42d266bce256f5|6629f676c27cdd65b0285ac82635eaf2|c5531c5cee8d9ab3238bd09fea3a89e1|c14f34115f22aeae3f5d89a36ce87d73|da438b889285a46f0b79f1332ff1e314|f5c00fdd972d425383d00ff446933e6e|377360e6906a1b72f731b9573e33de49|25648721ec0faacb700b3e66a8d1a84e|a787c7067569805912191dc1705bbb3d|4f00526d9b431cdf25bffebde770e888|6423a1e5d06e2e284095c99362247416|39b5cc9fa8b01243ffa4dbf80c6f06e6|50b13ec267fe35fc6f60da023a6efbe5|27cdf414ca1d464ca40bfaf30cbfe777|1093666fb8d8171e71e60ec5a02dd90a|acebb14be3209ce7cb6eca62a8e166ad,benign (171),inferred_from_filename_not_verified_identifier,train,False,train/benign/benign (171).png
bag-ed7ee1047144,grp-ed7ee1047144,benign,16,train/benign/benign (55)-rotated1-rotated1.png|train/benign/benign (55)-rotated1-rotated2.png|train/benign/benign (55)-rotated1-sharpened.png|train/benign/benign (55)-rotated1.jpg|train/benign/benign (55)-rotated1.png|train/benign/benign (55)-rotated2-rotated1.png|train/benign/benign (55)-rotated2-rotated2.png|train/benign/benign (55)-rotated2-sharpened.png|train/benign/benign (55)-rotated2.jpg|train/benign/benign (55)-rotated2.png|train/benign/benign (55)-sharpened-rotated1.png|train/benign/benign (55)-sharpened-rotated2.png|train/benign/benign (55)-sharpened-sharpened.png|train/benign/benign (55)-sharpened.jpg|train/benign/benign (55)-sharpened.png|train/benign/benign (55).png,8041c434280a0d2e8e373e6aa44f4bf1|8883b62115bc073bc857ddd191386e6c|6c210781ce64f5e4d4bdc6014179847e|16c2dc807da7085ff405ec8e3231f6ab|a25a04a2bdf18941496bbd4a31497fb4|2ee40af931d51eb910ba87859eedc7bd|af14454837c9898cb3ef0ccce90a6dfa|10eb50da6baf21db00bf91bbc969fa3a|e22fc46bfcab290910cd508b6427a534|4035e8d13a6c81461f823a2cbd0c7aad|e4e336c4c57a6e19c4cc8043388c379f|6ec1b933535d43ce75098aabba153644|6ac7b75b13d7a0a878810939ee3f63e2|fa5fb4e0990a77b883fe7ff7ddfe4ec5|4a248f28dc669d5bc923d6087bf6d4c9|4b2a33b295fc27888d1a3783c7e123f3,benign (55),inferred_from_filename_not_verified_identifier,train,False,train/benign/benign (55).png
bag-ee2107d7e988,grp-ee2107d7e988,benign,16,train/benign/benign (102)-rotated1-rotated1.png|train/benign/benign (102)-rotated1-rotated2.png|train/benign/benign (102)-rotated1-sharpened.png|train/benign/benign (102)-rotated1.jpg|train/benign/benign (102)-rotated1.png|train/benign/benign (102)-rotated2-rotated1.png|train/benign/benign (102)-rotated2-rotated2.png|train/benign/benign (102)-rotated2-sharpened.png|train/benign/benign (102)-rotated2.jpg|train/benign/benign (102)-rotated2.png|train/benign/benign (102)-sharpened-rotated1.png|train/benign/benign (102)-sharpened-rotated2.png|train/benign/benign (102)-sharpened-sharpened.png|train/benign/benign (102)-sharpened.jpg|train/benign/benign (102)-sharpened.png|train/benign/benign (102).png,f9cc5ac83be62f9ae09c6b610976ff93|f9cc5ac83be62f9ae09c6b610976ff93|24454895becf5b6b66811273c74775ab|a34a81da86e4c2127277049302d7d9bc|a7b1b2748d761b8b9d7532124e5f13e4|7410c7e80e503cc4b13274b6b89eeea5|ae66a9e6652688b3582757b8fa3864e8|5355b87a279fee8fed97082776084e89|708208f39a787f08dd3677e3a4cd23fb|8193281a04e5b26e2306d8d1c6789755|05501a144a560c41dc8aef7944c8849a|cd6c345071d65496078dceda4f1a8b9e|69019dd697eb622562f3a3e894334b9f|886f5136c4b74d3569ede37fb8c64e24|4b367f76164ffcee47f106936b6ab34b|ec7027f1fd2c930a4615e98f157ee91a,benign (102),inferred_from_filename_not_verified_identifier,train,False,train/benign/benign (102).png
bag-ee71b3c78a09,grp-ee71b3c78a09,benign,16,train/benign/benign (63)-rotated1-rotated1.png|train/benign/benign (63)-rotated1-rotated2.png|train/benign/benign (63)-rotated1-sharpened.png|train/benign/benign (63)-rotated1.jpg|train/benign/benign (63)-rotated1.png|train/benign/benign (63)-rotated2-rotated1.png|train/benign/benign (63)-rotated2-rotated2.png|train/benign/benign (63)-rotated2-sharpened.png|train/benign/benign (63)-rotated2.jpg|train/benign/benign (63)-rotated2.png|train/benign/benign (63)-sharpened-rotated1.png|train/benign/benign (63)-sharpened-rotated2.png|train/benign/benign (63)-sharpened-sharpened.png|train/benign/benign (63)-sharpened.jpg|train/benign/benign (63)-sharpened.png|train/benign/benign (63).png,1fc654402d3388cd36ee3ecc38dcffc8|0b8ce7019b520ba54fbffee763512084|cf1af369c64e2ba1606887c7016ee783|2871f0f82b2a5df8c9eea8f5261ff221|0825fb07cf32e919161b1cfdf7f9234c|e8d3e18d49bc092cc9e7d8a81d15402b|758a75a8ff665d1fc7edeb1ba53d3ae3|e269da87328e36138dd1335e43b2e376|1f75b3b3e08f49d370a6ca36c813c336|0aed7789c83389741a866c2bf6554cd2|4f86646c1b004b43133671aed5f51c6b|a3d4b704621530ad27585cc6702006d5|fbba00795c46d50014432ba3fb2dd3c6|612dc3a96db4f6067ffbb34b85f9172e|7bd39d7bd4dffbb9f2c7e5d2379d0870|f582f6788fe1d4af44498e0d78e89b4b,benign (63),inferred_from_filename_not_verified_identifier,train,False,train/benign/benign (63).png
bag-f115f5028442,grp-f115f5028442,benign,16,train/benign/benign (127)-rotated1-rotated1.png|train/benign/benign (127)-rotated1-rotated2.png|train/benign/benign (127)-rotated1-sharpened.png|train/benign/benign (127)-rotated1.jpg|train/benign/benign (127)-rotated1.png|train/benign/benign (127)-rotated2-rotated1.png|train/benign/benign (127)-rotated2-rotated2.png|train/benign/benign (127)-rotated2-sharpened.png|train/benign/benign (127)-rotated2.jpg|train/benign/benign (127)-rotated2.png|train/benign/benign (127)-sharpened-rotated1.png|train/benign/benign (127)-sharpened-rotated2.png|train/benign/benign (127)-sharpened-sharpened.png|train/benign/benign (127)-sharpened.jpg|train/benign/benign (127)-sharpened.png|train/benign/benign (127).png,f10ce3657231fcf3a4952e05df314c58|b6649ca60209466639dfd9c189f64e8e|74f6c5d7f4ab645abb54c94e70e01a0c|8f3cf4ca4be975144e61cb0e1f10c816|7215c6ffc12469227101b7d3cbab2361|47c473d59b892c87f8b31f72a05e3859|25b79aff97f2138772fe18b7f45c3484|74f6c5d7f4ab645abb54c94e70e01a0c|79ea7491101b4c2ee15698ad96b311e4|3ad541bc3007e86c74803adba8e90c0d|c63f713b8aff52293f06c120d4890104|f661aec2e13360b89556350f97991846|1129752bcebba640c7fabc3ef248e0a0|9bf8e727a79aa49743630fa076d8f55f|5106a3d90f83b3882ec7db38a01754fb|add806d672d02731db493adbe05acfea,benign (127),inferred_from_filename_not_verified_identifier,train,False,train/benign/benign (127).png
bag-f1b90f431a5c,grp-f1b90f431a5c,malignant,21,train/malignant/malignant (170)-rotated1-rotated1.png|train/malignant/malignant (170)-rotated1-rotated2.png|train/malignant/malignant (170)-rotated1-rotated32.png|train/malignant/malignant (170)-rotated1-sharpened.png|train/malignant/malignant (170)-rotated1.png|train/malignant/malignant (170)-rotated2-rotated1.png|train/malignant/malignant (170)-rotated2-rotated2.png|train/malignant/malignant (170)-rotated2-rotated32.png|train/malignant/malignant (170)-rotated2-sharpened.png|train/malignant/malignant (170)-rotated2.png|train/malignant/malignant (170)-rotated32-rotated1.png|train/malignant/malignant (170)-rotated32-rotated2.png|train/malignant/malignant (170)-rotated32-rotated32.png|train/malignant/malignant (170)-rotated32-sharpened.png|train/malignant/malignant (170)-rotated32.png|train/malignant/malignant (170)-sharpened-rotated1.png|train/malignant/malignant (170)-sharpened-rotated2.png|train/malignant/malignant (170)-sharpened-rotated32.png|train/malignant/malignant (170)-sharpened-sharpened.png|train/malignant/malignant (170)-sharpened.png|train/malignant/malignant (170).png,a134d7b380f957bf67d93cfdca5fa4b4|a138f91e277b288a3d32a34775f8a87a|dddb9e06b18e9ebd276815e7c943862f|4c8de56bd54f06ef61636e81a57ac05c|05f9c761385a49a3d6fbd94081bcfbe9|9fdc2cf875fbaa5579f49cf41a7eefe7|4fc3452e87bab92626cf5392b10e1c62|f29ae1b926b1b9f07c9a583691538512|ee81a3e7efbb9e5a6d6f7ff848134f2d|36b8a70aaa963d06c332e5a656e00d81|041e735fc4925bbc905f30ec775d31f4|11e9c34cd35d36a3893c284ade66e77a|b8fe6a1df861e99356d9c082e32a4db3|e36ef6ed1e3c57551f9c8d0b380f708f|4bca1965d98dda0d5777d6d3e7b8c6e1|daf54a0431dfb973b22a7fd05db34db1|d9e10fce244b67a36ccbd57bf4c867ca|350b58308bc2403e42acdc7de10adf59|12952f0e440a18f550af165bf7bc6539|4c8de56bd54f06ef61636e81a57ac05c|01f19bcd3e6c5d07d1526ba1d1434168,malignant (170),inferred_from_filename_not_verified_identifier,train,False,train/malignant/malignant (170).png
bag-f20cfd5b21ad,grp-f20cfd5b21ad,malignant,21,train/malignant/malignant (103)-rotated1-rotated1.png|train/malignant/malignant (103)-rotated1-rotated2.png|train/malignant/malignant (103)-rotated1-rotated32.png|train/malignant/malignant (103)-rotated1-sharpened.png|train/malignant/malignant (103)-rotated1.png|train/malignant/malignant (103)-rotated2-rotated1.png|train/malignant/malignant (103)-rotated2-rotated2.png|train/malignant/malignant (103)-rotated2-rotated32.png|train/malignant/malignant (103)-rotated2-sharpened.png|train/malignant/malignant (103)-rotated2.png|train/malignant/malignant (103)-rotated32-rotated1.png|train/malignant/malignant (103)-rotated32-rotated2.png|train/malignant/malignant (103)-rotated32-rotated32.png|train/malignant/malignant (103)-rotated32-sharpened.png|train/malignant/malignant (103)-rotated32.png|train/malignant/malignant (103)-sharpened-rotated1.png|train/malignant/malignant (103)-sharpened-rotated2.png|train/malignant/malignant (103)-sharpened-rotated32.png|train/malignant/malignant (103)-sharpened-sharpened.png|train/malignant/malignant (103)-sharpened.png|train/malignant/malignant (103).png,4abfa0689279b6ec6fea3629b5771177|e97268699686a62b0466b929734d25ca|b90ccb96601df87c15d9c95bc4963861|d5e7364ff426c4e5dc3f3eeb0c813ac0|f62d3e461dd419264a929eaad23411f2|f58885fda787473d42838a5bf9443359|605bc6d7ab88771718ea5e39a0cc2058|d6ad77d7882cf5f2481f27f1aad49068|b9124abcdd60775e77d278c26f36f9ce|6928d40d93a1fbe9b26ce7d7f8629f2a|8c8ee0fd24cc6b7338fff2fbf4faf17a|5e98f54363ab869a7c06f5de4f70ca90|c764c9bec0adbc98c64913c80586b89d|884420d0ea544070487eb83d07522c5c|905ab1c12d634e29852971852ed940a9|cbabd5037cc1f79540fb7a8178f69529|8d74531e04877b5b6adc868d552645b4|141092b4c7e85857863fdd523c5b563b|67780a7675ed953f7762649750cc0e94|884420d0ea544070487eb83d07522c5c|57bba2bf4847f8357b95a37acd9f4c9b,malignant (103),inferred_from_filename_not_verified_identifier,train,False,train/malignant/malignant (103).png
bag-f25ec6366ec9,grp-f25ec6366ec9,malignant,21,train/malignant/malignant (45)-rotated1-rotated1.png|train/malignant/malignant (45)-rotated1-rotated2.png|train/malignant/malignant (45)-rotated1-rotated32.png|train/malignant/malignant (45)-rotated1-sharpened.png|train/malignant/malignant (45)-rotated1.png|train/malignant/malignant (45)-rotated2-rotated1.png|train/malignant/malignant (45)-rotated2-rotated2.png|train/malignant/malignant (45)-rotated2-rotated32.png|train/malignant/malignant (45)-rotated2-sharpened.png|train/malignant/malignant (45)-rotated2.png|train/malignant/malignant (45)-rotated32-rotated1.png|train/malignant/malignant (45)-rotated32-rotated2.png|train/malignant/malignant (45)-rotated32-rotated32.png|train/malignant/malignant (45)-rotated32-sharpened.png|train/malignant/malignant (45)-rotated32.png|train/malignant/malignant (45)-sharpened-rotated1.png|train/malignant/malignant (45)-sharpened-rotated2.png|train/malignant/malignant (45)-sharpened-rotated32.png|train/malignant/malignant (45)-sharpened-sharpened.png|train/malignant/malignant (45)-sharpened.png|train/malignant/malignant (45).png,41c60b00855e041877b90b688fbbf2a4|c7e8f8d8e236852879fc1cf59030f69c|c7afec0b929a60898481ca36986a4d7a|5303e6fef4e25df4c283e73c1001c5ac|73fe05254ace89e735daff6a389533c7|f0a0d8fbbcaad13f7abef284ab68b50f|be1410a02585c7b8f01c52bdbcb268f4|6d1eef848f588283985024f453026a67|cd9e8250b3d9e35b954e7e003b1d0df2|bf8694c3485c0f0d137a08cf3097b427|744645811f99450798b3d57e037ff619|871d0a44e1a2fafdec5035bb43aa5604|2580e805dc62bbdd496636981a017ec7|22109aca0d6ef03a1bfa4b18aeea85ed|b53231557d44ce9786fa9516db720780|d8e5be5519d371726a6f29ea75394cd1|787237fe6c498b044df820b7699e082c|ed7cb0b859f3ace3c005079df6327e45|07e34e036151f5821b985e856faaff63|a4c9634582a40c3ca52f9b2e52d1bcf5|2e48033d24d4e9da0caf47c4b54d57a1,malignant (45),inferred_from_filename_not_verified_identifier,train,False,train/malignant/malignant (45).png
bag-f26b984c419a,grp-f26b984c419a,malignant,21,train/malignant/malignant (105)-rotated1-rotated1.png|train/malignant/malignant (105)-rotated1-rotated2.png|train/malignant/malignant (105)-rotated1-rotated32.png|train/malignant/malignant (105)-rotated1-sharpened.png|train/malignant/malignant (105)-rotated1.png|train/malignant/malignant (105)-rotated2-rotated1.png|train/malignant/malignant (105)-rotated2-rotated2.png|train/malignant/malignant (105)-rotated2-rotated32.png|train/malignant/malignant (105)-rotated2-sharpened.png|train/malignant/malignant (105)-rotated2.png|train/malignant/malignant (105)-rotated32-rotated1.png|train/malignant/malignant (105)-rotated32-rotated2.png|train/malignant/malignant (105)-rotated32-rotated32.png|train/malignant/malignant (105)-rotated32-sharpened.png|train/malignant/malignant (105)-rotated32.png|train/malignant/malignant (105)-sharpened-rotated1.png|train/malignant/malignant (105)-sharpened-rotated2.png|train/malignant/malignant (105)-sharpened-rotated32.png|train/malignant/malignant (105)-sharpened-sharpened.png|train/malignant/malignant (105)-sharpened.png|train/malignant/malignant (105).png,75717bf5d0e62a7dfcf4f74119903a15|9f35168f4d0d0624e61b6fd2a3c44601|8f4097abb4b2124f180ec19ae18afe36|9981ed74ed1d62f99e1bac518181d83a|e861c837e0cad8525199e01308fad3d5|f6788bc035e0eacbcabe553a9f5974f8|5a6a12d0a7ef5d6f1ff52dca3d410017|9da0e42e90a0901407c8bf80c9be6ad2|1a3d042d2870fb79e54758115a261606|90b0246b21aba273b7df2c349da24b1f|2b8ec2103ef00dbbc19bc889fd438b00|53693f57c55138e4451d88602020f475|908ce9c82c8d4a0ef682ec97234f7bf5|9981ed74ed1d62f99e1bac518181d83a|762baa177d333aef18b4a97b317ca30a|b98bde8f46696ea8e1ae1d0fc2f77666|e6363f4a8cdcee6f6881d04dd3f767b6|dc73d15d4f3e8e41d198cf48924b65ef|52e469fa6be0e1b4cc15325079e45017|dc4a77341e553b85ec96511a9e7227fb|6ef1fae60014846ef2a307d690bb2839,malignant (105),inferred_from_filename_not_verified_identifier,train,False,train/malignant/malignant (105).png
bag-f3b6b8b05006,grp-f3b6b8b05006,malignant,21,train/malignant/malignant (209)-rotated1-rotated1.png|train/malignant/malignant (209)-rotated1-rotated2.png|train/malignant/malignant (209)-rotated1-rotated32.png|train/malignant/malignant (209)-rotated1-sharpened.png|train/malignant/malignant (209)-rotated1.png|train/malignant/malignant (209)-rotated2-rotated1.png|train/malignant/malignant (209)-rotated2-rotated2.png|train/malignant/malignant (209)-rotated2-rotated32.png|train/malignant/malignant (209)-rotated2-sharpened.png|train/malignant/malignant (209)-rotated2.png|train/malignant/malignant (209)-rotated32-rotated1.png|train/malignant/malignant (209)-rotated32-rotated2.png|train/malignant/malignant (209)-rotated32-rotated32.png|train/malignant/malignant (209)-rotated32-sharpened.png|train/malignant/malignant (209)-rotated32.png|train/malignant/malignant (209)-sharpened-rotated1.png|train/malignant/malignant (209)-sharpened-rotated2.png|train/malignant/malignant (209)-sharpened-rotated32.png|train/malignant/malignant (209)-sharpened-sharpened.png|train/malignant/malignant (209)-sharpened.png|train/malignant/malignant (209).png,44c6e18e10ddf51a50bb5b2ee25d9832|7ec8cc7456c67e2c179d5e646d19f2db|3004231d42dce4a5d9ce44c03e3c5728|f675e9dc0f0605b20a0128510e18bf0f|a477b85010de526f5d8d1bd071230681|cb2039315d6e7288460526ddd626cf0c|f3e91bace501566d722134f3b7492846|5035ae19ef0f17b428e3a4993858b1d4|81490785c8ae7c8c689e1fbe07e148cd|9930fed4710591e49854772ecc9afeba|d453f45bb38c787a9d6047532fcbb992|f059270b429221611345a67e201c4b93|55d28081ef0628ecac1d838680fe383e|74f578322b6eb9f06097debdb93327ed|a97771d9740acb3aaf3793d48ec1ba0d|ff21588141a81cdaa7340acd4a7916ac|96dbacdcc7987079a785ffae2a817b08|218850f0e2512867011b18b126156b3a|2905660890f02bc7fb3157e9c155bd89|3c672d2842530cc2d03939793ff9a9f4|d72cce6b08022e7c3c33afdae35e976c,malignant (209),inferred_from_filename_not_verified_identifier,train,False,train/malignant/malignant (209).png
bag-f3f8466c4532,grp-f3f8466c4532,malignant,21,train/malignant/malignant (39)-rotated1-rotated1.png|train/malignant/malignant (39)-rotated1-rotated2.png|train/malignant/malignant (39)-rotated1-rotated32.png|train/malignant/malignant (39)-rotated1-sharpened.png|train/malignant/malignant (39)-rotated1.png|train/malignant/malignant (39)-rotated2-rotated1.png|train/malignant/malignant (39)-rotated2-rotated2.png|train/malignant/malignant (39)-rotated2-rotated32.png|train/malignant/malignant (39)-rotated2-sharpened.png|train/malignant/malignant (39)-rotated2.png|train/malignant/malignant (39)-rotated32-rotated1.png|train/malignant/malignant (39)-rotated32-rotated2.png|train/malignant/malignant (39)-rotated32-rotated32.png|train/malignant/malignant (39)-rotated32-sharpened.png|train/malignant/malignant (39)-rotated32.png|train/malignant/malignant (39)-sharpened-rotated1.png|train/malignant/malignant (39)-sharpened-rotated2.png|train/malignant/malignant (39)-sharpened-rotated32.png|train/malignant/malignant (39)-sharpened-sharpened.png|train/malignant/malignant (39)-sharpened.png|train/malignant/malignant (39).png,25032e3d8cfd4ab87ad93d8e70e683ea|4f8b765ea7a6c3f29bc68831aff4bf60|a5293f264cefa2dece972d4bef72cf2c|3ae9bd9e18c1068d1bb8159fa9e73067|7ef81e5d6740008c6d23c59a8c7ee286|e9ff08225adbe77f4712ca1e8a77c90d|8357e21d8dab424aef5001ee44296d4e|083dccfb16529125780e91914985f5a1|ec1f10869316ebf9602d654bb3324a06|2e649556eed7ed9eb44d2f128d27a024|06fe3406c6604814a3171f03cd4bd14c|ade10fb477baa25a283b8b3bf2307d84|ff994d14cc6fdc0462067db2c265c25d|579d15f1d890d2633ca491a26998f45e|9a0d507dd0562775263008d12720c86a|7b672cf4e72033420107a1324822c552|4c8afd9588a7be2770c850e15a221237|505623f339321478158e34680f60cea9|52432458713f6d401342a42a9b1b0427|3ae9bd9e18c1068d1bb8159fa9e73067|0d30f487b3fe72ae06e131b5381f367a,malignant (39),inferred_from_filename_not_verified_identifier,train,False,train/malignant/malignant (39).png
bag-f42fd7ca5740,grp-f42fd7ca5740,malignant,21,train/malignant/malignant (118)-rotated1-rotated1.png|train/malignant/malignant (118)-rotated1-rotated2.png|train/malignant/malignant (118)-rotated1-rotated32.png|train/malignant/malignant (118)-rotated1-sharpened.png|train/malignant/malignant (118)-rotated1.png|train/malignant/malignant (118)-rotated2-rotated1.png|train/malignant/malignant (118)-rotated2-rotated2.png|train/malignant/malignant (118)-rotated2-rotated32.png|train/malignant/malignant (118)-rotated2-sharpened.png|train/malignant/malignant (118)-rotated2.png|train/malignant/malignant (118)-rotated32-rotated1.png|train/malignant/malignant (118)-rotated32-rotated2.png|train/malignant/malignant (118)-rotated32-rotated32.png|train/malignant/malignant (118)-rotated32-sharpened.png|train/malignant/malignant (118)-rotated32.png|train/malignant/malignant (118)-sharpened-rotated1.png|train/malignant/malignant (118)-sharpened-rotated2.png|train/malignant/malignant (118)-sharpened-rotated32.png|train/malignant/malignant (118)-sharpened-sharpened.png|train/malignant/malignant (118)-sharpened.png|train/malignant/malignant (118).png,23b202ddb51a8dee4b9b020ae8d0a704|9faec7633e7a7de31999ccc921b57256|a2aa962395d67c67b537d5bddaca502e|4a1de93d82ca8296a437b84da00a1824|5d4babc069e31a2a3b95757fc4baa4b4|5f9ab9ec8267c2e3cceaced63c9d76fd|910e28910e51d0baa75032e712ede9ff|dccabca28b94aa51ca811221d36c74ac|b4da0bda71554145a6ebf23adc63f7fc|93ca25319b9c35f73d367d1ef20489ba|c38c29475c5cd6155cf0ec852f63649b|084576129c30694687f9bd453416afe8|1a4e48ee9fff19c82e616a7ae4dc920e|34e016756230db838fee7199493ce866|8fc9aff929165c8b9150c75d7f088c4c|44ce6c166c8dd0eaa7395583f32ed7d7|d9611df68083c644c3de212dbb15e050|88b29d29fa071c576221739a0d00c5ab|9e7fcec210389780c65232eaaf47316a|30f91becec0e7ce5698ac4c373ec0cea|759ec2308602b4f8d25090ad180435df,malignant (118),inferred_from_filename_not_verified_identifier,train,False,train/malignant/malignant (118).png
bag-f46a34ff9f3a,grp-f46a34ff9f3a,benign,16,val/benign/benign (12)-rotated1-rotated1.png|val/benign/benign (12)-rotated1-rotated2.png|val/benign/benign (12)-rotated1-sharpened.png|val/benign/benign (12)-rotated1.jpg|val/benign/benign (12)-rotated1.png|val/benign/benign (12)-rotated2-rotated1.png|val/benign/benign (12)-rotated2-rotated2.png|val/benign/benign (12)-rotated2-sharpened.png|val/benign/benign (12)-rotated2.jpg|val/benign/benign (12)-rotated2.png|val/benign/benign (12)-sharpened-rotated1.png|val/benign/benign (12)-sharpened-rotated2.png|val/benign/benign (12)-sharpened-sharpened.png|val/benign/benign (12)-sharpened.jpg|val/benign/benign (12)-sharpened.png|val/benign/benign (12).png,265c203f8fd560a3c4719a9ff3a3ff1d|57358b4e5ed3d54da5fb81d1f7737c70|d5dd5c348a2ea1def5d334d70da1c16b|1f4b8dcab2fd0e401640dd29f695d5e1|b76fa753d6f6dc16d7717427b32ecc34|98b2ed7df327e850b12f0a9428d06c62|f52bfee4e073c7a9adbfabcf2771298f|c0b0954870b1b98f1ae964b61cf44226|a9278dffd427d8b99db674c90ca2d9d0|eb5088df8989c923828f9f055e5eca0d|e8560d69f0df16f84a26a48d4c1d63c5|7e39e63f3a81ade64e3a1f7bfbb4c5ec|e848f32a05a06a728345a23afded9a5b|d8f7e3d42878dd44148b600996a7ccfb|fe9681024e90c0c54b71f5c9aad76f70|516c2d6710e74cfd3083ab640c7fc5c0,benign (12),inferred_from_filename_not_verified_identifier,val,False,val/benign/benign (12).png
bag-f5396225a3ce,grp-f5396225a3ce,benign,16,train/benign/benign (256)-rotated1-rotated1.png|train/benign/benign (256)-rotated1-rotated2.png|train/benign/benign (256)-rotated1-sharpened.png|train/benign/benign (256)-rotated1.jpg|train/benign/benign (256)-rotated1.png|train/benign/benign (256)-rotated2-rotated1.png|train/benign/benign (256)-rotated2-rotated2.png|train/benign/benign (256)-rotated2-sharpened.png|train/benign/benign (256)-rotated2.jpg|train/benign/benign (256)-rotated2.png|train/benign/benign (256)-sharpened-rotated1.png|train/benign/benign (256)-sharpened-rotated2.png|train/benign/benign (256)-sharpened-sharpened.png|train/benign/benign (256)-sharpened.jpg|train/benign/benign (256)-sharpened.png|train/benign/benign (256).png,59a0a2bc3da258b073fbee0d745e0d20|df69443659eedc55062f9a466e55e55c|65d16214098e07ba08247fdb46797dd1|e9098ba8be870804b342bcaa6e5d7717|8c05200e3d93cc9c5490dbb3da0f036e|a004a2b9bddae504811801c1c6b65618|13477297a314cfeee3ffc2067de71fe8|d8481cb31c541d07246f8371dbee7fd9|b4e4f80d14bc29b0c9ef750a0a5e6b3b|8cda7ba2c0349de4ded4bc3934d62cce|7fc9db9726de4d3c8fdf767f1f1c8275|6389695e8b9aba9aa3f719a3ce013f2f|91061bfb38ac4a25289ea623f6b416c8|acbf11636b2cecf8f75fc4b726dd30ff|73136d1aefe873ac10f4b74b349d32d9|d15795f6ef4b3e7d7a91470bb571f301,benign (256),inferred_from_filename_not_verified_identifier,train,False,train/benign/benign (256).png
bag-f5c678f57775,grp-f5c678f57775,benign,16,train/benign/benign (90)-rotated1-rotated1.png|train/benign/benign (90)-rotated1-rotated2.png|train/benign/benign (90)-rotated1-sharpened.png|train/benign/benign (90)-rotated1.jpg|train/benign/benign (90)-rotated1.png|train/benign/benign (90)-rotated2-rotated1.png|train/benign/benign (90)-rotated2-rotated2.png|train/benign/benign (90)-rotated2-sharpened.png|train/benign/benign (90)-rotated2.jpg|train/benign/benign (90)-rotated2.png|train/benign/benign (90)-sharpened-rotated1.png|train/benign/benign (90)-sharpened-rotated2.png|train/benign/benign (90)-sharpened-sharpened.png|train/benign/benign (90)-sharpened.jpg|train/benign/benign (90)-sharpened.png|train/benign/benign (90).png,14a03d42b3b3a45995b16f40a806b0e5|6a180b92b74ad3707c276651137c2fd8|8ba0884cc98bbda65e3b5dd9bdad546d|9bbf911842f07dd7587ee38e89217f15|9d355e190d786604fa0e377f3facc66d|90be9c9ff884d6656ad1002fdd09ef45|a765ecb182ec4a1798787954551258a6|555a1178451e938fc5486692cc1ae527|1456ed8c1bb90cb282c8d59bcb3ce7d1|7ff2c1691855efc8493ebe77d216a4a1|2fdd1083255c40611db7aba408fe6a90|3666fcc0a6faa357935f61cf2db37dbc|a8deb1887ed7e35bbb1b704fc0bfef2e|f8613b5fe910b9df19d7f03bc068528d|bf198514f71f14be1e0567587552bd95|f1af1e98ac504976f70b1ae004f348a3,benign (90),inferred_from_filename_not_verified_identifier,train,False,train/benign/benign (90).png
bag-f5e2b771265b,grp-f5e2b771265b,benign,16,train/benign/benign (134)-rotated1-rotated1.png|train/benign/benign (134)-rotated1-rotated2.png|train/benign/benign (134)-rotated1-sharpened.png|train/benign/benign (134)-rotated1.jpg|train/benign/benign (134)-rotated1.png|train/benign/benign (134)-rotated2-rotated1.png|train/benign/benign (134)-rotated2-rotated2.png|train/benign/benign (134)-rotated2-sharpened.png|train/benign/benign (134)-rotated2.jpg|train/benign/benign (134)-rotated2.png|train/benign/benign (134)-sharpened-rotated1.png|train/benign/benign (134)-sharpened-rotated2.png|train/benign/benign (134)-sharpened-sharpened.png|train/benign/benign (134)-sharpened.jpg|train/benign/benign (134)-sharpened.png|train/benign/benign (134).png,70d28521aeded2c5edf3e8ffccc1478c|4df5f4ab9a22a50c83e2a6aed1395339|cedd4df17c9be27eb41bd39d7c87db64|636a18f4193a31ebac46197c8e455faa|896d25e5376a8b7ce434413d6d615c08|10aef3e25e33f08c5106a58fc503bc7a|4ca1b1a2fcd8ff647db6b29b68e9fcf9|6a81191cc52dc1b86a174e856b8f4a7d|6bdbc8146529bd4070d3e07d34dd84f9|74194e006f61a0176fbf3e5659b97851|b70735a2b9f5b882a26d234ec960bd54|d5c9db5292221c7f4ce35f75ce38ce05|7a409f0b247609d7e92f424e45318bd2|e157be5348bee82e32955ea48cf34db8|e017f147b0eed195131459e257213130|dbe403d806437469531002e3183a05e1,benign (134),inferred_from_filename_not_verified_identifier,train,False,train/benign/benign (134).png
bag-f630c76db7cd,grp-f630c76db7cd,malignant,21,val/malignant/malignant (10)-rotated1-rotated1.png|val/malignant/malignant (10)-rotated1-rotated2.png|val/malignant/malignant (10)-rotated1-rotated32.png|val/malignant/malignant (10)-rotated1-sharpened.png|val/malignant/malignant (10)-rotated1.png|val/malignant/malignant (10)-rotated2-rotated1.png|val/malignant/malignant (10)-rotated2-rotated2.png|val/malignant/malignant (10)-rotated2-rotated32.png|val/malignant/malignant (10)-rotated2-sharpened.png|val/malignant/malignant (10)-rotated2.png|val/malignant/malignant (10)-rotated32-rotated1.png|val/malignant/malignant (10)-rotated32-rotated2.png|val/malignant/malignant (10)-rotated32-rotated32.png|val/malignant/malignant (10)-rotated32-sharpened.png|val/malignant/malignant (10)-rotated32.png|val/malignant/malignant (10)-sharpened-rotated1.png|val/malignant/malignant (10)-sharpened-rotated2.png|val/malignant/malignant (10)-sharpened-rotated32.png|val/malignant/malignant (10)-sharpened-sharpened.png|val/malignant/malignant (10)-sharpened.png|val/malignant/malignant (10).png,fae82479ffcc52048db80ef7787d6d59|eb8a57970a8b614cd1cbadb7e81d5a8b|c70503c9708b2743084b196b622d7e00|b7734dedcaee44ec7c64fe520619ef11|2229a671935d97fbc8f90a2d49f765c9|6086669cda83c39f2a1c73563c46a56f|0b45eb9e77ab2593f080d10ffdb5a929|83c9ecf672d0a2ccd62f1c3e2684bdcd|cd57df566fd5f6a2f9e190ad500f4c24|174a1651edeb6947e3795c402971bbc7|cc161c56c3d2bfbd38ff3c739d1ed31a|58f1bcc88c15bfe06f330f4367bffee8|8819d4f769ca8656a08f28cac89bff8d|873d68c98ab63a1daf683a6de23b68e4|6b40619a309caa31f0c38d9349d9b1cd|d79d1c04575c518e3849932a5956f105|ae5e0ef254244608487fc9ba606f20b1|ce1bb40b2a5fd19a5d74812c0f3ad0bd|9b74f1c9036b91840b7a3b41209140f9|ae5e0ef254244608487fc9ba606f20b1|309355e7dd37df8cfb6e8f9dfbeaaafc,malignant (10),inferred_from_filename_not_verified_identifier,val,False,val/malignant/malignant (10).png
bag-f6342b9209af,grp-f6342b9209af,malignant,21,train/malignant/malignant (49)-rotated1-rotated1.png|train/malignant/malignant (49)-rotated1-rotated2.png|train/malignant/malignant (49)-rotated1-rotated32.png|train/malignant/malignant (49)-rotated1-sharpened.png|train/malignant/malignant (49)-rotated1.png|train/malignant/malignant (49)-rotated2-rotated1.png|train/malignant/malignant (49)-rotated2-rotated2.png|train/malignant/malignant (49)-rotated2-rotated32.png|train/malignant/malignant (49)-rotated2-sharpened.png|train/malignant/malignant (49)-rotated2.png|train/malignant/malignant (49)-rotated32-rotated1.png|train/malignant/malignant (49)-rotated32-rotated2.png|train/malignant/malignant (49)-rotated32-rotated32.png|train/malignant/malignant (49)-rotated32-sharpened.png|train/malignant/malignant (49)-rotated32.png|train/malignant/malignant (49)-sharpened-rotated1.png|train/malignant/malignant (49)-sharpened-rotated2.png|train/malignant/malignant (49)-sharpened-rotated32.png|train/malignant/malignant (49)-sharpened-sharpened.png|train/malignant/malignant (49)-sharpened.png|train/malignant/malignant (49).png,0a7c55351d13ac7c1b3d0382d897f6e5|9f1ee34b331ff377057ca754c761cd45|bd87606c831bdc09367d93b5abdc3505|137c4add81984edba371a90b0b14e68c|855ff48f19f3f2100be11781054cac15|a21fec240bca78b799f365b4dfbecc03|f80073f14d60b411429a81b44fa70f51|e2acb7b7af09b242ae2b7eebb3dbdaab|98d2dd3845dc8e6baeccc42fa43b08db|296a2179a6cb175cb792bc7363b109e6|0e08b7e9b84e3af7fc572914afb61264|0e08b7e9b84e3af7fc572914afb61264|34c447f7cd0870a5b4e421c0f9232fbe|35f989f3fbfc4988a6ab5b2a43e304bb|296a2179a6cb175cb792bc7363b109e6|ec6c2245d193ec655d65e4aacf694824|6e5663ac5dd523dedbfb4749292bc1f0|a3733c62f5864fe7478db6fbf5913f7c|8fa20886fa16d3e7255ec42c99125641|e7ed3821ae809b8a458b80c79a964f24|64ab75ec975a30915f343459e1b1c1d4,malignant (49),inferred_from_filename_not_verified_identifier,train,False,train/malignant/malignant (49).png
bag-f6a1d4e26947,grp-f6a1d4e26947,malignant,21,train/malignant/malignant (59)-rotated1-rotated1.png|train/malignant/malignant (59)-rotated1-rotated2.png|train/malignant/malignant (59)-rotated1-rotated32.png|train/malignant/malignant (59)-rotated1-sharpened.png|train/malignant/malignant (59)-rotated1.png|train/malignant/malignant (59)-rotated2-rotated1.png|train/malignant/malignant (59)-rotated2-rotated2.png|train/malignant/malignant (59)-rotated2-rotated32.png|train/malignant/malignant (59)-rotated2-sharpened.png|train/malignant/malignant (59)-rotated2.png|train/malignant/malignant (59)-rotated32-rotated1.png|train/malignant/malignant (59)-rotated32-rotated2.png|train/malignant/malignant (59)-rotated32-rotated32.png|train/malignant/malignant (59)-rotated32-sharpened.png|train/malignant/malignant (59)-rotated32.png|train/malignant/malignant (59)-sharpened-rotated1.png|train/malignant/malignant (59)-sharpened-rotated2.png|train/malignant/malignant (59)-sharpened-rotated32.png|train/malignant/malignant (59)-sharpened-sharpened.png|train/malignant/malignant (59)-sharpened.png|train/malignant/malignant (59).png,3b07273058231f0db11084bbba481a96|10e56415dec24ca84a5d3fa69a30c2b1|22612fa37b52b93555d34bc296d89f90|173e2cdce5798ee981a56c6c6e2dcc7d|260a7ebd89b3d0a9591c6b26799f57db|5be435d13486ff4cb0b55869e2abb18f|4bce0447b39bbbc748697cb0814629fd|56816f811c4f0e61a8a1df277829c9ee|6e13f62ba389f9779cfffb06fa844cec|c39aa6f59affe9d14c307650270a22b0|551415f830b5fee6d39e639d68c14976|5c17f3c040e6e5cdc70543f58c267891|ee295b75ae67e89d087b79da826d6af8|5e9bc9ecb1c29c09dcaebccc322b7566|0b634285cf9223442fa420f13bb94afb|c97d8b24cfb23db13995db26c9a62799|5d63eb4b2494627bc58801ef3eae327b|110ad9a8756649ef33a29cf75b61fea0|f7350072a9ab9bcb43fb615b48a8c677|173e2cdce5798ee981a56c6c6e2dcc7d|b8d34fb4204402d11d6e3389ab03a649,malignant (59),inferred_from_filename_not_verified_identifier,train,False,train/malignant/malignant (59).png
bag-f6e0f5958dd7,grp-f6e0f5958dd7,benign,16,train/benign/benign (73)-rotated1-rotated1.png|train/benign/benign (73)-rotated1-rotated2.png|train/benign/benign (73)-rotated1-sharpened.png|train/benign/benign (73)-rotated1.jpg|train/benign/benign (73)-rotated1.png|train/benign/benign (73)-rotated2-rotated1.png|train/benign/benign (73)-rotated2-rotated2.png|train/benign/benign (73)-rotated2-sharpened.png|train/benign/benign (73)-rotated2.jpg|train/benign/benign (73)-rotated2.png|train/benign/benign (73)-sharpened-rotated1.png|train/benign/benign (73)-sharpened-rotated2.png|train/benign/benign (73)-sharpened-sharpened.png|train/benign/benign (73)-sharpened.jpg|train/benign/benign (73)-sharpened.png|train/benign/benign (73).png,1c17cd0101394ad7c7c33d96c75d9fed|c81f8e098a3a29dd9d8be5d155fee6ba|672f1fffa253d802c25902e6e3b14483|df72164d4ab1ba4ba8f795947778bdc6|d942171afb38dc72feed951efd098109|8610269adf234e5eb47bae390c232c69|c06f0ae83e21948914a1dec7ba7cc1f8|663a543836e0887253b62032f22ba261|6a7b684d5f175f3f919006bf8c9f6d0f|8873502ecd3e6c529db6086dd479088c|89fae1e281cbc8b1a9cbf2c072ac6dca|53089706e687f3b6f7d3a516187448fe|1c3f7790cedefdea29c66cc67bfc2667|d411045c1232884ad7a71ce4a9746dab|7c48707e54ecd217506470f1cea38cd8|3ac8bd8b98d48aeb5ff211eca7bdc39a,benign (73),inferred_from_filename_not_verified_identifier,train,False,train/benign/benign (73).png
bag-f766ec6aaf60,grp-f766ec6aaf60,benign,16,train/benign/benign (260)-rotated1-rotated1.png|train/benign/benign (260)-rotated1-rotated2.png|train/benign/benign (260)-rotated1-sharpened.png|train/benign/benign (260)-rotated1.jpg|train/benign/benign (260)-rotated1.png|train/benign/benign (260)-rotated2-rotated1.png|train/benign/benign (260)-rotated2-rotated2.png|train/benign/benign (260)-rotated2-sharpened.png|train/benign/benign (260)-rotated2.jpg|train/benign/benign (260)-rotated2.png|train/benign/benign (260)-sharpened-rotated1.png|train/benign/benign (260)-sharpened-rotated2.png|train/benign/benign (260)-sharpened-sharpened.png|train/benign/benign (260)-sharpened.jpg|train/benign/benign (260)-sharpened.png|train/benign/benign (260).png,55430f1d896404290f7cc7412788dc62|c5312c6f47f2ac34b354e291c786378c|476ec9295465d8fad1d0c60bf96bcbef|88f256f0d324a86d3e3fd11c976ef722|00b2a5f188b55ca5c12cfc228a3f6277|ddf238077ea87309cd23ee74821e2a31|2dfc3e18e4775073e8b2da1e68505a8f|3b72e05bf73964daf92970bb20b68496|6fdc1de927bcd4f039e13de2495a1257|a7e113fc71653d329de45dbb347feade|5dc9fee546c32fbfe46a62b0c98ab1c5|c071f8c84b3a27f5034f661ea317dabf|7867e5c0e1febadbe09bd69f17a48383|e753b74e54376d6f735c4d5b62513592|2cb67478b8a89045b0e6b1f2144b293f|6fafd7daadb5a40f90887296976583af,benign (260),inferred_from_filename_not_verified_identifier,train,False,train/benign/benign (260).png
bag-f8e866cd2cbd,grp-f8e866cd2cbd,malignant,21,val/malignant/malignant (17)-rotated1-rotated1.png|val/malignant/malignant (17)-rotated1-rotated2.png|val/malignant/malignant (17)-rotated1-rotated32.png|val/malignant/malignant (17)-rotated1-sharpened.png|val/malignant/malignant (17)-rotated1.png|val/malignant/malignant (17)-rotated2-rotated1.png|val/malignant/malignant (17)-rotated2-rotated2.png|val/malignant/malignant (17)-rotated2-rotated32.png|val/malignant/malignant (17)-rotated2-sharpened.png|val/malignant/malignant (17)-rotated2.png|val/malignant/malignant (17)-rotated32-rotated1.png|val/malignant/malignant (17)-rotated32-rotated2.png|val/malignant/malignant (17)-rotated32-rotated32.png|val/malignant/malignant (17)-rotated32-sharpened.png|val/malignant/malignant (17)-rotated32.png|val/malignant/malignant (17)-sharpened-rotated1.png|val/malignant/malignant (17)-sharpened-rotated2.png|val/malignant/malignant (17)-sharpened-rotated32.png|val/malignant/malignant (17)-sharpened-sharpened.png|val/malignant/malignant (17)-sharpened.png|val/malignant/malignant (17).png,7a70ffdfecb7605357b9ff6e83f1e96a|6e527d9419aca2cc85395bff47be509e|ef0ec9644bde4ec29c2dd061af63d4f8|efbac536374ac8854b0935e76b89a045|9e578382313462ba44d8fd7bb45690a0|80038f7db1df69c117f31dcef33a2c75|81824ceb81907f51de404df3e0febafc|8f2c9b4392af1b4f269b96227efdf678|1b50cf0d731d3941b8761e144ed85430|54c633069f5ab4e96ac794148000c20e|ee0aadd882cb41e4f275bba1ca6c2e88|4740898c790ec1ecb9bf4ea7f4519c79|25c063b167dd5ad991bf06a630444271|1ee8e0bea1774396fab439610bee7c7c|9207a38ee25e6eb7f0d209eb6abfa677|5439e31afb0453b2dfb7fb7ae4e1bbdc|d839efb5ce627fff4382369b6c99a784|5e599b684a86cbb7019010ff41e2f837|1da43fa1d8bccd1120f3b36fe86a6bb9|1b50cf0d731d3941b8761e144ed85430|89ebf0af15c3b4c3d9e39a48e84515fd,malignant (17),inferred_from_filename_not_verified_identifier,val,False,val/malignant/malignant (17).png
bag-f92a39901b25,grp-f92a39901b25,benign,16,train/benign/benign (71)-rotated1-rotated1.png|train/benign/benign (71)-rotated1-rotated2.png|train/benign/benign (71)-rotated1-sharpened.png|train/benign/benign (71)-rotated1.jpg|train/benign/benign (71)-rotated1.png|train/benign/benign (71)-rotated2-rotated1.png|train/benign/benign (71)-rotated2-rotated2.png|train/benign/benign (71)-rotated2-sharpened.png|train/benign/benign (71)-rotated2.jpg|train/benign/benign (71)-rotated2.png|train/benign/benign (71)-sharpened-rotated1.png|train/benign/benign (71)-sharpened-rotated2.png|train/benign/benign (71)-sharpened-sharpened.png|train/benign/benign (71)-sharpened.jpg|train/benign/benign (71)-sharpened.png|train/benign/benign (71).png,817c3e684c63f5b5bf593b669ee9cb02|619758a4cc4fdccd76221d462244509b|47c753303e3a61d31af42861d33aae1a|e35656945dcca1172a5b49cd89694ec3|a72b2e7cbd8a648272e7fe7469282a7d|bc86ee5e502efe330ac227bc6e2481a3|4f4a208c2baf76d40e7b852a984c7407|f2154d32888070943a40c441b9eece2e|f32dff90b26da061b703a59f4906575d|0544a2c04577f32b7110ec2f8140d16e|ea1ab9fc6673710d33ffb5399a78adeb|f051971ecf3375e18bf859b28f5a4ef3|10f8e824e2efe5c199fa0cca8c922e85|2b4ad8aa31816ee97a6aa82591b61840|cb03d900cd0d2bbe412509085e2a43a5|900263569ba52f85d3fca833c3296928,benign (71),inferred_from_filename_not_verified_identifier,train,False,train/benign/benign (71).png
bag-fa7bb1526493,grp-fa7bb1526493,malignant,21,train/malignant/malignant (144)-rotated1-rotated1.png|train/malignant/malignant (144)-rotated1-rotated2.png|train/malignant/malignant (144)-rotated1-rotated32.png|train/malignant/malignant (144)-rotated1-sharpened.png|train/malignant/malignant (144)-rotated1.png|train/malignant/malignant (144)-rotated2-rotated1.png|train/malignant/malignant (144)-rotated2-rotated2.png|train/malignant/malignant (144)-rotated2-rotated32.png|train/malignant/malignant (144)-rotated2-sharpened.png|train/malignant/malignant (144)-rotated2.png|train/malignant/malignant (144)-rotated32-rotated1.png|train/malignant/malignant (144)-rotated32-rotated2.png|train/malignant/malignant (144)-rotated32-rotated32.png|train/malignant/malignant (144)-rotated32-sharpened.png|train/malignant/malignant (144)-rotated32.png|train/malignant/malignant (144)-sharpened-rotated1.png|train/malignant/malignant (144)-sharpened-rotated2.png|train/malignant/malignant (144)-sharpened-rotated32.png|train/malignant/malignant (144)-sharpened-sharpened.png|train/malignant/malignant (144)-sharpened.png|train/malignant/malignant (144).png,8656334c1542df2a2039fdc18a1cf8e2|d54b37a8a2db6ac3f3fc2d397d7f4a33|069858208fd5a31591c9df6f96635c93|f7ac1736b87dc9c4b12df800462ec539|f391ecd6f97332b636db86ff8c250180|b3281811f94c271409f08f5c1923cb58|e6efcce0f737f760ac3a4e21c44c4f2a|864f59f29e23da91b0ea15c681e528be|47f5fb944865419f6e8d64fc8148b2e4|693bc4278636a3504b00172bb76928b7|324522a80f8aff2ddbfa4a787de3e2b4|4b614578bbf9c4a7780fd7da451ebb64|1b5b8a43d755d01ece2632cdafa536b1|82dfcff0c020da22db88cf0d0480f862|424e33a6e76a46861fa01b727e52a4ed|c7a011100dceb6e978816a5527f64d86|8620ad43fd05a5a35bd5e2c9a4faa4fb|0e04b130748a76122a260cdd40a66d39|c336cca48923890666b94f6ac077dae4|f7ac1736b87dc9c4b12df800462ec539|f634a9bc7c34eeb41fb74b4820cebd29,malignant (144),inferred_from_filename_not_verified_identifier,train,False,train/malignant/malignant (144).png
bag-fb20e12a04f9,grp-fb20e12a04f9,benign,16,train/benign/benign (265)-rotated1-rotated1.png|train/benign/benign (265)-rotated1-rotated2.png|train/benign/benign (265)-rotated1-sharpened.png|train/benign/benign (265)-rotated1.jpg|train/benign/benign (265)-rotated1.png|train/benign/benign (265)-rotated2-rotated1.png|train/benign/benign (265)-rotated2-rotated2.png|train/benign/benign (265)-rotated2-sharpened.png|train/benign/benign (265)-rotated2.jpg|train/benign/benign (265)-rotated2.png|train/benign/benign (265)-sharpened-rotated1.png|train/benign/benign (265)-sharpened-rotated2.png|train/benign/benign (265)-sharpened-sharpened.png|train/benign/benign (265)-sharpened.jpg|train/benign/benign (265)-sharpened.png|train/benign/benign (265).png,8c17bcb3e25d115bf400b4b2a419dd41|daadd5a2a0126a1a30b7e3a061e44a56|8c6d376c62615d76cfad4a18f9553823|00a3c038a5ed4ec564651257815c4e93|f3abccd8db38df9ac4bed0ee02d8ab59|0a5dbaf3816f7863fefb42f28733a405|e85b01c6b07bc5cdd3061df2f49509d5|d539248d5855ee500966040d05c2ad2f|e68bf32b0de22b1bc93a31abc8acb0b5|2aab5b57caae41018f6f63c7dbd5c93d|00dbbc045e29333c9909d73f445c0b76|a7c34eb90f28a0a3752dfad7ec4dfdd6|24a2b0debb9d05071ade385656b55da7|d2288a2324a548e9242ca26847b8d8ea|801587bad6d6f57a59e6cc10a5814768|83527f93ac6ca7706fa077e349c9b53d,benign (265),inferred_from_filename_not_verified_identifier,train,False,train/benign/benign (265).png
bag-fc5b4079f563,grp-fc5b4079f563,malignant,21,train/malignant/malignant (75)-rotated1-rotated1.png|train/malignant/malignant (75)-rotated1-rotated2.png|train/malignant/malignant (75)-rotated1-rotated32.png|train/malignant/malignant (75)-rotated1-sharpened.png|train/malignant/malignant (75)-rotated1.png|train/malignant/malignant (75)-rotated2-rotated1.png|train/malignant/malignant (75)-rotated2-rotated2.png|train/malignant/malignant (75)-rotated2-rotated32.png|train/malignant/malignant (75)-rotated2-sharpened.png|train/malignant/malignant (75)-rotated2.png|train/malignant/malignant (75)-rotated32-rotated1.png|train/malignant/malignant (75)-rotated32-rotated2.png|train/malignant/malignant (75)-rotated32-rotated32.png|train/malignant/malignant (75)-rotated32-sharpened.png|train/malignant/malignant (75)-rotated32.png|train/malignant/malignant (75)-sharpened-rotated1.png|train/malignant/malignant (75)-sharpened-rotated2.png|train/malignant/malignant (75)-sharpened-rotated32.png|train/malignant/malignant (75)-sharpened-sharpened.png|train/malignant/malignant (75)-sharpened.png|train/malignant/malignant (75).png,faac52c3daeef56673aa0e3612e195c2|67b51a515cba64ea3475fbfed128df69|a3fce44c2b7e4c6835d69cd36fa23cd6|d2c2d493863e56693ecd32f8782073bb|79fa81abc64f51b86df9d6b6ec50c03a|95ac24c1554fb2f7e49a473cd4d7c863|91d64e7ecec906de108ac2897db7c1db|cb139a54b44576bd4da5b46e2733bf5c|d2a5017ff41c2c8ad7f1255495482e13|f996ecbe075dbd68fdef3eab06ee1946|a5650500983706f4a2eaf8076015dbf1|c1c63f7309bf87927956c62ec6c79457|a5650500983706f4a2eaf8076015dbf1|115283debd8de7bb77c1271e083121f5|68b584932c311c3b0582e55c7366c816|3ebb50714a93d6ad43d529b8c0cef84e|aded7f8ee012cd87e8792e9f49db8ff4|13a6b36466391f494fc6a4638ca0495d|a9a87a787c24277ada603bb73e0ffd16|b9766a5dd56fd1cb1b934d2067f4cfa8|54aef967794bcb4a0c849e4246bf223e,malignant (75),inferred_from_filename_not_verified_identifier,train,False,train/malignant/malignant (75).png
bag-fd232deae196,grp-fd232deae196,benign,16,train/benign/benign (286)-rotated1-rotated1.png|train/benign/benign (286)-rotated1-rotated2.png|train/benign/benign (286)-rotated1-sharpened.png|train/benign/benign (286)-rotated1.jpg|train/benign/benign (286)-rotated1.png|train/benign/benign (286)-rotated2-rotated1.png|train/benign/benign (286)-rotated2-rotated2.png|train/benign/benign (286)-rotated2-sharpened.png|train/benign/benign (286)-rotated2.jpg|train/benign/benign (286)-rotated2.png|train/benign/benign (286)-sharpened-rotated1.png|train/benign/benign (286)-sharpened-rotated2.png|train/benign/benign (286)-sharpened-sharpened.png|train/benign/benign (286)-sharpened.jpg|train/benign/benign (286)-sharpened.png|train/benign/benign (286).png,3a0300b0e1c93096e5d6a9f6ac6e6702|1c782fd37780f5e97702da3affaff13b|0f48ee56ea084166e1246b6488f1164a|9bc60c0538125d17c91b6a3c9500a76e|02663ad06bc9b7ad8255e4765d684bf9|05216c50d6a3328bec6cd1bac7e950dd|fc6e57b9254359cea15d9e7628de75d1|45a4805e566402df096de823de2684e1|d9a5d5299ae3fb75d211ac801ea86c15|d9259896cdf4a843fa09344dda06eb64|c8aff2fb4cd7eb1fe5b3accec44e7f1e|d67c20ee68188fb3dab2c1033c09964b|a3f35bac63ea59d6426d3a0d58052042|0c667415feebd9a630245f2599439526|1a52ad63223003c9a1939286d579e938|fda31b91f01dcfd65b4df65e32317bb0,benign (286),inferred_from_filename_not_verified_identifier,train,False,train/benign/benign (286).png
bag-fd406b74e51a,grp-fd406b74e51a,malignant,21,train/malignant/malignant (116)-rotated1-rotated1.png|train/malignant/malignant (116)-rotated1-rotated2.png|train/malignant/malignant (116)-rotated1-rotated32.png|train/malignant/malignant (116)-rotated1-sharpened.png|train/malignant/malignant (116)-rotated1.png|train/malignant/malignant (116)-rotated2-rotated1.png|train/malignant/malignant (116)-rotated2-rotated2.png|train/malignant/malignant (116)-rotated2-rotated32.png|train/malignant/malignant (116)-rotated2-sharpened.png|train/malignant/malignant (116)-rotated2.png|train/malignant/malignant (116)-rotated32-rotated1.png|train/malignant/malignant (116)-rotated32-rotated2.png|train/malignant/malignant (116)-rotated32-rotated32.png|train/malignant/malignant (116)-rotated32-sharpened.png|train/malignant/malignant (116)-rotated32.png|train/malignant/malignant (116)-sharpened-rotated1.png|train/malignant/malignant (116)-sharpened-rotated2.png|train/malignant/malignant (116)-sharpened-rotated32.png|train/malignant/malignant (116)-sharpened-sharpened.png|train/malignant/malignant (116)-sharpened.png|train/malignant/malignant (116).png,1177756680a9b937c48515515f8be0fb|4790a07753b3d1f9e477f75a8b380e3a|7e7ec9247ea55101fa222cd65c078531|5310501417d28d0aafd18e2ab96036cd|ada29c994b3359b89cdef0aa6b6d83bb|0cecc58080fa8996ba4cb3601ad42b48|3320253b979e15d6abd5c28913864403|f413cba800d4f07f98822881c33b2832|457d43a510ed7954d5feb3dc73f6f56e|61623c3227721a472bd0d507ceed2aba|c09391f62bccbc094c92416b2bcaa96c|2b662bb362e9f8a03b45d3e653b07b0c|fee324f4dc953ac0cf0aa771c049e47b|53d2774f1a91b67d614e991936f0d22c|748e1a854360bc9b8c49049e5214c970|97b82e389b16ad9ccbae56b0761f77a8|2d671c6bcc9d0a76b28719b7f7c31f49|875b2a0f7f9371dead195215ae36ccc8|126aba39d34902cf78f23e3e6979d316|4ecaf95b7fb285c6d100814e68551ef7|9160fe1602f36047eaab9a3fa8ab1685,malignant (116),inferred_from_filename_not_verified_identifier,train,False,train/malignant/malignant (116).png
bag-fe2d46784975,grp-fe2d46784975,benign,16,train/benign/benign (93)-rotated1-rotated1.png|train/benign/benign (93)-rotated1-rotated2.png|train/benign/benign (93)-rotated1-sharpened.png|train/benign/benign (93)-rotated1.jpg|train/benign/benign (93)-rotated1.png|train/benign/benign (93)-rotated2-rotated1.png|train/benign/benign (93)-rotated2-rotated2.png|train/benign/benign (93)-rotated2-sharpened.png|train/benign/benign (93)-rotated2.jpg|train/benign/benign (93)-rotated2.png|train/benign/benign (93)-sharpened-rotated1.png|train/benign/benign (93)-sharpened-rotated2.png|train/benign/benign (93)-sharpened-sharpened.png|train/benign/benign (93)-sharpened.jpg|train/benign/benign (93)-sharpened.png|train/benign/benign (93).png,f7f533cc6e51dce69f107dade1d8b260|7732029ed93f5bcc5d0a2ada90e9eedc|71719c359c3baa7537f4264a9356fc5b|8dc2c460bf33e35e8dd4bbbc1122f5a8|bf322611c9d1e3fbf66ddc4478cba99c|45208e2b6fa70d9308b1b387d73b5869|71eb545f4a7056b2c37cd021ced28946|cdd64bdebea9d630397ae3a347a9eafa|4f8edcfe33518bb8d2f7d06e483b770d|99b2c192e17d155912194ddc13227d8b|692f69856eb02089483aa87993db8c4f|bb34f44398030a2bb77df48d33e98842|28e0806ad383a8704777f9c1e72ae2ad|5b2c43b312ecc68d3329822e85e578ba|a1aa5085e80038bca27d7372214bdee2|47e42293fe6ba2252b379003f92657e5,benign (93),inferred_from_filename_not_verified_identifier,train,False,train/benign/benign (93).png
bag-fe7451dcbb7e,grp-fe7451dcbb7e,benign,16,train/benign/benign (141)-rotated1-rotated1.png|train/benign/benign (141)-rotated1-rotated2.png|train/benign/benign (141)-rotated1-sharpened.png|train/benign/benign (141)-rotated1.jpg|train/benign/benign (141)-rotated1.png|train/benign/benign (141)-rotated2-rotated1.png|train/benign/benign (141)-rotated2-rotated2.png|train/benign/benign (141)-rotated2-sharpened.png|train/benign/benign (141)-rotated2.jpg|train/benign/benign (141)-rotated2.png|train/benign/benign (141)-sharpened-rotated1.png|train/benign/benign (141)-sharpened-rotated2.png|train/benign/benign (141)-sharpened-sharpened.png|train/benign/benign (141)-sharpened.jpg|train/benign/benign (141)-sharpened.png|train/benign/benign (141).png,122b81550b078618dd23716e6aec4a9e|ae43c48f3321f82e8e022d9721a889f1|822faf2bb305189ba24afa15269d36a3|020aca3b2f33a5f923ce5fabab8ba28a|b179d84565abb79b95a5502f627c4d42|85b7d4cfcc2d98d0e35cf7c716740345|6af0794b7cdd213e25d0b960094344d3|d1b6f8dd5b370a56f5663018320015d3|e460bb38a8341502eacec7f9d52523ff|9fcd912e79c2b1c1536aa2a170ba6e51|2bc8a610d06a7e95918c548ecb992e95|eb5b3930cd37ef8fc71de49572558742|c0fc6bf27e1bcba5d990dbadf63f567d|12474d88a2377bb26e7c151858a4bfc4|822faf2bb305189ba24afa15269d36a3|091df06880fee1f89446e7062459cbe0,benign (141),inferred_from_filename_not_verified_identifier,train,False,train/benign/benign (141).png
bag-fea54e25ac87,grp-fea54e25ac87,benign,16,train/benign/benign (212)-rotated1-rotated1.png|train/benign/benign (212)-rotated1-rotated2.png|train/benign/benign (212)-rotated1-sharpened.png|train/benign/benign (212)-rotated1.jpg|train/benign/benign (212)-rotated1.png|train/benign/benign (212)-rotated2-rotated1.png|train/benign/benign (212)-rotated2-rotated2.png|train/benign/benign (212)-rotated2-sharpened.png|train/benign/benign (212)-rotated2.jpg|train/benign/benign (212)-rotated2.png|train/benign/benign (212)-sharpened-rotated1.png|train/benign/benign (212)-sharpened-rotated2.png|train/benign/benign (212)-sharpened-sharpened.png|train/benign/benign (212)-sharpened.jpg|train/benign/benign (212)-sharpened.png|train/benign/benign (212).png,3f2a0db85ab7936fff8606262c041c9c|d770ce5d0f42ef0dc1b182468963a48a|4377132aaab2874373446c028a9bc2fe|c6957e76a377da0ef7e8c96957fb826e|7e64a2262b05797eb1e3247b5caeb111|eee383ee816b33cc2b83ccf042298136|3d5a48e6f51391a8f7148e05b695305c|8a4135170391d81a9df6c57c11928ab3|2e934b4109534c31c4ae22ec8220fed9|30d195cce080bdca138f60523bf74376|4e2e2567de9a8467b1533f82fa5c4267|5898a6be16667bdf78e489cf9aa0b7fd|18e98b9a557fec48874f694a28d809cd|92adff1866a7b1508a7a0960dfa37ac6|150e181b66968957d14ad1bf82163b90|6dda0b7a352144c3d12712816854e12c,benign (212),inferred_from_filename_not_verified_identifier,train,False,train/benign/benign (212).png
bag-fef825bd7a25,grp-fef825bd7a25,malignant,21,train/malignant/malignant (91)-rotated1-rotated1.png|train/malignant/malignant (91)-rotated1-rotated2.png|train/malignant/malignant (91)-rotated1-rotated32.png|train/malignant/malignant (91)-rotated1-sharpened.png|train/malignant/malignant (91)-rotated1.png|train/malignant/malignant (91)-rotated2-rotated1.png|train/malignant/malignant (91)-rotated2-rotated2.png|train/malignant/malignant (91)-rotated2-rotated32.png|train/malignant/malignant (91)-rotated2-sharpened.png|train/malignant/malignant (91)-rotated2.png|train/malignant/malignant (91)-rotated32-rotated1.png|train/malignant/malignant (91)-rotated32-rotated2.png|train/malignant/malignant (91)-rotated32-rotated32.png|train/malignant/malignant (91)-rotated32-sharpened.png|train/malignant/malignant (91)-rotated32.png|train/malignant/malignant (91)-sharpened-rotated1.png|train/malignant/malignant (91)-sharpened-rotated2.png|train/malignant/malignant (91)-sharpened-rotated32.png|train/malignant/malignant (91)-sharpened-sharpened.png|train/malignant/malignant (91)-sharpened.png|train/malignant/malignant (91).png,5040794733b556e3ffbf0118592405ec|35e8424d11e63fe6ec1e16ca929cc497|961eaa83505732cc0943e906159ea647|0b071fff2c7cf7ce293ef4725a67e35d|0f95e6f06b38dbda37cdc9a77b535176|9f27af98c63fd92bb745811a6e16c867|e122dea1bdcc63f760b7bb3929abca65|a3d5ee204524f1617751ff5f05b7f702|a04dc5c79b058aa4a9ac83ff09c38fbc|cff4dac693bd7dc79dedbcfcba3e8d5d|4653528509ec2ad7cb498154fd42b0d4|705f80c4ef45aade9804f3f72a62c3c0|3e5ef3fd196541038837bf328e73291a|68ff31b0ba41ecb7dbdcf1209ac7d692|877b846a431d7086c08207fd0ec5c318|ef14102fe74250395e7b3f0a03d74f5d|c965c58d7ec3da0949161734e1d45d0f|ef14102fe74250395e7b3f0a03d74f5d|edca5fc166b472cc1a7616e6cae9ecba|8e10257541bf7b50f04ca06f3d000733|cc1ffdd668a6f7dd7c711bda8301f8bb,malignant (91),inferred_from_filename_not_verified_identifier,train,False,train/malignant/malignant (91).png
bag-ff1b8c6285e8,grp-ff1b8c6285e8,benign,16,train/benign/benign (74)-rotated1-rotated1.png|train/benign/benign (74)-rotated1-rotated2.png|train/benign/benign (74)-rotated1-sharpened.png|train/benign/benign (74)-rotated1.jpg|train/benign/benign (74)-rotated1.png|train/benign/benign (74)-rotated2-rotated1.png|train/benign/benign (74)-rotated2-rotated2.png|train/benign/benign (74)-rotated2-sharpened.png|train/benign/benign (74)-rotated2.jpg|train/benign/benign (74)-rotated2.png|train/benign/benign (74)-sharpened-rotated1.png|train/benign/benign (74)-sharpened-rotated2.png|train/benign/benign (74)-sharpened-sharpened.png|train/benign/benign (74)-sharpened.jpg|train/benign/benign (74)-sharpened.png|train/benign/benign (74).png,53876f3a8721e6c37b4cdef5e7d36507|de6ef0364c69e80d58750fe11ddcde99|a0cba9d254e791698e182be6d5e5f798|632a26c8ec64012982b9a20f468bb924|750117db361c97cb62dbb93f436ac0b5|030e24572ed4375b2445c6d42804a0d2|66f59b48f753b7d096d37a489aa9c12b|296d5cef5a5b7fde10f1f3fc70cfb370|69ba622a234d103af81ee63b6e3b9487|ebbb631964452301da2f5fb7efc5c94e|43599fd1caca4089f55b199f7d33c548|64738d9df6088c58ef503e4ae3227f81|606c486ba8d042469046a0b2f4217e8b|04cbac54494eb06747310d6aa7810a14|227b55f2cdda29c995c36e1572ed1d4c|599ba4c4a2ad7cf27e9b8c4c98d83d64,benign (74),inferred_from_filename_not_verified_identifier,train,False,train/benign/benign (74).png
bag-ff1bc7c8b40b,grp-ff1bc7c8b40b,benign,16,train/benign/benign (276)-rotated1-rotated1.png|train/benign/benign (276)-rotated1-rotated2.png|train/benign/benign (276)-rotated1-sharpened.png|train/benign/benign (276)-rotated1.jpg|train/benign/benign (276)-rotated1.png|train/benign/benign (276)-rotated2-rotated1.png|train/benign/benign (276)-rotated2-rotated2.png|train/benign/benign (276)-rotated2-sharpened.png|train/benign/benign (276)-rotated2.jpg|train/benign/benign (276)-rotated2.png|train/benign/benign (276)-sharpened-rotated1.png|train/benign/benign (276)-sharpened-rotated2.png|train/benign/benign (276)-sharpened-sharpened.png|train/benign/benign (276)-sharpened.jpg|train/benign/benign (276)-sharpened.png|train/benign/benign (276).png,5f57b19fb062b46b2236b0ee8487b32c|98729e107c573e8cf893754feeb8dd55|14968a44ed54f757ee7ddcfb7048c15a|1eba6ea53735557963352da6113a129e|683989e6b5a1cd1fa56290d3417556dc|e0904df5b19a2855fad33102a8ab3e99|e20404651e010ea213a6032c63451d14|1049a7d9e729aee9de99b7f2c9864113|6c8e57b0faeec57aa487d8c650026415|0512034486ab9e1aba0052a2723048ed|61d54e246748c1bb4c23836e8e225f40|0b3d5161801d3cdab3852232ac333ab2|2c130d24fc800cb128bf7fa77d459315|b9ba6148e7532a2107f1bea3ffce0df7|0d4b4cb37fcc12d5abd315fdf067bf2e|9888442ca7e5405913673777f30daca7,benign (276),inferred_from_filename_not_verified_identifier,train,False,train/benign/benign (276).png
bag-ff1fd4a8f77b,grp-ff1fd4a8f77b,malignant,21,train/malignant/malignant (133)-rotated1-rotated1.png|train/malignant/malignant (133)-rotated1-rotated2.png|train/malignant/malignant (133)-rotated1-rotated32.png|train/malignant/malignant (133)-rotated1-sharpened.png|train/malignant/malignant (133)-rotated1.png|train/malignant/malignant (133)-rotated2-rotated1.png|train/malignant/malignant (133)-rotated2-rotated2.png|train/malignant/malignant (133)-rotated2-rotated32.png|train/malignant/malignant (133)-rotated2-sharpened.png|train/malignant/malignant (133)-rotated2.png|train/malignant/malignant (133)-rotated32-rotated1.png|train/malignant/malignant (133)-rotated32-rotated2.png|train/malignant/malignant (133)-rotated32-rotated32.png|train/malignant/malignant (133)-rotated32-sharpened.png|train/malignant/malignant (133)-rotated32.png|train/malignant/malignant (133)-sharpened-rotated1.png|train/malignant/malignant (133)-sharpened-rotated2.png|train/malignant/malignant (133)-sharpened-rotated32.png|train/malignant/malignant (133)-sharpened-sharpened.png|train/malignant/malignant (133)-sharpened.png|train/malignant/malignant (133).png,3a5e006ad5f25f41a2b0606773fa0b5d|baa7ebc4a7bdf457258b9447e139b264|3ad3ba2d1149c79e61f2afa7496bcea3|5107b236b10c4f15e0eac24cb11a7c6b|5758f5bc69d750c90a6ca050432dbf21|37d6329e6947c7a92aea13dab8457b83|84c546b87057153efe9affd4e80cc68f|8c652c88fa14b2b1ce2b6a9638729721|8c5a710456e47f9bff177f729e6e5e95|c75204d81010246c592cf08748553edc|ebfe9accfa04c113103bd8cbba3b6d9b|89b0a1183a73aa7b9496cfb9284614ab|c585bea8a414051a2854fd1c5d447fdf|1cbbe807e594aa3ec14b842fad17469e|7cd88eb758e6128daa4a773b20081edb|8a69e42692e68e58c68094120e7fc7c3|448e35803d754273bc48dac3387b2f5d|9512a10b6f1e1c8bd7327eb159243010|ec0678ef1e7f3f47ceb9b9cd33fa4be7|8c5a710456e47f9bff177f729e6e5e95|86c82f826e04a02a351034745136971e,malignant (133),inferred_from_filename_not_verified_identifier,train,False,train/malignant/malignant (133).png
bag-ff5e4abf68f1,grp-ff5e4abf68f1,benign,16,train/benign/benign (128)-rotated1-rotated1.png|train/benign/benign (128)-rotated1-rotated2.png|train/benign/benign (128)-rotated1-sharpened.png|train/benign/benign (128)-rotated1.jpg|train/benign/benign (128)-rotated1.png|train/benign/benign (128)-rotated2-rotated1.png|train/benign/benign (128)-rotated2-rotated2.png|train/benign/benign (128)-rotated2-sharpened.png|train/benign/benign (128)-rotated2.jpg|train/benign/benign (128)-rotated2.png|train/benign/benign (128)-sharpened-rotated1.png|train/benign/benign (128)-sharpened-rotated2.png|train/benign/benign (128)-sharpened-sharpened.png|train/benign/benign (128)-sharpened.jpg|train/benign/benign (128)-sharpened.png|train/benign/benign (128).png,da2f8e4cc6e10580f5103d3e05d578bf|376ac1b16a57f5d4461f3ef655698ae6|4be511ac1daad178d2ee6c3fd7be8327|29f038481f490cd82f60c5001f5681e6|4adb387a965ebd4ffe3c806d188d235b|0670023a7d21329a5a47ff8b5abfbe98|360153c84c3092e13a45110f41a2a56d|228bfc7f6253fb08198cc39333070932|f03eeb2d95055e4ce32a63b0a89c4527|b345afaf8bb27f61e7e06a1fb47e86e9|7754187b8915d6a6de6c3ed5811d247d|b5b5ce874e04e1e86b7c5c7c1b5d23fd|2c2f61867365f901ee947e3e1e3b281b|2015aa96cbc1f8468ee23241877676cb|6a335d35c60068cce2afcb3d9d19db6c|841e2ebb855e075395a0ce77edf992f8,benign (128),inferred_from_filename_not_verified_identifier,train,False,train/benign/benign (128).png
